{
  "version": "0.1",
  "id": "train",
  "targetURL": "http://172.16.11.61:8000/Forms/HR/PXSQ/Processing.aspx?SN=7F1887BFC775777E40462209C765888A&Guid=47b9c2f9-fe37-401c-a176-40a28dc41781",
  "jsFile": "index.js",
  "chineseName": "培训申请单",
  "description": "",
  "firstPaintEnable": false,
  "controls": {
    "control122_uanXTH": {
      "location": {
        "data": {
          "tagName": "H1"
        },
        "locators": [
          {
            "id": "@id/word",
            "prob": 2,
            "value": [
              "descendant::FORM[@id=\"aspnetForm\"]/DIV[3]/DIV[1]/H1[1]",
              "descendant::FORM[@id=\"aspnetForm\"]//H1"
            ]
          },
          {
            "id": "@class/word",
            "prob": 1,
            "value": "DIV.big-form.page-shadow DIV.top H1"
          },
          {
            "id": "path/ordinal",
            "prob": 1,
            "value": "/HTML[1]/BODY[1]/FORM[1]/DIV[3]/DIV[1]/H1[1]"
          }
        ]
      },
      "events": {
        "onGetData": "getData_control122_uanXTH"
      },
      "intendedRole": "custom",
      "roles": "element,custom",
      "monitored": false,
      "frameXPath": "",
      "componentType": "custom"
    }
  },
  "contexts": {
    "context16_Kn6Bzh": {
      "controls": [
        "control122_uanXTH"
      ],
      "anchors": [],
      "urlAnchor": [
        "http:\\/\\/172\\.16\\.11\\.61:8000\\/Forms/HR\\/PXSQ\\/Processing\\.aspx\\?.*"
      ]
    }
  },
  "flows": {
    "flow37_9BU2tE": {
      "toContexts": [
        {
          "toContextId": "context16_Kn6Bzh"
        }
      ]
    }
  },
  "pages": {
    "page16_5pygzR": {
      "contextId": "context16_Kn6Bzh",
      "layout": [
        {
          "id": "uiControl122_maLROt",
          "controlId": "control122_uanXTH",
          "display": {
            "adapterId": "custom",
            "type": "custom",
            "adapter": {
              "templateType": "react",
              "events": {
                "onDoAction": "doAction_uiControl122_maLROt",
                "onGetTemplate": "getTemplate_uiControl122_maLROt"
              }
            }
          }
        }
      ]
    }
  },
  "matchers": {
    "page/title": {
      "contexts": {
        "context16_Kn6Bzh": [
          "培训申请单 - 审批页"
        ]
      }
    },
    "page/urls": {
      "contexts": {
        "context16_Kn6Bzh": [
          "172.16.11.61:8000/Forms/HR/PXSQ/Processing.aspx?SN=7F1887BFC775777E40462209C765888A&Guid=47b9c2f9-fe37-401c-a176-40a28dc41781"
        ]
      }
    },
    "page/ids": {
      "contexts": {
        "context16_Kn6Bzh": [
          [
            "AppUsersDiv",
            "__EVENTARGUMENT",
            "__EVENTTARGET",
            "__SCROLLPOSITIONX",
            "__SCROLLPOSITIONY",
            "__VIEWSTATE",
            "_myDP",
            "approveMemo",
            "aspnetForm",
            "btnAddLink",
            "btnFileUpload",
            "ctl_ActionBar_Action",
            "ctl_ActionBar_ActionName",
            "ctl_ActionBar_AddApproval",
            "ctl_ActionBar_AddApprover",
            "ctl_ActionBar_AddApproverName",
            "ctl_ActionBar_Approval",
            "ctl_ActionBar_GotoActivityName",
            "ctl_ActionBar_IsReturnBack",
            "ctl_ActionBar_Reject",
            "ctl_ActionBar_UserAction",
            "ctl_ActionBar_WorkFlow",
            "ctl_ActionBar_btnAddApprover",
            "ctl_ActionBar_btnApprove",
            "ctl_ActionBar_btnClose",
            "ctl_ActionBar_btnInform",
            "ctl_ActionBar_btnRedirect",
            "ctl_ActionBar_btnReject",
            "ctl_ActionBar_btnWorkFlow",
            "ctl_ActionBar_hidJBAffirm",
            "ctl_ApproveControl_lblActivityName",
            "ctl_ApproveControl_txtMemo",
            "ctl_Attachment_fileUpload",
            "ctl_Attachment_hfActivityName",
            "ctl_Attachment_hfGuid",
            "ctl_Attachment_hfIsStart",
            "ctl_Attachment_hfUserLoginName",
            "ctl_Header_hidFlag",
            "ctl_Header_txtCompanyName",
            "ctl_Header_txtDate",
            "ctl_Header_txtDepartName",
            "ctl_Header_txtEmail",
            "ctl_Header_txtPhone",
            "ctl_Header_txtUserName",
            "ctl_LinkedProcInst_hfGuid",
            "ctl_LinkedProcInst_hfStart",
            "ctl_LinkedProcInst_hfUserLoginName",
            "ctl_btnSubmit",
            "ctl_contentForm_P",
            "ctl_contentForm_rbtn_oneself",
            "ctl_contentForm_rbtn_project",
            "ctl_contentForm_txt_DollarsBonus",
            "ctl_contentForm_txt_EndTime",
            "ctl_contentForm_txt_PercapitaDollarsBonus",
            "ctl_contentForm_txt_PercapitaResourcePurchase",
            "ctl_contentForm_txt_PercapitaTableMoney",
            "ctl_contentForm_txt_PercapitaTotal",
            "ctl_contentForm_txt_PercapitaTravelCharge",
            "ctl_contentForm_txt_Remark",
            "ctl_contentForm_txt_ResourcePurchase",
            "ctl_contentForm_txt_StartTime",
            "ctl_contentForm_txt_TableMoney",
            "ctl_contentForm_txt_Total",
            "ctl_contentForm_txt_TrainAddress",
            "ctl_contentForm_txt_TrainAim",
            "ctl_contentForm_txt_TrainLevel",
            "ctl_contentForm_txt_TrainNature",
            "ctl_contentForm_txt_TrainNumber",
            "ctl_contentForm_txt_TrainShape",
            "ctl_contentForm_txt_TrainTitle",
            "ctl_contentForm_txt_TrainType",
            "ctl_contentForm_txt_TravelCharge",
            "fileAttachment",
            "filePanel",
            "file_upload_form",
            "hdActivityName",
            "hdGuid",
            "hdUserLoginName",
            "person_infor",
            "person_infor_trigger",
            "tb_AttachmentList",
            "tb_List",
            "uploadDiv",
            "upload_target"
          ]
        ]
      }
    },
    "page/classes": {
      "contexts": {
        "context16_Kn6Bzh": [
          [
            "action-area",
            "aui_border",
            "aui_buttons",
            "aui_c",
            "aui_close",
            "aui_content",
            "aui_dialog",
            "aui_e",
            "aui_footer",
            "aui_header",
            "aui_icon",
            "aui_iconBg",
            "aui_inner",
            "aui_main",
            "aui_n",
            "aui_ne",
            "aui_nw",
            "aui_outer",
            "aui_s",
            "aui_se",
            "aui_sw",
            "aui_title",
            "aui_titleBar",
            "aui_w",
            "ax",
            "bar-code-rightcorner",
            "big-form",
            "btn",
            "clear",
            "col",
            "col-",
            "fileUpload",
            "font-lightgrey",
            "font-red",
            "font-xxl",
            "form-wrapper",
            "gb",
            "green",
            "grey",
            "icon-cloud-download",
            "icon-paper-clip",
            "layout-data",
            "layout-form",
            "logo-leftcorner",
            "meno",
            "mt-s",
            "none_edit",
            "p-explain",
            "page-shadow",
            "pz",
            "red",
            "shadow",
            "size-l",
            "size-s",
            "swich_btn",
            "title",
            "tj",
            "top",
            "ufoot"
          ],
          [
            "action-area",
            "aui_border",
            "aui_buttons",
            "aui_c",
            "aui_close",
            "aui_content",
            "aui_dialog",
            "aui_e",
            "aui_footer",
            "aui_header",
            "aui_icon",
            "aui_iconBg",
            "aui_inner",
            "aui_loading",
            "aui_main",
            "aui_n",
            "aui_ne",
            "aui_nw",
            "aui_outer",
            "aui_s",
            "aui_se",
            "aui_state_focus",
            "aui_sw",
            "aui_title",
            "aui_titleBar",
            "aui_w",
            "ax",
            "bar-code-rightcorner",
            "big-form",
            "btn",
            "clear",
            "col",
            "col-",
            "fileUpload",
            "font-lightgrey",
            "font-red",
            "font-xxl",
            "form-wrapper",
            "gb",
            "green",
            "grey",
            "icon-cloud-download",
            "icon-paper-clip",
            "layout-data",
            "layout-form",
            "logo-leftcorner",
            "meno",
            "mt-s",
            "none_edit",
            "p-explain",
            "page-shadow",
            "pz",
            "red",
            "shadow",
            "size-l",
            "size-s",
            "swich_btn",
            "title",
            "tj",
            "top",
            "ufoot"
          ]
        ]
      }
    },
    "page/tagTriplets": {
      "contexts": {
        "context16_Kn6Bzh": [
          [
            "-/-/DIV",
            "-/-/FORM",
            "-/-/IFRAME",
            "-/-/SCRIPT",
            "-/DIV/DIV",
            "-/DIV/IFRAME",
            "-/FORM/DIV",
            "-/FORM/INPUT-hidden",
            "-/FORM/SCRIPT",
            "-/FORM/SPAN",
            "DIV/DIV/A",
            "DIV/DIV/BR",
            "DIV/DIV/BUTTON",
            "DIV/DIV/DIV",
            "DIV/DIV/H1",
            "DIV/DIV/IMG",
            "DIV/DIV/INPUT-hidden",
            "DIV/DIV/INPUT-submit",
            "DIV/DIV/INPUT-text",
            "DIV/DIV/P",
            "DIV/DIV/SPAN",
            "DIV/DIV/TABLE",
            "DIV/H1/BR",
            "DIV/H1/SPAN",
            "DIV/P/BR",
            "DIV/P/STRONG",
            "DIV/SPAN/INPUT-file",
            "DIV/TABLE/TBODY",
            "DIV/TABLE/THEAD",
            "DIV/UL/LI",
            "FORM/DIV/BR",
            "FORM/DIV/BUTTON",
            "FORM/DIV/DIV",
            "FORM/DIV/INPUT-hidden",
            "FORM/DIV/SCRIPT",
            "FORM/DIV/TABLE",
            "FORM/DIV/UL",
            "LI/SPAN/A",
            "TABLE/TBODY/TR",
            "TABLE/THEAD/TR",
            "TBODY/TR/TD",
            "TBODY/TR/TH",
            "TD/A/I",
            "TD/DIV/A",
            "TD/DIV/DIV",
            "TD/DIV/TABLE",
            "TD/SPAN/INPUT-radio",
            "TD/SPAN/TEXTAREA",
            "THEAD/TR/TH",
            "TR/TD/A",
            "TR/TD/BR",
            "TR/TD/DIV",
            "TR/TD/I",
            "TR/TD/INPUT-text",
            "TR/TD/LABEL",
            "TR/TD/P",
            "TR/TD/SPAN",
            "TR/TD/TABLE",
            "TR/TD/TEXTAREA",
            "UL/LI/SPAN"
          ]
        ]
      }
    }
  }
}