{
  "version": "0.1",
  "id": "routechange",
  "targetURL": "http://172.16.11.61:9992/Forms/KZ/LXBG/Processing.aspx?SN=393BE38DB768D40C03DD6F3C905331A3&Guid=647a40ef-9911-4d3e-b72d-33cb72260728",
  "jsFile": "index.js",
  "chineseName": "待办路线变更流程",
  "description": "",
  "firstPaintEnable": false,
  "controls": {
    "control247_0cT93o": {
      "location": {
        "data": {
          "tagName": "H1"
        },
        "userData": {
          "data": [],
          "force": false
        },
        "locators": [
          {
            "id": "@id/partialWord",
            "prob": 1,
            "disabled": true,
            "value": {
              "elemId": "form1",
              "tagName": "FORM",
              "prefix": "",
              "suffix": "/DIV[3]/DIV[1]/H1[1]",
              "ratio": 0.798
            }
          },
          {
            "id": "@class/word",
            "prob": 1,
            "value": "DIV.big-form.page-shadow DIV.top H1"
          },
          {
            "id": "path/ordinal",
            "prob": 1,
            "value": "/HTML[1]/BODY[1]/FORM[1]/DIV[3]/DIV[1]/H1[1]"
          }
        ]
      },
      "events": {
        "onGetData": "getData_control247_0cT93o"
      },
      "intendedRole": "custom",
      "roles": "element,custom",
      "monitored": true,
      "frameXPath": "",
      "componentType": "custom"
    },
    "control248_9T5bGe": {
      "location": {
        "data": {
          "tagName": "DIV"
        },
        "userData": {
          "data": [],
          "force": false
        },
        "locators": [
          {
            "id": "@id/word",
            "prob": 3,
            "value": "descendant::DIV[@id=\"person_infor\"]"
          },
          {
            "id": "@class/word",
            "prob": 1,
            "value": "DIV.big-form.page-shadow DIV.show"
          },
          {
            "id": "path/ordinal",
            "prob": 1,
            "value": "/HTML[1]/BODY[1]/FORM[1]/DIV[3]/DIV[5]"
          }
        ]
      },
      "events": {
        "onGetData": "getData_control248_9T5bGe"
      },
      "intendedRole": "custom",
      "roles": "element,custom",
      "ignoreVisibility": true,
      "monitored": true,
      "frameXPath": "",
      "componentType": "custom"
    },
    "control249_RDARgW": {
      "location": {
        "data": {
          "tagName": "DIV"
        },
        "userData": {
          "data": [],
          "force": false
        },
        "locators": [
          {
            "id": "@class/word",
            "prob": 1,
            "ordinal": [
              2,
              8
            ],
            "value": "DIV.big-form.page-shadow DIV.form-wrapper"
          },
          {
            "id": "path/ordinal",
            "prob": 1,
            "value": "/HTML[1]/BODY[1]/FORM[1]/DIV[3]/DIV[7]/DIV[3]"
          }
        ]
      },
      "events": {
        "onGetData": "getData_control249_RDARgW"
      },
      "intendedRole": "custom",
      "roles": "element,custom",
      "monitored": true,
      "frameXPath": "",
      "componentType": "custom"
    },
    "control250_b2sBL0": {
      "location": {
        "data": {
          "tagName": "UL"
        },
        "userData": {
          "data": [],
          "force": false
        },
        "locators": [
          {
            "id": "@id/partialWord",
            "prob": 1,
            "disabled": true,
            "value": {
              "elemId": "form1",
              "tagName": "FORM",
              "prefix": "",
              "suffix": "/DIV[5]/UL[1]",
              "ratio": 0.798
            }
          },
          {
            "id": "@class/word",
            "prob": 1,
            "value": "DIV.ufoot UL.ax"
          },
          {
            "id": "path/ordinal",
            "prob": 1,
            "value": "/HTML[1]/BODY[1]/FORM[1]/DIV[5]/UL[1]"
          }
        ]
      },
      "events": {
        "onGetData": "getData_control250_b2sBL0"
      },
      "intendedRole": "custom",
      "roles": "element,custom",
      "monitored": true,
      "frameXPath": "",
      "componentType": "custom"
    },
    "control251_ba78ts": {
      "location": {
        "data": {
          "tagName": "DIV"
        },
        "userData": {
          "data": [],
          "force": false
        },
        "locators": [
          {
            "id": "@class/word",
            "prob": 1,
            "ordinal": [
              3,
              8
            ],
            "value": "DIV.big-form.page-shadow DIV.form-wrapper"
          },
          {
            "id": "path/ordinal",
            "prob": 1,
            "value": "/HTML[1]/BODY[1]/FORM[1]/DIV[3]/DIV[7]/DIV[6]"
          }
        ]
      },
      "events": {
        "onGetData": "getData_control251_ba78ts"
      },
      "intendedRole": "custom",
      "roles": "element,custom",
      "monitored": true,
      "frameXPath": "",
      "componentType": "custom"
    },
    "control252_mDa5pi": {
      "location": {
        "data": {
          "tagName": "DIV"
        },
        "userData": {
          "data": [],
          "force": false
        },
        "locators": [
          {
            "id": "@class/word",
            "prob": 1,
            "ordinal": [
              4,
              8
            ],
            "value": "DIV.big-form.page-shadow DIV.form-wrapper"
          },
          {
            "id": "path/ordinal",
            "prob": 1,
            "value": "/HTML[1]/BODY[1]/FORM[1]/DIV[3]/DIV[7]/DIV[9]"
          }
        ]
      },
      "events": {
        "onGetData": "getData_control252_mDa5pi"
      },
      "intendedRole": "custom",
      "roles": "element,custom",
      "monitored": true,
      "frameXPath": "",
      "componentType": "custom"
    },
    "control253_GxBT2x": {
      "location": {
        "data": {
          "tagName": "DIV"
        },
        "userData": {
          "data": [],
          "force": false
        },
        "locators": [
          {
            "id": "@id/partialWord",
            "prob": 1,
            "disabled": true,
            "value": {
              "elemId": "form1",
              "tagName": "FORM",
              "prefix": "",
              "suffix": "/DIV[3]/DIV[11]",
              "ratio": 0.798
            }
          },
          {
            "id": "@class/word",
            "prob": 1,
            "ordinal": [
              5,
              8
            ],
            "value": "DIV.big-form.page-shadow DIV.form-wrapper"
          },
          {
            "id": "path/ordinal",
            "prob": 1,
            "value": "/HTML[1]/BODY[1]/FORM[1]/DIV[3]/DIV[11]"
          }
        ]
      },
      "events": {
        "onGetData": "getData_control253_GxBT2x"
      },
      "intendedRole": "custom",
      "roles": "element,custom",
      "monitored": true,
      "frameXPath": "",
      "componentType": "custom"
    },
    "control254_FKUunm": {
      "location": {
        "data": {
          "tagName": "DIV"
        },
        "userData": {
          "data": [],
          "force": false
        },
        "locators": [
          {
            "id": "@class/word",
            "prob": 1,
            "ordinal": [
              6,
              8
            ],
            "value": "DIV.big-form.page-shadow DIV.form-wrapper"
          },
          {
            "id": "path/ordinal",
            "prob": 1,
            "value": "/HTML[1]/BODY[1]/FORM[1]/DIV[3]/DIV[12]/DIV[2]"
          }
        ]
      },
      "events": {
        "onGetData": "getData_control254_FKUunm"
      },
      "intendedRole": "custom",
      "roles": "element,custom",
      "monitored": true,
      "frameXPath": "",
      "componentType": "custom"
    },
    "control255_oQJtdn": {
      "location": {
        "data": {
          "tagName": "TABLE"
        },
        "userData": {
          "data": [],
          "force": false
        },
        "locators": [
          {
            "id": "@id/partialWord",
            "prob": 1,
            "disabled": true,
            "value": {
              "elemId": "form1",
              "tagName": "FORM",
              "prefix": "",
              "suffix": "/DIV[3]/TABLE[2]",
              "ratio": 0.798
            }
          },
          {
            "id": "@class/word",
            "prob": 1,
            "ordinal": [
              1,
              3
            ],
            "value": "DIV.big-form.page-shadow TABLE.layout-data"
          },
          {
            "id": "path/ordinal",
            "prob": 1,
            "value": "/HTML[1]/BODY[1]/FORM[1]/DIV[3]/TABLE[2]"
          }
        ]
      },
      "events": {
        "onGetData": "getData_control255_oQJtdn"
      },
      "intendedRole": "custom",
      "roles": "element,custom",
      "monitored": true,
      "frameXPath": "",
      "componentType": "custom"
    },
    "control256_1H9qr3": {
      "location": {
        "data": {
          "tagName": "TABLE"
        },
        "userData": {
          "data": [],
          "force": false
        },
        "locators": [
          {
            "id": "@id/partialWord",
            "prob": 1,
            "disabled": true,
            "value": {
              "elemId": "form1",
              "tagName": "FORM",
              "prefix": "",
              "suffix": "/DIV[3]/TABLE[3]",
              "ratio": 0.798
            }
          },
          {
            "id": "@class/word",
            "prob": 1,
            "ordinal": [
              2,
              3
            ],
            "value": "DIV.big-form.page-shadow TABLE.layout-data"
          },
          {
            "id": "path/ordinal",
            "prob": 1,
            "value": "/HTML[1]/BODY[1]/FORM[1]/DIV[3]/TABLE[3]"
          }
        ]
      },
      "events": {
        "onGetData": "getData_control256_1H9qr3"
      },
      "intendedRole": "custom",
      "roles": "element,custom",
      "monitored": true,
      "frameXPath": "",
      "componentType": "custom"
    },
    "control257_gG9k28": {
      "location": {
        "data": {
          "tagName": "DIV"
        },
        "userData": {
          "data": [],
          "force": false
        },
        "locators": [
          {
            "id": "@id/partialWord",
            "prob": 1,
            "disabled": true,
            "value": {
              "elemId": "form1",
              "tagName": "FORM",
              "prefix": "",
              "suffix": "/DIV[3]/DIV[26]",
              "ratio": 0.798
            }
          },
          {
            "id": "@class/word",
            "prob": 1,
            "ordinal": [
              7,
              8
            ],
            "value": "DIV.big-form.page-shadow DIV.form-wrapper"
          },
          {
            "id": "path/ordinal",
            "prob": 1,
            "value": "/HTML[1]/BODY[1]/FORM[1]/DIV[3]/DIV[26]"
          }
        ]
      },
      "events": {
        "onGetData": "getData_control257_gG9k28"
      },
      "intendedRole": "custom",
      "roles": "element,custom",
      "monitored": true,
      "frameXPath": "",
      "componentType": "custom"
    }
  },
  "contexts": {
    "context31_cTTiNK": {
      "controls": [
        "control247_0cT93o",
        "control248_9T5bGe",
        "control249_RDARgW",
        "control250_b2sBL0",
        "control251_ba78ts",
        "control252_mDa5pi",
        "control253_GxBT2x",
        "control254_FKUunm",
        "control255_oQJtdn",
        "control256_1H9qr3",
        "control257_gG9k28"
      ],
      "anchors": [],
      "urlAnchor": [
        "http:\\/\\/172\\.16\\.11\\.61:9992\\/Forms\\/KZ\\/LXBG\\/Processing\\.aspx\\?.*"
      ]
    }
  },
  "flows": {
    "flow76_RbccOz": {
      "toContexts": [
        {
          "toContextId": "context31_cTTiNK"
        }
      ]
    },
    "flow77_9I8wOm": {
      "fromContextId": "context31_cTTiNK",
      "fromAction": "doAction",
      "fromControlId": "control255_oQJtdn",
      "toContexts": [
        {
          "toContextId": "context31_cTTiNK"
        }
      ]
    }
  },
  "pages": {
    "page31_tbfCpb": {
      "contextId": "context31_cTTiNK",
      "layout": [
        {
          "id": "uiControl247_prrMlJ",
          "controlId": "control247_0cT93o",
          "display": {
            "adapterId": "custom",
            "type": "custom",
            "adapter": {
              "templateType": "react",
              "events": {
                "onDoAction": "doAction_uiControl247_prrMlJ",
                "onGetTemplate": "getTemplate_uiControl247_prrMlJ"
              }
            }
          }
        },
        {
          "id": "uiControl248_tBT7Xn",
          "controlId": "control248_9T5bGe",
          "display": {
            "adapterId": "custom",
            "type": "custom",
            "adapter": {
              "templateType": "react",
              "events": {
                "onDoAction": "doAction_uiControl248_tBT7Xn",
                "onGetTemplate": "getTemplate_uiControl248_tBT7Xn"
              }
            }
          }
        },
        {
          "id": "uiControl249_yiqOVe",
          "controlId": "control249_RDARgW",
          "display": {
            "adapterId": "custom",
            "type": "custom",
            "adapter": {
              "templateType": "react",
              "events": {
                "onDoAction": "doAction_uiControl249_yiqOVe",
                "onGetTemplate": "getTemplate_uiControl249_yiqOVe"
              }
            }
          }
        },
        {
          "id": "uiControl251_RMDfUu",
          "controlId": "control251_ba78ts",
          "display": {
            "adapterId": "custom",
            "type": "custom",
            "adapter": {
              "templateType": "react",
              "events": {
                "onDoAction": "doAction_uiControl251_RMDfUu",
                "onGetTemplate": "getTemplate_uiControl251_RMDfUu"
              }
            }
          }
        },
        {
          "id": "uiControl252_rapv1g",
          "controlId": "control252_mDa5pi",
          "display": {
            "adapterId": "custom",
            "type": "custom",
            "adapter": {
              "templateType": "react",
              "events": {
                "onDoAction": "doAction_uiControl252_rapv1g",
                "onGetTemplate": "getTemplate_uiControl252_rapv1g"
              }
            }
          }
        },
        {
          "id": "uiControl253_3sdrSr",
          "controlId": "control253_GxBT2x",
          "display": {
            "adapterId": "custom",
            "type": "custom",
            "adapter": {
              "templateType": "react",
              "events": {
                "onDoAction": "doAction_uiControl253_3sdrSr",
                "onGetTemplate": "getTemplate_uiControl253_3sdrSr"
              }
            }
          }
        },
        {
          "id": "uiControl254_5f2FHx",
          "controlId": "control254_FKUunm",
          "display": {
            "adapterId": "custom",
            "type": "custom",
            "adapter": {
              "templateType": "react",
              "events": {
                "onDoAction": "doAction_uiControl254_5f2FHx",
                "onGetTemplate": "getTemplate_uiControl254_5f2FHx"
              }
            }
          }
        },
        {
          "id": "uiControl255_FO2BGT",
          "controlId": "control255_oQJtdn",
          "display": {
            "adapterId": "custom",
            "type": "custom",
            "adapter": {
              "templateType": "react",
              "events": {
                "onDoAction": "doAction_uiControl255_FO2BGT",
                "onGetTemplate": "getTemplate_uiControl255_FO2BGT"
              }
            }
          }
        },
        {
          "id": "uiControl256_1d52Pu",
          "controlId": "control256_1H9qr3",
          "display": {
            "adapterId": "custom",
            "type": "custom",
            "adapter": {
              "templateType": "react",
              "events": {
                "onDoAction": "doAction_uiControl256_1d52Pu",
                "onGetTemplate": "getTemplate_uiControl256_1d52Pu"
              }
            }
          }
        },
        {
          "id": "uiControl257_94qZLT",
          "controlId": "control257_gG9k28",
          "display": {
            "adapterId": "custom",
            "type": "custom",
            "adapter": {
              "templateType": "react",
              "events": {
                "onDoAction": "doAction_uiControl257_94qZLT",
                "onGetTemplate": "getTemplate_uiControl257_94qZLT"
              }
            }
          }
        },
        {
          "id": "uiControl250_IVkdEi",
          "controlId": "control250_b2sBL0",
          "display": {
            "adapterId": "custom",
            "type": "custom",
            "adapter": {
              "templateType": "react",
              "events": {
                "onDoAction": "doAction_uiControl250_IVkdEi",
                "onGetTemplate": "getTemplate_uiControl250_IVkdEi"
              }
            }
          }
        }
      ]
    }
  },
  "matchers": {
    "page/title": {
      "contexts": {
        "context31_cTTiNK": [
          "路线变更流程-审批页面"
        ]
      }
    },
    "page/urls": {
      "contexts": {
        "context31_cTTiNK": [
          "172.16.11.61:9992/Forms/KZ/LXBG/Processing.aspx?SN=393BE38DB768D40C03DD6F3C905331A3&Guid=647a40ef-9911-4d3e-b72d-33cb72260728"
        ]
      }
    },
    "page/ids": {
      "contexts": {
        "context31_cTTiNK": [
          [
            "ActionBar_Action",
            "ActionBar_ActionName",
            "ActionBar_AddApproval",
            "ActionBar_AddApprover",
            "ActionBar_AddApproverName",
            "ActionBar_Approval",
            "ActionBar_GotoActivityName",
            "ActionBar_IsReturnBack",
            "ActionBar_Reject",
            "ActionBar_UserAction",
            "ActionBar_WorkFlow",
            "ActionBar_btnAddApprover",
            "ActionBar_btnApprove",
            "ActionBar_btnClose",
            "ActionBar_btnRedirect",
            "ActionBar_btnReject",
            "ActionBar_btnWorkFlow",
            "ActionBar_hidJBAffirm",
            "ApproveControl_lblActivityName",
            "ApproveControl_p",
            "Attachment_fileUpload",
            "Attachment_hfActivityName",
            "Attachment_hfGuid",
            "Attachment_hfIsStart",
            "Attachment_hfUserLoginName",
            "Header_hidFlag",
            "Header_txtCompanyName",
            "Header_txtDate",
            "Header_txtDepartName",
            "Header_txtEmail",
            "Header_txtPhone",
            "Header_txtUserName",
            "LinkedProcInst_hfGuid",
            "LinkedProcInst_hfStart",
            "LinkedProcInst_hfUserLoginName",
            "__EVENTARGUMENT",
            "__EVENTTARGET",
            "__EVENTVALIDATION",
            "__VIEWSTATE",
            "_myDP",
            "approveMemo",
            "btnAddLink",
            "btnFileUpload",
            "btnSubmit",
            "contentForm_P",
            "contentForm_txt_ApplicantDeptName",
            "contentForm_txt_ApplyCompany",
            "contentForm_txt_ApplyEmployeeCode",
            "contentForm_txt_ApplyEmployeeName",
            "contentForm_txt_Ext",
            "contentForm_txt_InformName",
            "contentForm_txt_PARTNER_YD",
            "contentForm_txt_PARTNER_YDname",
            "contentForm_txt_ZZLAREADESC",
            "contentForm_txt_ZZLINE_DESC",
            "contentForm_txt_ZZLINE_XZ",
            "contentForm_txt_ZZMKTDESC",
            "contentForm_txt_ZZOFFDESC",
            "contentForm_txt_ZZPZDESC",
            "contentForm_txt_ZZROUTEDESC",
            "contentForm_txt_ZZSALAREADESC",
            "contentForm_txt_ZZSALEOFFDESC",
            "contentForm_txt_ZZSALROUT",
            "ctl_ApproveControl_txtMemo",
            "div",
            "fileAttachment",
            "filePanel",
            "file_upload_form",
            "form",
            "hdActivityName",
            "hdGuid",
            "hdUserLoginName",
            "person_infor",
            "person_infor_trigger",
            "tb_AttachmentList",
            "tb_List",
            "uploadDiv",
            "upload_target"
          ]
        ]
      }
    },
    "page/classes": {
      "contexts": {
        "context31_cTTiNK": [
          [
            "action-area",
            "aspNetHidden",
            "aui_border",
            "aui_buttons",
            "aui_c",
            "aui_close",
            "aui_content",
            "aui_dialog",
            "aui_e",
            "aui_footer",
            "aui_header",
            "aui_icon",
            "aui_iconBg",
            "aui_inner",
            "aui_main",
            "aui_n",
            "aui_ne",
            "aui_nw",
            "aui_outer",
            "aui_s",
            "aui_se",
            "aui_sw",
            "aui_title",
            "aui_titleBar",
            "aui_w",
            "ax",
            "bar-code-rightcorner",
            "big-form",
            "btn",
            "clear",
            "col",
            "col-",
            "fileUpload",
            "font-lightgrey",
            "font-red",
            "font-xxl",
            "form-wrapper",
            "gb",
            "green",
            "grey",
            "labelwidth",
            "layout-data",
            "layout-form",
            "logo-leftcorner",
            "meno",
            "mt-s",
            "none_edit",
            "p-explain",
            "page-shadow",
            "pz",
            "red",
            "required",
            "shadow",
            "size-l",
            "size-s",
            "swich_btn",
            "title",
            "tj",
            "top",
            "ufoot"
          ],
          [
            "action-area",
            "active",
            "aspNetHidden",
            "aui_border",
            "aui_buttons",
            "aui_c",
            "aui_close",
            "aui_content",
            "aui_dialog",
            "aui_e",
            "aui_footer",
            "aui_header",
            "aui_icon",
            "aui_iconBg",
            "aui_inner",
            "aui_main",
            "aui_n",
            "aui_ne",
            "aui_nw",
            "aui_outer",
            "aui_s",
            "aui_se",
            "aui_sw",
            "aui_title",
            "aui_titleBar",
            "aui_w",
            "ax",
            "bar-code-rightcorner",
            "big-form",
            "btn",
            "clear",
            "col",
            "col-",
            "fileUpload",
            "font-lightgrey",
            "font-red",
            "font-xxl",
            "form-wrapper",
            "gb",
            "green",
            "grey",
            "labelwidth",
            "layout-data",
            "layout-form",
            "logo-leftcorner",
            "meno",
            "mt-s",
            "none_edit",
            "p-explain",
            "page-shadow",
            "pz",
            "red",
            "required",
            "shadow",
            "show",
            "size-l",
            "size-s",
            "swich_btn",
            "title",
            "tj",
            "top",
            "ufoot"
          ],
          [
            "action-area",
            "aspNetHidden",
            "aui_border",
            "aui_buttons",
            "aui_c",
            "aui_close",
            "aui_content",
            "aui_dialog",
            "aui_e",
            "aui_footer",
            "aui_header",
            "aui_icon",
            "aui_iconBg",
            "aui_inner",
            "aui_main",
            "aui_n",
            "aui_ne",
            "aui_nw",
            "aui_outer",
            "aui_s",
            "aui_se",
            "aui_sw",
            "aui_title",
            "aui_titleBar",
            "aui_w",
            "ax",
            "bar-code-rightcorner",
            "big-form",
            "btn",
            "clear",
            "col",
            "col-",
            "del",
            "fileUpload",
            "font-lightgrey",
            "font-red",
            "font-xxl",
            "form-wrapper",
            "gb",
            "green",
            "grey",
            "icon-cloud-download",
            "icon-paper-clip",
            "icon-trash",
            "labelwidth",
            "layout-data",
            "layout-form",
            "logo-leftcorner",
            "meno",
            "mt-s",
            "none_edit",
            "p-explain",
            "page-shadow",
            "pz",
            "red",
            "required",
            "shadow",
            "size-l",
            "size-s",
            "swich_btn",
            "title",
            "tj",
            "top",
            "ufoot"
          ]
        ]
      }
    },
    "page/tagTriplets": {
      "contexts": {
        "context31_cTTiNK": [
          [
            "-/-/DIV",
            "-/-/FORM",
            "-/-/IFRAME",
            "-/-/SCRIPT",
            "-/DIV/DIV",
            "-/DIV/IFRAME",
            "-/FORM/DIV",
            "-/FORM/INPUT-hidden",
            "-/FORM/SCRIPT",
            "-/FORM/SPAN",
            "DIV/DIV/A",
            "DIV/DIV/BR",
            "DIV/DIV/BUTTON",
            "DIV/DIV/DIV",
            "DIV/DIV/H1",
            "DIV/DIV/IMG",
            "DIV/DIV/INPUT-hidden",
            "DIV/DIV/INPUT-submit",
            "DIV/DIV/INPUT-text",
            "DIV/DIV/P",
            "DIV/DIV/SPAN",
            "DIV/DIV/TABLE",
            "DIV/H1/BR",
            "DIV/H1/SPAN",
            "DIV/P/BR",
            "DIV/P/STRONG",
            "DIV/SPAN/INPUT-file",
            "DIV/TABLE/TBODY",
            "DIV/TABLE/THEAD",
            "DIV/UL/LI",
            "FORM/DIV/BR",
            "FORM/DIV/BUTTON",
            "FORM/DIV/DIV",
            "FORM/DIV/INPUT-hidden",
            "FORM/DIV/SCRIPT",
            "FORM/DIV/TABLE",
            "FORM/DIV/UL",
            "LI/SPAN/A",
            "TABLE/TBODY/TR",
            "TABLE/THEAD/TR",
            "TBODY/TR/TD",
            "TBODY/TR/TH",
            "TD/DIV/A",
            "TD/DIV/DIV",
            "TD/DIV/TABLE",
            "TD/LABEL/SPAN",
            "TD/SPAN/TEXTAREA",
            "TD/TABLE/TBODY",
            "THEAD/TR/TH",
            "TR/TD/BR",
            "TR/TD/DIV",
            "TR/TD/IMG",
            "TR/TD/INPUT-text",
            "TR/TD/LABEL",
            "TR/TD/P",
            "TR/TD/SPAN",
            "TR/TD/TABLE",
            "UL/LI/SPAN"
          ],
          [
            "-/-/DIV",
            "-/-/FORM",
            "-/-/IFRAME",
            "-/-/SCRIPT",
            "-/DIV/DIV",
            "-/DIV/IFRAME",
            "-/FORM/DIV",
            "-/FORM/INPUT-hidden",
            "-/FORM/SCRIPT",
            "-/FORM/SPAN",
            "DIV/DIV/A",
            "DIV/DIV/BR",
            "DIV/DIV/BUTTON",
            "DIV/DIV/DIV",
            "DIV/DIV/H1",
            "DIV/DIV/IMG",
            "DIV/DIV/INPUT-hidden",
            "DIV/DIV/INPUT-submit",
            "DIV/DIV/INPUT-text",
            "DIV/DIV/P",
            "DIV/DIV/SPAN",
            "DIV/DIV/TABLE",
            "DIV/H1/BR",
            "DIV/H1/SPAN",
            "DIV/P/BR",
            "DIV/P/STRONG",
            "DIV/SPAN/INPUT-file",
            "DIV/TABLE/TBODY",
            "DIV/TABLE/THEAD",
            "DIV/UL/LI",
            "FORM/DIV/BR",
            "FORM/DIV/BUTTON",
            "FORM/DIV/DIV",
            "FORM/DIV/INPUT-hidden",
            "FORM/DIV/SCRIPT",
            "FORM/DIV/TABLE",
            "FORM/DIV/UL",
            "LI/SPAN/A",
            "TABLE/TBODY/TR",
            "TABLE/THEAD/TR",
            "TBODY/TR/TD",
            "TBODY/TR/TH",
            "TD/A/I",
            "TD/DIV/A",
            "TD/DIV/DIV",
            "TD/DIV/TABLE",
            "TD/LABEL/SPAN",
            "TD/SPAN/TEXTAREA",
            "TD/TABLE/TBODY",
            "THEAD/TR/TH",
            "TR/TD/A",
            "TR/TD/BR",
            "TR/TD/DIV",
            "TR/TD/I",
            "TR/TD/IMG",
            "TR/TD/INPUT-text",
            "TR/TD/LABEL",
            "TR/TD/P",
            "TR/TD/SPAN",
            "TR/TD/TABLE",
            "UL/LI/SPAN"
          ]
        ]
      }
    }
  }
}