{
  "version": "0.1",
  "id": "haveDoneMarketSupplies",
  "targetURL": "http://172.16.11.61:9992/Forms/DME/SCYPCG/View.aspx?ProcInstId=9F0FE3B60B9C5FB0",
  "jsFile": "index.js",
  "chineseName": "已办市场用品采购流程",
  "description": "已办市场用品采购流程",
  "firstPaintEnable": false,
  "controls": {
    "control334_T8g9hC": {
      "location": {
        "data": {
          "tagName": "H1"
        },
        "userData": {
          "data": [],
          "force": false
        },
        "locators": [
          {
            "id": "@id/partialWord",
            "prob": 1,
            "disabled": true,
            "value": {
              "elemId": "form1",
              "tagName": "FORM",
              "prefix": "",
              "suffix": "/DIV[3]/DIV[1]/H1[1]",
              "ratio": 0.839
            }
          },
          {
            "id": "@class/word",
            "prob": 1,
            "value": "BODY.formPage DIV.big-form.page-shadow DIV.top H1"
          },
          {
            "id": "path/ordinal",
            "prob": 1,
            "value": "/HTML[1]/BODY[1]/FORM[1]/DIV[3]/DIV[1]/H1[1]"
          }
        ]
      },
      "events": {
        "onGetData": "getData_control334_T8g9hC"
      },
      "intendedRole": "custom",
      "roles": "element,custom",
      "monitored": true,
      "frameXPath": "",
      "componentType": "custom"
    },
    "control335_wowQbt": {
      "location": {
        "data": {
          "tagName": "TABLE"
        },
        "userData": {
          "data": [],
          "force": false
        },
        "locators": [
          {
            "id": "@class/word",
            "prob": 1,
            "ordinal": [
              1,
              5
            ],
            "value": "DIV.big-form.page-shadow DIV.form-wrapper TABLE.layout-form"
          },
          {
            "id": "path/ordinal",
            "prob": 1,
            "value": "/HTML[1]/BODY[1]/FORM[1]/DIV[3]/DIV[9]/DIV[1]/DIV[1]/TABLE[1]"
          }
        ]
      },
      "events": {
        "onGetData": "getData_control335_wowQbt"
      },
      "intendedRole": "custom",
      "roles": "element,custom",
      "monitored": false,
      "frameXPath": "",
      "componentType": "custom"
    },
    "control336_z98BgG": {
      "location": {
        "data": {
          "tagName": "DIV"
        },
        "userData": {
          "data": [],
          "force": false
        },
        "locators": [
          {
            "id": "@id/word",
            "prob": 3,
            "value": "descendant::DIV[@id=\"person_infor\"]"
          },
          {
            "id": "@class/word",
            "prob": 1,
            "value": "BODY.formPage DIV.big-form.page-shadow DIV.show"
          },
          {
            "id": "path/ordinal",
            "prob": 1,
            "value": "/HTML[1]/BODY[1]/FORM[1]/DIV[3]/DIV[5]"
          }
        ]
      },
      "events": {
        "onGetData": "getData_control336_z98BgG"
      },
      "intendedRole": "custom",
      "roles": "element,custom",
      "ignoreVisibility": true,
      "monitored": true,
      "frameXPath": "",
      "componentType": "custom"
    },
    "control337_1RlJPz": {
      "location": {
        "data": {
          "tagName": "TABLE"
        },
        "userData": {
          "data": [],
          "force": false
        },
        "locators": [
          {
            "id": "@class/word",
            "prob": 1,
            "ordinal": [
              0,
              2
            ],
            "value": "DIV.big-form.page-shadow DIV.form-wrapper TABLE.layout-data.layout-form"
          },
          {
            "id": "path/ordinal",
            "prob": 1,
            "value": "/HTML[1]/BODY[1]/FORM[1]/DIV[3]/DIV[9]/DIV[1]/DIV[1]/TABLE[2]"
          }
        ]
      },
      "events": {
        "onGetData": "getData_control337_1RlJPz"
      },
      "intendedRole": "custom",
      "roles": "element,custom",
      "ignoreVisibility": true,
      "monitored": true,
      "frameXPath": "",
      "componentType": "custom"
    },
    "control338_ylgCfD": {
      "location": {
        "data": {
          "tagName": "TABLE"
        },
        "userData": {
          "data": [],
          "force": false
        },
        "locators": [
          {
            "id": "@class/word",
            "prob": 1,
            "ordinal": [
              1,
              2
            ],
            "value": "DIV.big-form.page-shadow DIV.form-wrapper TABLE.layout-data.layout-form"
          },
          {
            "id": "path/ordinal",
            "prob": 1,
            "value": "/HTML[1]/BODY[1]/FORM[1]/DIV[3]/DIV[9]/DIV[1]/DIV[1]/TABLE[3]"
          }
        ]
      },
      "events": {
        "onGetData": "getData_control338_ylgCfD"
      },
      "intendedRole": "custom",
      "roles": "element,custom",
      "ignoreVisibility": true,
      "monitored": true,
      "frameXPath": "",
      "componentType": "custom"
    },
    "control339_AMNOep": {
      "location": {
        "data": {
          "tagName": "TABLE"
        },
        "userData": {
          "data": [],
          "force": false
        },
        "locators": [
          {
            "id": "@id/partialWord",
            "prob": 1,
            "disabled": true,
            "value": {
              "elemId": "form1",
              "tagName": "FORM",
              "prefix": "",
              "suffix": "/DIV[3]/DIV[13]/TABLE[1]",
              "ratio": 0.839
            }
          },
          {
            "id": "@class/word",
            "prob": 1,
            "ordinal": [
              4,
              5
            ],
            "value": "DIV.big-form.page-shadow DIV.form-wrapper TABLE.layout-form"
          },
          {
            "id": "path/ordinal",
            "prob": 1,
            "value": "/HTML[1]/BODY[1]/FORM[1]/DIV[3]/DIV[13]/TABLE[1]"
          }
        ]
      },
      "events": {
        "onGetData": "getData_control339_AMNOep"
      },
      "intendedRole": "custom",
      "roles": "element,custom",
      "ignoreVisibility": true,
      "monitored": true,
      "frameXPath": "",
      "componentType": "custom"
    },
    "control340_X8RtrO": {
      "location": {
        "data": {
          "tagName": "TABLE"
        },
        "userData": {
          "data": [],
          "force": false
        },
        "locators": [
          {
            "id": "@class/word",
            "prob": 1,
            "ordinal": [
              6,
              7
            ],
            "value": "BODY.formPage DIV.big-form.page-shadow DIV.form-wrapper TABLE"
          },
          {
            "id": "path/ordinal",
            "prob": 1,
            "value": "/HTML[1]/BODY[1]/FORM[1]/DIV[3]/DIV[14]/DIV[2]/TABLE[1]"
          }
        ]
      },
      "events": {
        "onGetData": "getData_control340_X8RtrO"
      },
      "intendedRole": "custom",
      "roles": "element,custom",
      "ignoreVisibility": true,
      "monitored": true,
      "frameXPath": "",
      "componentType": "custom"
    },
    "control341_Z5fwzR": {
      "location": {
        "data": {
          "tagName": "TABLE"
        },
        "userData": {
          "data": [
            {
              "method": "selector",
              "value": "#tableAttachment"
            }
          ],
          "force": true
        },
        "locators": [
          {
            "id": "@id/partialWord",
            "prob": 1,
            "disabled": true,
            "value": {
              "elemId": "form1",
              "tagName": "FORM",
              "prefix": "",
              "suffix": "/DIV[3]/TABLE[2]",
              "ratio": 0.839
            }
          },
          {
            "id": "@class/word",
            "prob": 1,
            "ordinal": [
              3,
              5
            ],
            "value": "BODY.formPage DIV.big-form.page-shadow TABLE.layout-data"
          },
          {
            "id": "path/ordinal",
            "prob": 1,
            "value": "/HTML[1]/BODY[1]/FORM[1]/DIV[3]/TABLE[2]"
          }
        ]
      },
      "events": {
        "onGetData": "getData_control341_Z5fwzR"
      },
      "intendedRole": "custom",
      "roles": "element,custom",
      "ignoreVisibility": true,
      "monitored": true,
      "frameXPath": "",
      "componentType": "custom"
    },
    "control343_Fk2gOX": {
      "location": {
        "data": {
          "tagName": "A"
        },
        "userData": {
          "data": [],
          "force": false
        },
        "locators": [
          {
            "id": "a/@href",
            "prob": 2,
            "ordinal": [
              1,
              2
            ],
            "value": {
              "funcName": "__doPostBack"
            }
          },
          {
            "id": "@class/word",
            "prob": 1,
            "value": "DIV.ufoot UL.ax LI.gb SPAN A"
          },
          {
            "id": "path/ordinal",
            "prob": 1,
            "value": "/HTML[1]/BODY[1]/FORM[1]/DIV[5]/UL[1]/LI[2]/SPAN[1]/A[1]"
          },
          {
            "id": "elderLevel",
            "value": {
              "level": 0
            }
          }
        ]
      },
      "events": {
        "onGetData": "getData_control343_Fk2gOX"
      },
      "intendedRole": "custom",
      "roles": "element,link,custom",
      "ignoreVisibility": true,
      "monitored": true,
      "frameXPath": "",
      "componentType": "custom"
    },
    "control464_KnmozG": {
      "location": {
        "data": {
          "tagName": "TABLE"
        },
        "userData": {
          "data": [
            {
              "method": "selector",
              "value": "#tableComments"
            }
          ],
          "force": true
        },
        "locators": [
          {
            "id": "@id/partialWord",
            "prob": 1,
            "disabled": true,
            "value": {
              "elemId": "form1",
              "tagName": "FORM",
              "prefix": "",
              "suffix": "/DIV[3]/TABLE[3]",
              "ratio": 0.839
            }
          },
          {
            "id": "@class/word",
            "prob": 1,
            "ordinal": [
              4,
              5
            ],
            "value": "BODY.formPage DIV.big-form.page-shadow TABLE.layout-data"
          },
          {
            "id": "path/ordinal",
            "prob": 1,
            "value": "/HTML[1]/BODY[1]/FORM[1]/DIV[3]/TABLE[3]"
          }
        ]
      },
      "events": {
        "onGetData": "getData_control464_KnmozG"
      },
      "intendedRole": "custom",
      "roles": "element,custom",
      "monitored": true,
      "frameXPath": "",
      "componentType": "custom"
    }
  },
  "contexts": {
    "context40_WqRyXV": {
      "controls": [
        "control334_T8g9hC",
        "control335_wowQbt",
        "control336_z98BgG",
        "control337_1RlJPz",
        "control338_ylgCfD",
        "control339_AMNOep",
        "control340_X8RtrO",
        "control341_Z5fwzR",
        "control343_Fk2gOX",
        "control464_KnmozG"
      ],
      "anchors": [],
      "urlAnchor": [
        "http:\\/\\/172\\.16\\.11\\.61:9992\\/Forms\\/DME\\/SCYPCG\\/View\\.aspx"
      ]
    }
  },
  "flows": {
    "flow97_xTbKFT": {
      "toContexts": [
        {
          "toContextId": "context40_WqRyXV"
        }
      ]
    },
    "flow98_len0OW": {
      "fromContextId": "context40_WqRyXV",
      "fromAction": "doAction",
      "fromControlId": "control337_1RlJPz",
      "toContexts": [
        {
          "toContextId": "context40_WqRyXV"
        }
      ]
    },
    "flow99_a9K0gZ": {
      "fromContextId": "context40_WqRyXV",
      "fromAction": "doAction",
      "fromControlId": "control335_wowQbt",
      "toContexts": [
        {
          "toContextId": "context40_WqRyXV"
        }
      ]
    }
  },
  "pages": {
    "page40_3msFgG": {
      "contextId": "context40_WqRyXV",
      "layout": [
        {
          "id": "uiControl334_b4qvlh",
          "controlId": "control334_T8g9hC",
          "display": {
            "adapterId": "custom",
            "type": "custom",
            "adapter": {
              "templateType": "react",
              "events": {
                "onDoAction": "doAction_uiControl334_b4qvlh",
                "onGetTemplate": "getTemplate_uiControl334_b4qvlh"
              }
            }
          }
        },
        {
          "id": "uiControl336_gRlQMg",
          "controlId": "control336_z98BgG",
          "display": {
            "adapterId": "custom",
            "type": "custom",
            "adapter": {
              "templateType": "react",
              "events": {
                "onDoAction": "doAction_uiControl336_gRlQMg",
                "onGetTemplate": "getTemplate_uiControl336_gRlQMg"
              }
            }
          }
        },
        {
          "id": "uiControl335_uid6Ke",
          "controlId": "control335_wowQbt",
          "display": {
            "adapterId": "custom",
            "type": "custom",
            "adapter": {
              "templateType": "react",
              "events": {
                "onDoAction": "doAction_uiControl335_uid6Ke",
                "onGetTemplate": "getTemplate_uiControl335_uid6Ke"
              }
            }
          }
        },
        {
          "id": "uiControl337_FEpUXl",
          "controlId": "control337_1RlJPz",
          "display": {
            "adapterId": "custom",
            "type": "custom",
            "adapter": {
              "templateType": "react",
              "events": {
                "onDoAction": "doAction_uiControl337_FEpUXl",
                "onGetTemplate": "getTemplate_uiControl337_FEpUXl"
              }
            }
          }
        },
        {
          "id": "uiControl338_MrJrb7",
          "controlId": "control338_ylgCfD",
          "display": {
            "adapterId": "custom",
            "type": "custom",
            "adapter": {
              "templateType": "react",
              "events": {
                "onDoAction": "doAction_uiControl338_MrJrb7",
                "onGetTemplate": "getTemplate_uiControl338_MrJrb7"
              }
            }
          }
        },
        {
          "id": "uiControl339_n3E64G",
          "controlId": "control339_AMNOep",
          "display": {
            "adapterId": "custom",
            "type": "custom",
            "adapter": {
              "templateType": "react",
              "events": {
                "onDoAction": "doAction_uiControl339_n3E64G",
                "onGetTemplate": "getTemplate_uiControl339_n3E64G"
              }
            }
          }
        },
        {
          "id": "uiControl340_7SdDgZ",
          "controlId": "control340_X8RtrO",
          "display": {
            "adapterId": "custom",
            "type": "custom",
            "adapter": {
              "templateType": "react",
              "events": {
                "onDoAction": "doAction_uiControl340_7SdDgZ",
                "onGetTemplate": "getTemplate_uiControl340_7SdDgZ"
              }
            }
          }
        },
        {
          "id": "uiControl341_fWiAhE",
          "controlId": "control341_Z5fwzR",
          "display": {
            "adapterId": "custom",
            "type": "custom",
            "adapter": {
              "templateType": "react",
              "events": {
                "onDoAction": "doAction_uiControl341_fWiAhE",
                "onGetTemplate": "getTemplate_uiControl341_fWiAhE"
              }
            }
          }
        },
        {
          "id": "uiControl464_SQdnQk",
          "controlId": "control464_KnmozG",
          "display": {
            "adapterId": "custom",
            "type": "custom",
            "adapter": {
              "templateType": "react",
              "events": {
                "onDoAction": "doAction_uiControl464_SQdnQk",
                "onGetTemplate": "getTemplate_uiControl464_SQdnQk"
              }
            }
          }
        },
        {
          "id": "uiControl343_n29CBI",
          "controlId": "control343_Fk2gOX",
          "display": {
            "adapterId": "custom",
            "type": "custom",
            "adapter": {
              "templateType": "react",
              "events": {
                "onDoAction": "doAction_uiControl343_n29CBI",
                "onGetTemplate": "getTemplate_uiControl343_n29CBI"
              }
            }
          }
        }
      ]
    }
  },
  "matchers": {
    "page/title": {
      "contexts": {
        "context40_WqRyXV": [
          "市场用品采购流程-查看页面"
        ]
      }
    },
    "page/urls": {
      "contexts": {
        "context40_WqRyXV": [
          "172.16.11.61:9992/Forms/DME/SCYPCG/View.aspx?ProcInstId=9F0FE3B60B9C5FB0"
        ]
      }
    },
    "page/ids": {
      "contexts": {
        "context40_WqRyXV": [
          [
            "Attachment_fileUpload",
            "Attachment_hfActivityName",
            "Attachment_hfGuid",
            "Attachment_hfIsStart",
            "Attachment_hfUserLoginName",
            "Header_hidFlag",
            "Header_txtCompanyName",
            "Header_txtDate",
            "Header_txtDepartName",
            "Header_txtEmail",
            "Header_txtPhone",
            "Header_txtUserName",
            "LinkedProcInst_hfGuid",
            "LinkedProcInst_hfStart",
            "LinkedProcInst_hfUserLoginName",
            "__EVENTARGUMENT",
            "__EVENTTARGET",
            "__EVENTVALIDATION",
            "__VIEWSTATE",
            "btnAddLink",
            "btnFileUpload",
            "contentActionBar_ActionBar_Action",
            "contentActionBar_ActionBar_ActionName",
            "contentActionBar_ActionBar_AddApprover",
            "contentActionBar_ActionBar_AddApproverName",
            "contentActionBar_ActionBar_GotoActivityName",
            "contentActionBar_ActionBar_IsReturnBack",
            "contentActionBar_ActionBar_Print",
            "contentActionBar_ActionBar_UserAction",
            "contentActionBar_ActionBar_btnAddApprover",
            "contentActionBar_ActionBar_btnClose",
            "contentActionBar_ActionBar_btnPrint",
            "contentActionBar_ActionBar_btnRedirect",
            "contentActionBar_ActionBar_hidJBAffirm",
            "contentForm_P",
            "contentForm_UpdatePanel",
            "contentForm_ddlJC",
            "contentForm_hidGuid",
            "contentForm_rbMaterialTypeCH",
            "contentForm_rbMaterialTypeFY",
            "contentForm_rptDetail_hidCalcMode_",
            "contentForm_rptDetail_hidDetailNo_",
            "contentForm_rptDetail_txtCalcMode_",
            "contentForm_rptDetail_txtFeeDescription_",
            "contentForm_rptDetail_txtFeeMoney_",
            "contentForm_rptDetail_txtMaterialCode_",
            "contentForm_rptDetail_txtMaterialName_",
            "contentForm_rptDetail_txtMoney_",
            "contentForm_rptDetail_txtRemarks_",
            "contentForm_txtSCHD",
            "contentForm_txtSCHDFee",
            "contentForm_txtSCHDNo",
            "contentForm_txtSupplier",
            "contentForm_txtSupplierCode",
            "contentForm_txt_AccountCompanyCode",
            "contentForm_txt_AppCompanyCode_Ext",
            "contentForm_txt_ApplicantDeptCode",
            "contentForm_txt_ApplicantDeptName",
            "contentForm_txt_ApplyCompany",
            "contentForm_txt_ApplyCompanyCode",
            "contentForm_txt_ApplyEmployeeCode",
            "contentForm_txt_ApplyEmployeeName",
            "contentForm_txt_ApplyJob",
            "contentForm_txt_ApplyReason",
            "contentForm_txt_InformName",
            "contentForm_txt_MoneySum",
            "contentForm_txt_Release",
            "contentForm_txt_SAPReturnNo",
            "contentForm_txt_SCHDFiscal",
            "contentForm_txt_SCHDMarketName",
            "contentForm_txt_TAXRATE",
            "div",
            "filePanel",
            "form",
            "person_infor",
            "person_infor_trigger",
            "tb_AttachmentList",
            "tb_List",
            "uploadDiv"
          ]
        ]
      }
    },
    "page/classes": {
      "contexts": {
        "context40_WqRyXV": [
          [
            "aspNetDisabled",
            "aspNetHidden",
            "aui_border",
            "aui_buttons",
            "aui_c",
            "aui_close",
            "aui_content",
            "aui_dialog",
            "aui_e",
            "aui_footer",
            "aui_header",
            "aui_icon",
            "aui_iconBg",
            "aui_inner",
            "aui_main",
            "aui_n",
            "aui_ne",
            "aui_nw",
            "aui_outer",
            "aui_s",
            "aui_se",
            "aui_sw",
            "aui_title",
            "aui_titleBar",
            "aui_w",
            "ax",
            "bar-code-rightcorner",
            "big-form",
            "btn",
            "clear",
            "col",
            "fileUpload",
            "font-lightgrey",
            "font-red",
            "font-xxl",
            "form-wrapper",
            "gb",
            "icon-cloud-download",
            "icon-paper-clip",
            "layout-data",
            "layout-form",
            "logo-leftcorner",
            "mt-s",
            "none_edit",
            "p-explain",
            "padding-small",
            "page-shadow",
            "red",
            "required",
            "size-s",
            "swich_btn",
            "title",
            "tj",
            "top",
            "ufoot"
          ],
          [
            "active",
            "aspNetDisabled",
            "aspNetHidden",
            "aui_border",
            "aui_buttons",
            "aui_c",
            "aui_close",
            "aui_content",
            "aui_dialog",
            "aui_e",
            "aui_footer",
            "aui_header",
            "aui_icon",
            "aui_iconBg",
            "aui_inner",
            "aui_main",
            "aui_n",
            "aui_ne",
            "aui_nw",
            "aui_outer",
            "aui_s",
            "aui_se",
            "aui_sw",
            "aui_title",
            "aui_titleBar",
            "aui_w",
            "ax",
            "bar-code-rightcorner",
            "big-form",
            "btn",
            "clear",
            "col",
            "fileUpload",
            "font-lightgrey",
            "font-red",
            "font-xxl",
            "form-wrapper",
            "gb",
            "icon-cloud-download",
            "icon-paper-clip",
            "layout-data",
            "layout-form",
            "logo-leftcorner",
            "mt-s",
            "none_edit",
            "p-explain",
            "padding-small",
            "page-shadow",
            "red",
            "required",
            "show",
            "size-s",
            "swich_btn",
            "title",
            "tj",
            "top",
            "ufoot"
          ]
        ]
      }
    },
    "page/tagTriplets": {
      "contexts": {
        "context40_WqRyXV": [
          [
            "-/-/DIV",
            "-/-/FORM",
            "-/-/SCRIPT",
            "-/DIV/DIV",
            "-/FORM/DIV",
            "-/FORM/SCRIPT",
            "DIV/DIV/A",
            "DIV/DIV/BR",
            "DIV/DIV/BUTTON",
            "DIV/DIV/DIV",
            "DIV/DIV/H1",
            "DIV/DIV/IMG",
            "DIV/DIV/INPUT-hidden",
            "DIV/DIV/INPUT-submit",
            "DIV/DIV/INPUT-text",
            "DIV/DIV/LABEL",
            "DIV/DIV/P",
            "DIV/DIV/SCRIPT",
            "DIV/DIV/SPAN",
            "DIV/DIV/TABLE",
            "DIV/H1/BR",
            "DIV/H1/SPAN",
            "DIV/P/BR",
            "DIV/P/SPAN",
            "DIV/P/STRONG",
            "DIV/SPAN/INPUT-file",
            "DIV/TABLE/TBODY",
            "DIV/TABLE/THEAD",
            "DIV/UL/LI",
            "FORM/DIV/BR",
            "FORM/DIV/BUTTON",
            "FORM/DIV/DIV",
            "FORM/DIV/INPUT-hidden",
            "FORM/DIV/SCRIPT",
            "FORM/DIV/TABLE",
            "FORM/DIV/UL",
            "LI/SPAN/A",
            "TABLE/TBODY/TR",
            "TABLE/THEAD/TR",
            "TBODY/TR/TD",
            "TBODY/TR/TH",
            "TD/A/I",
            "TD/DIV/A",
            "TD/DIV/DIV",
            "TD/DIV/TABLE",
            "TD/LABEL/SPAN",
            "TD/SELECT/OPTION",
            "TD/SPAN/INPUT-radio",
            "TD/SPAN/INPUT-text",
            "TD/TABLE/TBODY",
            "THEAD/TR/TH",
            "TR/TD/A",
            "TR/TD/DIV",
            "TR/TD/I",
            "TR/TD/IMG",
            "TR/TD/INPUT-hidden",
            "TR/TD/INPUT-text",
            "TR/TD/LABEL",
            "TR/TD/SELECT",
            "TR/TD/SPAN",
            "TR/TD/TABLE",
            "TR/TD/TEXTAREA",
            "TR/TH/SPAN",
            "UL/LI/SPAN"
          ]
        ]
      }
    }
  }
}