{
  "version": "0.1",
  "id": "haveDoneIndex",
  "targetURL": "http://172.16.11.61:8000/MyProcess/MyApproveProcess.aspx",
  "jsFile": "index.js",
  "requires": {
    "HavaDoneQuit": "../HavaDoneQuit/index.json",
    "HaveDoneTravelExpenses": "../HaveDoneTravelExpenses/index.json",
    "dealtIndex": "../dealtIndex/index.json",
    "HaveDoneExpenseReimbursementt": "../HaveDoneExpenseReimbursementt/index.json",
    "HaveDoneLeave": "../HaveDoneLeave/index.json",
    "HavaDoneGoOut": "../HavaDoneGoOut/index.json",
    "HaveDoneChapter": "../HaveDoneChapter/index.json",
    "HaveDoneAssets": "../HaveDoneAssets/index.json",
    "haveDoneRecruit": "../haveDoneRecruit/index.json",
    "haveDoneRegularWorker": "../haveDoneRegularWorker/index.json",
    "haveDoneOverTime": "../haveDoneOverTime/index.json",
    "haveDoneContract": "../haveDoneContract/index.json",
    "haveDoneMarketSupplies": "../haveDoneMarketSupplies/index.json",
    "haveDoneTrain": "../haveDoneTrain/index.json",
    "haveDoneAssetHandle": "../haveDoneAssetHandle/index.json",
    "haveDoneLoanAdvance": "../haveDoneLoanAdvance/index.json",
    "haveDoneChanges": "../haveDoneChanges/index.json",
    "haveDoneContractRenew": "../haveDoneContractRenew/index.json",
    "haveDoneWorkAbnormal": "../haveDoneWorkAbnormal/index.json",
    "haveDoneLineChange": "../haveDoneLineChange/index.json",
    "haveDoneAssetBudget": "../haveDoneAssetBudget/index.json",
    "haveDoneTalentInventory": "../haveDoneTalentInventory/index.json",
    "haveDoneLetterFreeze": "../haveDoneLetterFreeze/index.json",
    "haveDoneLineAdd": "../haveDoneLineAdd/index.json",
    "haveDoneCustomerLine": "../haveDoneCustomerLine/index.json",
    "haveDoneEmployeeChangesV2": "../haveDoneEmployeeChangesV2/index.json",
    "haveDoneLeaveApply": "../haveDoneLeaveApply/index.json",
    "HaveDoneEnterApproval": "../HaveDoneEnterApproval/index.json"
  },
  "chineseName": "已办首页页面",
  "description": "已办首页页面",
  "firstPaintEnable": false,
  "controls": {
    "control190_B8XD6i": {
      "location": {
        "data": {
          "tagName": "TABLE"
        },
        "userData": {
          "data": [],
          "force": false
        },
        "locators": [
          {
            "id": "@class/word",
            "prob": 1,
            "value": "DIV.content DIV.result-list TABLE.layout-data.hover"
          },
          {
            "id": "path/ordinal",
            "prob": 1,
            "value": "/HTML[1]/BODY[1]/FORM[1]/DIV[3]/DIV[1]/DIV[2]/DIV[5]/DIV[3]/DIV[1]/TABLE[1]"
          }
        ]
      },
      "events": {
        "onGetData": "getData_control190_B8XD6i"
      },
      "intendedRole": "custom",
      "roles": "element,custom",
      "monitored": true,
      "frameXPath": "",
      "componentType": "custom"
    },
    "control195_l7OwdG": {
      "location": {
        "data": {
          "tagName": "DIV"
        },
        "userData": {
          "data": [],
          "force": false
        },
        "locators": [
          {
            "id": "@id/word",
            "prob": 1,
            "value": "descendant::FORM[@id=\"aspnetForm\"]/DIV[3]/DIV[1]/DIV[2]/DIV[5]"
          },
          {
            "id": "@class/word",
            "prob": 1,
            "value": "DIV.autofit.page-shadow DIV.container.main DIV.content"
          },
          {
            "id": "path/ordinal",
            "prob": 1,
            "value": "/HTML[1]/BODY[1]/FORM[1]/DIV[3]/DIV[1]/DIV[2]/DIV[5]"
          }
        ]
      },
      "events": {
        "onGetData": "getData_control195_l7OwdG"
      },
      "intendedRole": "custom",
      "roles": "element,custom",
      "ignoreVisibility": true,
      "monitored": true,
      "frameXPath": "",
      "componentType": "custom"
    },
    "control196_oLyBgO": {
      "location": {
        "data": {
          "tagName": "TABLE"
        },
        "userData": {
          "data": [],
          "force": false
        },
        "locators": [
          {
            "id": "@class/word",
            "prob": 1,
            "value": "DIV.content DIV.advanced-search.form-wrapper TABLE.layout-form"
          },
          {
            "id": "path/ordinal",
            "prob": 1,
            "value": "/HTML[1]/BODY[1]/FORM[1]/DIV[3]/DIV[1]/DIV[2]/DIV[5]/DIV[2]/TABLE[1]"
          }
        ]
      },
      "events": {
        "onGetData": "getData_control196_oLyBgO"
      },
      "intendedRole": "custom",
      "roles": "element,custom",
      "ignoreVisibility": false,
      "monitored": true,
      "frameXPath": "",
      "componentType": "custom"
    },
    "control226_ysPTBF": {
      "location": {
        "data": {
          "tagName": "UL"
        },
        "userData": {
          "data": [],
          "force": false
        },
        "locators": [
          {
            "id": "@id/word",
            "prob": 2,
            "value": [
              "descendant::FORM[@id=\"aspnetForm\"]//DIV[@id=\"DivPerson\"]/UL[2]",
              "descendant::FORM[@id=\"aspnetForm\"]//DIV[@id=\"DivPerson\"]//UL",
              "descendant::DIV[@id=\"DivPerson\"]//UL"
            ]
          },
          {
            "id": "@class/word",
            "prob": 1,
            "ordinal": [
              1,
              10
            ],
            "value": "DIV.autofit.page-shadow DIV.container.main DIV.nav-left UL"
          },
          {
            "id": "path/ordinal",
            "prob": 1,
            "value": "/HTML[1]/BODY[1]/FORM[1]/DIV[3]/DIV[1]/DIV[2]/DIV[1]/UL[2]"
          }
        ]
      },
      "events": {
        "onGetData": "getData_control226_ysPTBF"
      },
      "intendedRole": "custom",
      "roles": "element,custom",
      "ignoreVisibility": true,
      "monitored": true,
      "frameXPath": "",
      "componentType": "custom"
    },
    "control123_Hc2vF3": {
      "location": {
        "data": {
          "tagName": "DIV"
        },
        "userData": {
          "data": [],
          "force": false
        },
        "locators": [
          {
            "id": "@class/word",
            "prob": 1,
            "value": "DIV.content DIV.result-list DIV.anpager"
          },
          {
            "id": "path/ordinal",
            "prob": 1,
            "value": "/HTML[1]/BODY[1]/FORM[1]/DIV[3]/DIV[1]/DIV[2]/DIV[5]/DIV[3]/DIV[1]/DIV[1]/DIV[1]/DIV[1]"
          }
        ]
      },
      "events": {
        "onGetData": "getData_control123_Hc2vF3"
      },
      "intendedRole": "custom",
      "roles": "element,custom",
      "monitored": true,
      "frameXPath": "",
      "componentType": "custom"
    }
  },
  "contexts": {
    "context25_IDCMfP": {
      "controls": [
        "control190_B8XD6i",
        "control195_l7OwdG",
        "control196_oLyBgO",
        "control226_ysPTBF",
        "control123_Hc2vF3"
      ],
      "anchors": [],
      "urlAnchor": [
        "http:\\/\\/172\\.16\\.11\\.61:8000\\/MyProcess\\/MyApproveProcess\\.aspx"
      ]
    }
  },
  "flows": {
    "flow53_0ksCNE": {
      "toContexts": [
        {
          "toContextId": "context25_IDCMfP"
        }
      ]
    },
    "flow3_CIi55w": {
      "fromContextId": "context25_IDCMfP",
      "fromAction": "doAction",
      "fromControlId": "control190_B8XD6i",
      "toContexts": [
        {
          "toContextId": "context25_IDCMfP"
        },
        {
          "toContextId": "context26_xlI6VF",
          "toModelId": "HavaDoneQuit"
        },
        {
          "toContextId": "context27_urmBPN",
          "toModelId": "HaveDoneTravelExpenses"
        },
        {
          "toContextId": "context29_3cCNa2",
          "toModelId": "HaveDoneExpenseReimbursementt"
        },
        {
          "toContextId": "context33_nImxHe",
          "toModelId": "HaveDoneLeave"
        },
        {
          "toContextId": "context34_mWnNQS",
          "toModelId": "HavaDoneGoOut"
        },
        {
          "toContextId": "context35_sCx1kZ",
          "toModelId": "HaveDoneChapter"
        },
        {
          "toContextId": "context36_TXgTPJ",
          "toModelId": "HaveDoneAssets"
        },
        {
          "toContextId": "context37_NfZaHT",
          "toModelId": "haveDoneRecruit"
        },
        {
          "toContextId": "context38_gIs2in",
          "toModelId": "haveDoneRegularWorker"
        },
        {
          "toContextId": "context36_4AzglQ",
          "toModelId": "haveDoneOverTime"
        },
        {
          "toContextId": "context39_ODI9rB",
          "toModelId": "haveDoneContract"
        },
        {
          "toContextId": "context40_WqRyXV",
          "toModelId": "haveDoneMarketSupplies"
        },
        {
          "toContextId": "context41_24tvCf",
          "toModelId": "haveDoneTrain"
        },
        {
          "toContextId": "context42_ZcDRha",
          "toModelId": "haveDoneAssetHandle"
        },
        {
          "toContextId": "context43_eZpUe4",
          "toModelId": "haveDoneLoanAdvance"
        },
        {
          "toContextId": "context44_60uz5O",
          "toModelId": "haveDoneChanges"
        },
        {
          "toContextId": "context45_VXAmlL",
          "toModelId": "haveDoneContractRenew"
        },
        {
          "toContextId": "context46_yHPTfM",
          "toModelId": "haveDoneWorkAbnormal"
        },
        {
          "toContextId": "context47_fTH8yF",
          "toModelId": "haveDoneLineChange"
        },
        {
          "toContextId": "context48_TGa0G4",
          "toModelId": "haveDoneAssetBudget"
        },
        {
          "toContextId": "context49_228ATO",
          "toModelId": "haveDoneLetterFreeze"
        },
        {
          "toContextId": "context50_1eSGt0",
          "toModelId": "haveDoneLineAdd"
        },
        {
          "toContextId": "context51_hM4uPd",
          "toModelId": "haveDoneCustomerLine"
        },
        {
          "toContextId": "context52_kn26w7",
          "toModelId": "haveDoneEmployeeChangesV2"
        },
        {
          "toContextId": "context53_6DUmSg",
          "toModelId": "haveDoneLeaveApply"
        },
        {
          "toContextId": "context17_JmMWaz",
          "toModelId": "HaveDoneEnterApproval"
        }
      ]
    },
    "flow41_yoozyD": {
      "fromContextId": "context25_IDCMfP",
      "fromAction": "doAction",
      "fromControlId": "control196_oLyBgO",
      "toContexts": [
        {
          "toContextId": "context25_IDCMfP"
        }
      ]
    },
    "flow59_M0d2pG": {
      "fromContextId": "context25_IDCMfP",
      "fromAction": "doAction",
      "fromControlId": "control195_l7OwdG",
      "toContexts": [
        {
          "toContextId": "context25_IDCMfP"
        }
      ]
    },
    "flow71_bDrgBv": {
      "fromContextId": "context25_IDCMfP",
      "fromAction": "doAction",
      "fromControlId": "control226_ysPTBF",
      "toContexts": [
        {
          "toContextId": "context25_IDCMfP"
        },
        {
          "toContextId": "context24_EkSRuv",
          "toModelId": "dealtIndex"
        }
      ]
    },
    "flow60_bAr2GH": {
      "fromContextId": "context25_IDCMfP",
      "fromAction": "doAction",
      "fromControlId": "control123_Hc2vF3",
      "toContexts": [
        {
          "toContextId": "context25_IDCMfP"
        }
      ]
    }
  },
  "pages": {
    "page25_IGxyXq": {
      "contextId": "context25_IDCMfP",
      "layout": [
        {
          "id": "uiControl195_ArMMGb",
          "controlId": "control195_l7OwdG",
          "display": {
            "adapterId": "custom",
            "type": "custom",
            "adapter": {
              "templateType": "react",
              "events": {
                "onDoAction": "doAction_uiControl195_ArMMGb",
                "onGetTemplate": "getTemplate_uiControl195_ArMMGb"
              }
            }
          }
        },
        {
          "id": "uiControl226_QGhOPy",
          "controlId": "control226_ysPTBF",
          "display": {
            "adapterId": "custom",
            "type": "custom",
            "adapter": {
              "templateType": "react",
              "events": {
                "onDoAction": "doAction_uiControl226_QGhOPy",
                "onGetTemplate": "getTemplate_uiControl226_QGhOPy"
              }
            }
          }
        },
        {
          "id": "uiControl196_xvltbE",
          "controlId": "control196_oLyBgO",
          "display": {
            "adapterId": "custom",
            "type": "custom",
            "adapter": {
              "templateType": "react",
              "events": {
                "onDoAction": "doAction_uiControl196_xvltbE",
                "onGetTemplate": "getTemplate_uiControl196_xvltbE"
              }
            }
          }
        },
        {
          "id": "uiControl190_52emIC",
          "controlId": "control190_B8XD6i",
          "display": {
            "adapterId": "custom",
            "type": "custom",
            "adapter": {
              "templateType": "react",
              "events": {
                "onDoAction": "doAction_uiControl190_52emIC",
                "onGetTemplate": "getTemplate_uiControl190_52emIC"
              }
            }
          }
        },
        {
          "id": "uiControl123_i4qnyz",
          "controlId": "control123_Hc2vF3",
          "display": {
            "adapterId": "custom",
            "type": "custom",
            "adapter": {
              "templateType": "react",
              "events": {
                "onDoAction": "doAction_uiControl123_i4qnyz",
                "onGetTemplate": "getTemplate_uiControl123_i4qnyz"
              }
            }
          }
        }
      ]
    }
  },
  "matchers": {
    "page/title": {
      "contexts": {
        "context25_IDCMfP": [
          "首页-中可流程工作台"
        ]
      }
    },
    "page/urls": {
      "contexts": {
        "context25_IDCMfP": [
          "172.16.11.61:8000/MyProcess/MyApproveProcess.aspx"
        ]
      }
    },
    "page/ids": {
      "contexts": {
        "context25_IDCMfP": [
          [
            "DivPerson",
            "DivReport",
            "DivSearch",
            "DivSupport",
            "LiLeave",
            "LiReport",
            "LiVacation",
            "__EVENTARGUMENT",
            "__EVENTTARGET",
            "__LASTFOCUS",
            "__SCROLLPOSITIONX",
            "__SCROLLPOSITIONY",
            "__VIEWSTATE",
            "_myDP",
            "aspnetForm",
            "ctl_lblTaskNum",
            "ctl_rightContent_AspNetPager",
            "ctl_rightContent_DivTime",
            "ctl_rightContent_Folio",
            "ctl_rightContent_btnSearch",
            "ctl_rightContent_ddlCategory",
            "ctl_rightContent_ddlProcess",
            "ctl_rightContent_ddlType",
            "ctl_rightContent_hidPageSize",
            "ctl_rightContent_lblRum",
            "ctl_rightContent_rblStyleC",
            "ctl_rightContent_rblStyleT",
            "ctl_rightContent_rptList_ctl_hidTaskFnishedTime",
            "ctl_rightContent_rptList_ctl_hidTaskStartTime",
            "ctl_rightContent_txtApplicant",
            "ctl_rightContent_txtEndDate",
            "ctl_rightContent_txtStartDate",
            "ctl_rightContent_txtSubject",
            "imgIphone"
          ]
        ]
      }
    },
    "page/classes": {
      "contexts": {
        "context25_IDCMfP": [
          [
            "Wdate",
            "active",
            "advanced-search",
            "anpager",
            "aui_border",
            "aui_buttons",
            "aui_c",
            "aui_close",
            "aui_content",
            "aui_dialog",
            "aui_e",
            "aui_footer",
            "aui_header",
            "aui_icon",
            "aui_iconBg",
            "aui_inner",
            "aui_main",
            "aui_n",
            "aui_ne",
            "aui_nw",
            "aui_outer",
            "aui_s",
            "aui_se",
            "aui_sw",
            "aui_title",
            "aui_titleBar",
            "aui_w",
            "autofit",
            "breadcrumb",
            "btn",
            "container",
            "content",
            "cpb",
            "font-red",
            "footer",
            "form-wrapper",
            "header",
            "hover",
            "icon-angle-right",
            "icon-check",
            "icon-check-empty",
            "icon-comment-alt",
            "icon-home",
            "icon-key",
            "icon-off",
            "icon-pencil",
            "icon-plus",
            "icon-question-sign",
            "icon-search",
            "icon-user",
            "layout-data",
            "layout-form",
            "logo",
            "main",
            "nav-left",
            "nav-main",
            "nav-quick",
            "page-shadow",
            "red",
            "result-list",
            "shadow",
            "size-s",
            "stats",
            "title"
          ],
          [
            "Wdate",
            "active",
            "advanced-search",
            "anpager",
            "aui_border",
            "aui_buttons",
            "aui_c",
            "aui_close",
            "aui_content",
            "aui_dialog",
            "aui_e",
            "aui_footer",
            "aui_header",
            "aui_icon",
            "aui_iconBg",
            "aui_inner",
            "aui_main",
            "aui_n",
            "aui_ne",
            "aui_nw",
            "aui_outer",
            "aui_s",
            "aui_se",
            "aui_sw",
            "aui_title",
            "aui_titleBar",
            "aui_w",
            "autofit",
            "breadcrumb",
            "btn",
            "container",
            "content",
            "cpb",
            "font-red",
            "footer",
            "form-wrapper",
            "header",
            "hover",
            "icon-angle-right",
            "icon-check",
            "icon-check-empty",
            "icon-comment-alt",
            "icon-home",
            "icon-key",
            "icon-off",
            "icon-pencil",
            "icon-plus",
            "icon-question-sign",
            "icon-search",
            "icon-sitemap",
            "icon-user",
            "layout-data",
            "layout-form",
            "logo",
            "main",
            "nav-left",
            "nav-main",
            "nav-quick",
            "page-shadow",
            "red",
            "result-list",
            "shadow",
            "size-s",
            "stats",
            "title"
          ]
        ]
      }
    },
    "page/tagTriplets": {
      "contexts": {
        "context25_IDCMfP": [
          [
            "-/-/DIV",
            "-/-/FORM",
            "-/-/SCRIPT",
            "-/DIV/DIV",
            "-/DIV/IFRAME",
            "-/FORM/DIV",
            "-/FORM/SCRIPT",
            "DIV/A/SPAN",
            "DIV/DIV/A",
            "DIV/DIV/BR",
            "DIV/DIV/DIV",
            "DIV/DIV/H4",
            "DIV/DIV/INPUT-hidden",
            "DIV/DIV/P",
            "DIV/DIV/SPAN",
            "DIV/DIV/TABLE",
            "DIV/DIV/UL",
            "DIV/P/STRONG",
            "DIV/TABLE/TBODY",
            "DIV/UL/BR",
            "DIV/UL/IMG",
            "DIV/UL/LI",
            "FORM/DIV/DIV",
            "FORM/DIV/INPUT-hidden",
            "LI/A/I",
            "LI/A/SPAN",
            "P/STRONG/SPAN",
            "TABLE/TBODY/TR",
            "TBODY/TR/TD",
            "TBODY/TR/TH",
            "TD/BUTTON/I",
            "TD/DIV/A",
            "TD/DIV/DIV",
            "TD/DIV/TABLE",
            "TD/SELECT/OPTION",
            "TD/SPAN/INPUT-submit",
            "TR/TD/A",
            "TR/TD/BR",
            "TR/TD/BUTTON",
            "TR/TD/DIV",
            "TR/TD/INPUT-hidden",
            "TR/TD/INPUT-radio",
            "TR/TD/INPUT-text",
            "TR/TD/LABEL",
            "TR/TD/SELECT",
            "TR/TD/SPAN",
            "UL/LI/A"
          ]
        ]
      }
    }
  }
}