{
  "version": "0.1",
  "id": "haveDoneEmployeeChangesV2",
  "targetURL": "http://172.16.11.61:8000/Forms/HR/YGYD/View.aspx?ProcInstId=FEE010B8FF9A8CE6",
  "jsFile": "index.js",
  "chineseName": "员工异动申请单V2",
  "description": "员工异动申请单V2",
  "firstPaintEnable": false,
  "controls": {
    "control438_zhUpJc": {
      "location": {
        "data": {
          "tagName": "H1"
        },
        "userData": {
          "data": [],
          "force": false
        },
        "locators": [
          {
            "id": "@id/word",
            "prob": 2,
            "value": [
              "descendant::FORM[@id=\"aspnetForm\"]/DIV[3]/DIV[1]/H1[1]",
              "descendant::FORM[@id=\"aspnetForm\"]//H1"
            ]
          },
          {
            "id": "@class/word",
            "prob": 1,
            "value": "BODY.formPage DIV.big-form.page-shadow DIV.top H1"
          },
          {
            "id": "path/ordinal",
            "prob": 1,
            "value": "/HTML[1]/BODY[1]/FORM[1]/DIV[3]/DIV[1]/H1[1]"
          }
        ]
      },
      "events": {
        "onGetData": "getData_control438_zhUpJc"
      },
      "intendedRole": "custom",
      "roles": "element,custom",
      "ignoreVisibility": true,
      "monitored": true,
      "frameXPath": "",
      "componentType": "custom"
    },
    "control439_BfHHMA": {
      "location": {
        "data": {
          "tagName": "DIV"
        },
        "userData": {
          "data": [],
          "force": false
        },
        "locators": [
          {
            "id": "@id/word",
            "prob": 3,
            "value": [
              "descendant::FORM[@id=\"aspnetForm\"]//DIV[@id=\"person_infor\"]",
              "descendant::DIV[@id=\"person_infor\"]"
            ]
          },
          {
            "id": "@class/word",
            "prob": 1,
            "value": "BODY.formPage DIV.big-form.page-shadow DIV.show"
          },
          {
            "id": "path/ordinal",
            "prob": 1,
            "value": "/HTML[1]/BODY[1]/FORM[1]/DIV[3]/DIV[5]"
          }
        ]
      },
      "events": {
        "onGetData": "getData_control439_BfHHMA"
      },
      "intendedRole": "custom",
      "roles": "element,custom",
      "ignoreVisibility": true,
      "monitored": true,
      "frameXPath": "",
      "componentType": "custom"
    },
    "control440_BulVuR": {
      "location": {
        "data": {
          "tagName": "TABLE"
        },
        "userData": {
          "data": [],
          "force": false
        },
        "locators": [
          {
            "id": "@id/word",
            "prob": 1,
            "value": "descendant::FORM[@id=\"aspnetForm\"]/DIV[3]/DIV[9]/DIV[1]/TABLE[1]"
          },
          {
            "id": "@id/partialWord",
            "prob": 1,
            "disabled": true,
            "value": {
              "elemId": "ctl00_contentForm_P1",
              "tagName": "DIV",
              "prefix": "FORM[@id=\"aspnetForm\"]//",
              "suffix": "/DIV[1]/TABLE[1]",
              "ratio": 0.417
            }
          },
          {
            "id": "@class/word",
            "prob": 1,
            "value": "DIV.big-form.page-shadow DIV.form-wrapper TABLE.layout-form.col-3"
          },
          {
            "id": "path/ordinal",
            "prob": 1,
            "value": "/HTML[1]/BODY[1]/FORM[1]/DIV[3]/DIV[9]/DIV[1]/TABLE[1]"
          }
        ]
      },
      "events": {
        "onGetData": "getData_control440_BulVuR"
      },
      "intendedRole": "custom",
      "roles": "element,custom",
      "ignoreVisibility": true,
      "monitored": true,
      "frameXPath": "",
      "componentType": "custom"
    },
    "control441_ZoEkpr": {
      "location": {
        "data": {
          "tagName": "TABLE"
        },
        "userData": {
          "data": [],
          "force": false
        },
        "locators": [
          {
            "id": "@id/word",
            "prob": 1,
            "value": "descendant::FORM[@id=\"aspnetForm\"]/DIV[3]/DIV[9]/DIV[1]/TABLE[2]"
          },
          {
            "id": "@id/partialWord",
            "prob": 1,
            "disabled": true,
            "value": {
              "elemId": "ctl00_contentForm_P1",
              "tagName": "DIV",
              "prefix": "FORM[@id=\"aspnetForm\"]//",
              "suffix": "/DIV[1]/TABLE[2]",
              "ratio": 0.417
            }
          },
          {
            "id": "@class/word",
            "prob": 1,
            "value": "DIV.big-form.page-shadow DIV.form-wrapper TABLE.layout-data.layout-form"
          },
          {
            "id": "path/ordinal",
            "prob": 1,
            "value": "/HTML[1]/BODY[1]/FORM[1]/DIV[3]/DIV[9]/DIV[1]/TABLE[2]"
          }
        ]
      },
      "events": {
        "onGetData": "getData_control441_ZoEkpr"
      },
      "intendedRole": "custom",
      "roles": "element,custom",
      "ignoreVisibility": true,
      "monitored": true,
      "frameXPath": "",
      "componentType": "custom"
    },
    "control442_EKdCFu": {
      "location": {
        "data": {
          "tagName": "TABLE"
        },
        "userData": {
          "data": [],
          "force": false
        },
        "locators": [
          {
            "id": "@id/partialWord",
            "prob": 1,
            "disabled": true,
            "value": {
              "elemId": "ctl00_contentForm_P1",
              "tagName": "DIV",
              "prefix": "FORM[@id=\"aspnetForm\"]//",
              "suffix": "/DIV[1]/TABLE[3]/TBODY[1]/TR[1]/TD[1]/TABLE[1]",
              "ratio": 0.417
            }
          },
          {
            "id": "@class/word",
            "prob": 1,
            "ordinal": [
              1,
              3
            ],
            "value": "DIV.big-form.page-shadow DIV.form-wrapper TABLE.layout-data"
          },
          {
            "id": "path/ordinal",
            "prob": 1,
            "value": "/HTML[1]/BODY[1]/FORM[1]/DIV[3]/DIV[9]/DIV[1]/TABLE[3]/TBODY[1]/TR[1]/TD[1]/TABLE[1]"
          }
        ]
      },
      "events": {
        "onGetData": "getData_control442_EKdCFu"
      },
      "intendedRole": "custom",
      "roles": "element,custom",
      "ignoreVisibility": true,
      "monitored": true,
      "frameXPath": "",
      "componentType": "custom"
    },
    "control443_SI5mWZ": {
      "location": {
        "data": {
          "tagName": "TABLE"
        },
        "userData": {
          "data": [],
          "force": false
        },
        "locators": [
          {
            "id": "@id/partialWord",
            "prob": 1,
            "disabled": true,
            "value": {
              "elemId": "ctl00_contentForm_P1",
              "tagName": "DIV",
              "prefix": "FORM[@id=\"aspnetForm\"]//",
              "suffix": "/DIV[1]/TABLE[3]/TBODY[1]/TR[1]/TD[3]/TABLE[1]",
              "ratio": 0.417
            }
          },
          {
            "id": "@class/word",
            "prob": 1,
            "ordinal": [
              2,
              3
            ],
            "value": "DIV.big-form.page-shadow DIV.form-wrapper TABLE.layout-data"
          },
          {
            "id": "path/ordinal",
            "prob": 1,
            "value": "/HTML[1]/BODY[1]/FORM[1]/DIV[3]/DIV[9]/DIV[1]/TABLE[3]/TBODY[1]/TR[1]/TD[3]/TABLE[1]"
          }
        ]
      },
      "events": {
        "onGetData": "getData_control443_SI5mWZ"
      },
      "intendedRole": "custom",
      "roles": "element,custom",
      "ignoreVisibility": true,
      "monitored": true,
      "frameXPath": "",
      "componentType": "custom"
    },
    "control444_vgBw3m": {
      "location": {
        "data": {
          "tagName": "TABLE"
        },
        "userData": {
          "data": [],
          "force": false
        },
        "locators": [
          {
            "id": "@id/word",
            "prob": 2,
            "value": "descendant::FORM[@id=\"aspnetForm\"]/DIV[3]/DIV[12]/TABLE[1]"
          },
          {
            "id": "@class/word",
            "prob": 1,
            "ordinal": [
              3,
              5
            ],
            "value": "DIV.big-form.page-shadow DIV.form-wrapper TABLE.layout-form"
          },
          {
            "id": "path/ordinal",
            "prob": 1,
            "value": "/HTML[1]/BODY[1]/FORM[1]/DIV[3]/DIV[12]/TABLE[1]"
          }
        ]
      },
      "events": {
        "onGetData": "getData_control444_vgBw3m"
      },
      "intendedRole": "custom",
      "roles": "element,custom",
      "ignoreVisibility": true,
      "monitored": true,
      "frameXPath": "",
      "componentType": "custom"
    },
    "control445_I34zyh": {
      "location": {
        "data": {
          "tagName": "TABLE"
        },
        "userData": {
          "data": [],
          "force": false
        },
        "locators": [
          {
            "id": "@id/word",
            "prob": 1,
            "value": "descendant::FORM[@id=\"aspnetForm\"]/DIV[3]/DIV[13]/DIV[2]/TABLE[1]"
          },
          {
            "id": "@class/word",
            "prob": 1,
            "ordinal": [
              8,
              10
            ],
            "value": "BODY.formPage DIV.big-form.page-shadow DIV.form-wrapper TABLE"
          },
          {
            "id": "path/ordinal",
            "prob": 1,
            "value": "/HTML[1]/BODY[1]/FORM[1]/DIV[3]/DIV[13]/DIV[2]/TABLE[1]"
          }
        ]
      },
      "events": {
        "onGetData": "getData_control445_I34zyh"
      },
      "intendedRole": "custom",
      "roles": "element,custom",
      "ignoreVisibility": true,
      "monitored": true,
      "frameXPath": "",
      "componentType": "custom"
    },
    "control447_UFKyOr": {
      "location": {
        "data": {
          "tagName": "TABLE"
        },
        "userData": {
          "data": [],
          "force": false
        },
        "locators": [
          {
            "id": "@id/word",
            "prob": 2,
            "value": "descendant::FORM[@id=\"aspnetForm\"]/DIV[3]/DIV[14]/TABLE[1]"
          },
          {
            "id": "@class/word",
            "prob": 1,
            "ordinal": [
              4,
              5
            ],
            "value": "DIV.big-form.page-shadow DIV.form-wrapper TABLE.layout-form"
          },
          {
            "id": "path/ordinal",
            "prob": 1,
            "value": "/HTML[1]/BODY[1]/FORM[1]/DIV[3]/DIV[14]/TABLE[1]"
          }
        ]
      },
      "events": {
        "onGetData": "getData_control447_UFKyOr"
      },
      "intendedRole": "custom",
      "roles": "element,custom",
      "ignoreVisibility": true,
      "monitored": true,
      "frameXPath": "",
      "componentType": "custom"
    },
    "control448_WDtIbb": {
      "location": {
        "data": {
          "tagName": "A"
        },
        "userData": {
          "data": [],
          "force": false
        },
        "locators": [
          {
            "id": "a/@href",
            "prob": 2,
            "ordinal": [
              1,
              2
            ],
            "value": {
              "funcName": "__doPostBack"
            }
          },
          {
            "id": "@class/word",
            "prob": 1,
            "value": "DIV.ufoot UL.ax LI.gb SPAN A"
          },
          {
            "id": "path/ordinal",
            "prob": 1,
            "value": "/HTML[1]/BODY[1]/FORM[1]/DIV[5]/UL[1]/LI[2]/SPAN[1]/A[1]"
          },
          {
            "id": "elderLevel",
            "value": {
              "level": 0
            }
          }
        ]
      },
      "events": {
        "onGetData": "getData_control448_WDtIbb"
      },
      "intendedRole": "custom",
      "roles": "element,link,custom",
      "ignoreVisibility": true,
      "monitored": true,
      "frameXPath": "",
      "componentType": "custom"
    },
    "control342_3qULeM": {
      "location": {
        "data": {
          "tagName": "TABLE"
        },
        "userData": {
          "force": true,
          "data": [
            {
              "method": "XPath",
              "value": "//*[@id=\"aspnetForm\"]/div[3]/table[2]"
            }
          ]
        },
        "locators": [
          {
            "id": "@id/word",
            "prob": 2,
            "value": "descendant::FORM[@id=\"aspnetForm\"]/DIV[3]/TABLE[2]"
          },
          {
            "id": "@class/word",
            "prob": 1,
            "ordinal": [
              4,
              6
            ],
            "value": "BODY.formPage DIV.big-form.page-shadow TABLE.layout-data"
          },
          {
            "id": "path/ordinal",
            "prob": 1,
            "value": "/HTML[1]/BODY[1]/FORM[1]/DIV[3]/TABLE[2]"
          }
        ]
      },
      "events": {
        "onGetData": "getData_control342_3qULeM"
      },
      "intendedRole": "custom",
      "roles": "element,custom",
      "monitored": true,
      "frameXPath": "",
      "componentType": "custom"
    },
    "control446_69gOl6": {
      "location": {
        "data": {
          "tagName": "TABLE"
        },
        "userData": {
          "force": true,
          "data": [
            {
              "method": "XPath",
              "value": "//*[@id=\"aspnetForm\"]/div[3]/table[3]"
            }
          ]
        },
        "locators": [
          {
            "id": "@id/word",
            "prob": 2,
            "value": "descendant::FORM[@id=\"aspnetForm\"]/DIV[3]/TABLE[3]"
          },
          {
            "id": "@class/word",
            "prob": 1,
            "ordinal": [
              5,
              6
            ],
            "value": "BODY.formPage DIV.big-form.page-shadow TABLE.layout-data"
          },
          {
            "id": "path/ordinal",
            "prob": 1,
            "value": "/HTML[1]/BODY[1]/FORM[1]/DIV[3]/TABLE[3]"
          }
        ]
      },
      "events": {
        "onGetData": "getData_control446_69gOl6"
      },
      "intendedRole": "custom",
      "roles": "element,custom",
      "monitored": true,
      "frameXPath": "",
      "componentType": "custom"
    }
  },
  "contexts": {
    "context52_kn26w7": {
      "controls": [
        "control438_zhUpJc",
        "control439_BfHHMA",
        "control440_BulVuR",
        "control441_ZoEkpr",
        "control442_EKdCFu",
        "control443_SI5mWZ",
        "control444_vgBw3m",
        "control445_I34zyh",
        "control447_UFKyOr",
        "control448_WDtIbb",
        "control342_3qULeM",
        "control446_69gOl6"
      ],
      "anchors": [],
      "urlAnchor": [
        "http:\\/\\/172\\.16\\.11\\.61:8000\\/Forms\\/HR\\/YGYD\\/View\\.aspx"
      ]
    }
  },
  "flows": {
    "flow113_i25TXs": {
      "toContexts": [
        {
          "toContextId": "context52_kn26w7"
        }
      ]
    }
  },
  "pages": {
    "page52_UPJmDG": {
      "contextId": "context52_kn26w7",
      "layout": [
        {
          "id": "uiControl438_zy1x9a",
          "controlId": "control438_zhUpJc",
          "display": {
            "adapterId": "custom",
            "type": "custom",
            "adapter": {
              "templateType": "react",
              "events": {
                "onDoAction": "doAction_uiControl438_zy1x9a",
                "onGetTemplate": "getTemplate_uiControl438_zy1x9a"
              }
            }
          }
        },
        {
          "id": "uiControl439_KQu4zy",
          "controlId": "control439_BfHHMA",
          "display": {
            "adapterId": "custom",
            "type": "custom",
            "adapter": {
              "templateType": "react",
              "events": {
                "onDoAction": "doAction_uiControl439_KQu4zy",
                "onGetTemplate": "getTemplate_uiControl439_KQu4zy"
              }
            }
          }
        },
        {
          "id": "uiControl440_myKx1a",
          "controlId": "control440_BulVuR",
          "display": {
            "adapterId": "custom",
            "type": "custom",
            "adapter": {
              "templateType": "react",
              "events": {
                "onDoAction": "doAction_uiControl440_myKx1a",
                "onGetTemplate": "getTemplate_uiControl440_myKx1a"
              }
            }
          }
        },
        {
          "id": "uiControl441_F20iUJ",
          "controlId": "control441_ZoEkpr",
          "display": {
            "adapterId": "custom",
            "type": "custom",
            "adapter": {
              "templateType": "react",
              "events": {
                "onDoAction": "doAction_uiControl441_F20iUJ",
                "onGetTemplate": "getTemplate_uiControl441_F20iUJ"
              }
            }
          }
        },
        {
          "id": "uiControl442_zDpCJQ",
          "controlId": "control442_EKdCFu",
          "display": {
            "adapterId": "custom",
            "type": "custom",
            "adapter": {
              "templateType": "react",
              "events": {
                "onDoAction": "doAction_uiControl442_zDpCJQ",
                "onGetTemplate": "getTemplate_uiControl442_zDpCJQ"
              }
            }
          }
        },
        {
          "id": "uiControl443_I6xRa2",
          "controlId": "control443_SI5mWZ",
          "display": {
            "adapterId": "custom",
            "type": "custom",
            "adapter": {
              "templateType": "react",
              "events": {
                "onDoAction": "doAction_uiControl443_I6xRa2",
                "onGetTemplate": "getTemplate_uiControl443_I6xRa2"
              }
            }
          }
        },
        {
          "id": "uiControl444_LFDZ12",
          "controlId": "control444_vgBw3m",
          "display": {
            "adapterId": "custom",
            "type": "custom",
            "adapter": {
              "templateType": "react",
              "events": {
                "onDoAction": "doAction_uiControl444_LFDZ12",
                "onGetTemplate": "getTemplate_uiControl444_LFDZ12"
              }
            }
          }
        },
        {
          "id": "uiControl445_xzJau0",
          "controlId": "control445_I34zyh",
          "display": {
            "adapterId": "custom",
            "type": "custom",
            "adapter": {
              "templateType": "react",
              "events": {
                "onDoAction": "doAction_uiControl445_xzJau0",
                "onGetTemplate": "getTemplate_uiControl445_xzJau0"
              }
            }
          }
        },
        {
          "id": "uiControl447_Le8MdW",
          "controlId": "control447_UFKyOr",
          "display": {
            "adapterId": "custom",
            "type": "custom",
            "adapter": {
              "templateType": "react",
              "events": {
                "onDoAction": "doAction_uiControl447_Le8MdW",
                "onGetTemplate": "getTemplate_uiControl447_Le8MdW"
              }
            }
          }
        },
        {
          "id": "uiControl342_aK9RWq",
          "controlId": "control342_3qULeM",
          "display": {
            "adapterId": "custom",
            "type": "custom",
            "adapter": {
              "templateType": "react",
              "events": {
                "onDoAction": "doAction_uiControl342_aK9RWq",
                "onGetTemplate": "getTemplate_uiControl342_aK9RWq"
              }
            }
          }
        },
        {
          "id": "uiControl446_olAkfT",
          "controlId": "control446_69gOl6",
          "display": {
            "adapterId": "custom",
            "type": "custom",
            "adapter": {
              "templateType": "react",
              "events": {
                "onDoAction": "doAction_uiControl446_olAkfT",
                "onGetTemplate": "getTemplate_uiControl446_olAkfT"
              }
            }
          }
        },
        {
          "id": "uiControl448_DWloTx",
          "controlId": "control448_WDtIbb",
          "display": {
            "adapterId": "custom",
            "type": "custom",
            "adapter": {
              "templateType": "react",
              "events": {
                "onDoAction": "doAction_uiControl448_DWloTx",
                "onGetTemplate": "getTemplate_uiControl448_DWloTx"
              }
            }
          }
        }
      ]
    }
  },
  "matchers": {
    "page/title": {
      "contexts": {
        "context52_kn26w7": [
          "查看流程"
        ]
      }
    },
    "page/urls": {
      "contexts": {
        "context52_kn26w7": [
          "172.16.11.61:8000/Forms/HR/YGYD/View.aspx?ProcInstId=FEE010B8FF9A8CE6"
        ]
      }
    },
    "page/ids": {
      "contexts": {
        "context52_kn26w7": [
          [
            "__EVENTARGUMENT",
            "__EVENTTARGET",
            "__SCROLLPOSITIONX",
            "__SCROLLPOSITIONY",
            "__VIEWSTATE",
            "aspnetForm",
            "btnAddLink",
            "ctl_Header_hidFlag",
            "ctl_Header_txtCompanyName",
            "ctl_Header_txtDate",
            "ctl_Header_txtDepartName",
            "ctl_Header_txtEmail",
            "ctl_Header_txtPhone",
            "ctl_Header_txtUserName",
            "ctl_LinkedProcInst_hfGuid",
            "ctl_LinkedProcInst_hfStart",
            "ctl_LinkedProcInst_hfUserLoginName",
            "ctl_contentActionBar_ActionBar_Action",
            "ctl_contentActionBar_ActionBar_ActionName",
            "ctl_contentActionBar_ActionBar_AddApprover",
            "ctl_contentActionBar_ActionBar_AddApproverName",
            "ctl_contentActionBar_ActionBar_GotoActivityName",
            "ctl_contentActionBar_ActionBar_IsReturnBack",
            "ctl_contentActionBar_ActionBar_Print",
            "ctl_contentActionBar_ActionBar_UserAction",
            "ctl_contentActionBar_ActionBar_btnAddApprover",
            "ctl_contentActionBar_ActionBar_btnClose",
            "ctl_contentActionBar_ActionBar_btnInform",
            "ctl_contentActionBar_ActionBar_btnPrint",
            "ctl_contentActionBar_ActionBar_btnRedirect",
            "ctl_contentActionBar_ActionBar_hidJBAffirm",
            "ctl_contentForm_P",
            "ctl_contentForm_txt_AdjustType",
            "ctl_contentForm_txt_AfterCompanyCode",
            "ctl_contentForm_txt_AfterCompanyName",
            "ctl_contentForm_txt_AfterDeptCode",
            "ctl_contentForm_txt_AfterDeptName",
            "ctl_contentForm_txt_AfterPositionCode",
            "ctl_contentForm_txt_AfterPositionName",
            "ctl_contentForm_txt_AfterWorkCity",
            "ctl_contentForm_txt_AfterWorkProvince",
            "ctl_contentForm_txt_ApplicantCode",
            "ctl_contentForm_txt_ApplicantName",
            "ctl_contentForm_txt_BeforeCompanyCode",
            "ctl_contentForm_txt_BeforeCompanyName",
            "ctl_contentForm_txt_BeforeDeptCode",
            "ctl_contentForm_txt_BeforeDeptName",
            "ctl_contentForm_txt_BeforePosition",
            "ctl_contentForm_txt_BeforeWorkplace",
            "ctl_contentForm_txt_DashedManagerName",
            "ctl_contentForm_txt_Description",
            "ctl_contentForm_txt_EffectiveDate",
            "ctl_contentForm_txt_InformName",
            "ctl_contentForm_txt_IsWP",
            "ctl_contentForm_txt_JoinDate",
            "ctl_contentForm_txt_LineManagerName",
            "ctl_contentForm_txt_Nature",
            "ctl_contentForm_txt_Rank",
            "ctl_contentForm_txt_Reason",
            "div",
            "person_infor",
            "person_infor_trigger",
            "tb_List"
          ],
          [
            "__EVENTARGUMENT",
            "__EVENTTARGET",
            "__SCROLLPOSITIONX",
            "__SCROLLPOSITIONY",
            "__VIEWSTATE",
            "aspnetForm",
            "btnAddLink",
            "btnFileUpload",
            "ctl_Attachment_fileUpload",
            "ctl_Attachment_hfActivityName",
            "ctl_Attachment_hfGuid",
            "ctl_Attachment_hfIsStart",
            "ctl_Attachment_hfUserLoginName",
            "ctl_Header_hidFlag",
            "ctl_Header_txtCompanyName",
            "ctl_Header_txtDate",
            "ctl_Header_txtDepartName",
            "ctl_Header_txtEmail",
            "ctl_Header_txtPhone",
            "ctl_Header_txtUserName",
            "ctl_LinkedProcInst_hfGuid",
            "ctl_LinkedProcInst_hfStart",
            "ctl_LinkedProcInst_hfUserLoginName",
            "ctl_contentActionBar_ActionBar_Action",
            "ctl_contentActionBar_ActionBar_ActionName",
            "ctl_contentActionBar_ActionBar_AddApprover",
            "ctl_contentActionBar_ActionBar_AddApproverName",
            "ctl_contentActionBar_ActionBar_GotoActivityName",
            "ctl_contentActionBar_ActionBar_IsReturnBack",
            "ctl_contentActionBar_ActionBar_Print",
            "ctl_contentActionBar_ActionBar_UserAction",
            "ctl_contentActionBar_ActionBar_btnAddApprover",
            "ctl_contentActionBar_ActionBar_btnClose",
            "ctl_contentActionBar_ActionBar_btnInform",
            "ctl_contentActionBar_ActionBar_btnPrint",
            "ctl_contentActionBar_ActionBar_btnRedirect",
            "ctl_contentActionBar_ActionBar_hidJBAffirm",
            "ctl_contentForm_P",
            "ctl_contentForm_txt_AdjustType",
            "ctl_contentForm_txt_AfterCompanyCode",
            "ctl_contentForm_txt_AfterCompanyName",
            "ctl_contentForm_txt_AfterDeptCode",
            "ctl_contentForm_txt_AfterDeptName",
            "ctl_contentForm_txt_AfterPositionCode",
            "ctl_contentForm_txt_AfterPositionName",
            "ctl_contentForm_txt_AfterWorkCity",
            "ctl_contentForm_txt_AfterWorkProvince",
            "ctl_contentForm_txt_ApplicantCode",
            "ctl_contentForm_txt_ApplicantName",
            "ctl_contentForm_txt_BeforeCompanyCode",
            "ctl_contentForm_txt_BeforeCompanyName",
            "ctl_contentForm_txt_BeforeDeptCode",
            "ctl_contentForm_txt_BeforeDeptName",
            "ctl_contentForm_txt_BeforePosition",
            "ctl_contentForm_txt_BeforeWorkplace",
            "ctl_contentForm_txt_DashedManagerName",
            "ctl_contentForm_txt_Description",
            "ctl_contentForm_txt_EffectiveDate",
            "ctl_contentForm_txt_InformName",
            "ctl_contentForm_txt_IsWP",
            "ctl_contentForm_txt_JoinDate",
            "ctl_contentForm_txt_LineManagerName",
            "ctl_contentForm_txt_Nature",
            "ctl_contentForm_txt_Rank",
            "ctl_contentForm_txt_Reason",
            "div",
            "filePanel",
            "person_infor",
            "person_infor_trigger",
            "tb_AttachmentList",
            "tb_List",
            "uploadDiv"
          ]
        ]
      }
    },
    "page/classes": {
      "contexts": {
        "context52_kn26w7": [
          [
            "aui_border",
            "aui_buttons",
            "aui_c",
            "aui_close",
            "aui_content",
            "aui_dialog",
            "aui_e",
            "aui_footer",
            "aui_header",
            "aui_icon",
            "aui_iconBg",
            "aui_inner",
            "aui_main",
            "aui_n",
            "aui_ne",
            "aui_nw",
            "aui_outer",
            "aui_s",
            "aui_se",
            "aui_sw",
            "aui_title",
            "aui_titleBar",
            "aui_w",
            "ax",
            "bar-code-rightcorner",
            "big-form",
            "btn",
            "clear",
            "col",
            "col-",
            "font-lightgrey",
            "font-red",
            "font-xxl",
            "form-wrapper",
            "gb",
            "layout-data",
            "layout-form",
            "logo-leftcorner",
            "mt-s",
            "none_edit",
            "p-explain",
            "page-shadow",
            "red",
            "size-s",
            "style",
            "swich_btn",
            "title",
            "tj",
            "top",
            "ufoot"
          ],
          [
            "active",
            "aui_border",
            "aui_buttons",
            "aui_c",
            "aui_close",
            "aui_content",
            "aui_dialog",
            "aui_e",
            "aui_footer",
            "aui_header",
            "aui_icon",
            "aui_iconBg",
            "aui_inner",
            "aui_main",
            "aui_n",
            "aui_ne",
            "aui_nw",
            "aui_outer",
            "aui_s",
            "aui_se",
            "aui_sw",
            "aui_title",
            "aui_titleBar",
            "aui_w",
            "ax",
            "bar-code-rightcorner",
            "big-form",
            "btn",
            "clear",
            "col",
            "col-",
            "font-lightgrey",
            "font-red",
            "font-xxl",
            "form-wrapper",
            "gb",
            "layout-data",
            "layout-form",
            "logo-leftcorner",
            "mt-s",
            "none_edit",
            "p-explain",
            "page-shadow",
            "red",
            "show",
            "size-s",
            "style",
            "swich_btn",
            "title",
            "tj",
            "top",
            "ufoot"
          ],
          [
            "aui_border",
            "aui_buttons",
            "aui_c",
            "aui_close",
            "aui_content",
            "aui_dialog",
            "aui_e",
            "aui_footer",
            "aui_header",
            "aui_icon",
            "aui_iconBg",
            "aui_inner",
            "aui_main",
            "aui_n",
            "aui_ne",
            "aui_nw",
            "aui_outer",
            "aui_s",
            "aui_se",
            "aui_sw",
            "aui_title",
            "aui_titleBar",
            "aui_w",
            "ax",
            "bar-code-rightcorner",
            "big-form",
            "btn",
            "clear",
            "col",
            "col-",
            "fileUpload",
            "font-lightgrey",
            "font-red",
            "font-xxl",
            "form-wrapper",
            "gb",
            "icon-cloud-download",
            "icon-paper-clip",
            "layout-data",
            "layout-form",
            "logo-leftcorner",
            "mt-s",
            "none_edit",
            "p-explain",
            "page-shadow",
            "red",
            "size-s",
            "style",
            "swich_btn",
            "title",
            "tj",
            "top",
            "ufoot"
          ]
        ]
      }
    },
    "page/tagTriplets": {
      "contexts": {
        "context52_kn26w7": [
          [
            "-/-/DIV",
            "-/-/FORM",
            "-/-/SCRIPT",
            "-/DIV/DIV",
            "-/FORM/DIV",
            "-/FORM/SCRIPT",
            "DIV/DIV/A",
            "DIV/DIV/BR",
            "DIV/DIV/DIV",
            "DIV/DIV/H1",
            "DIV/DIV/IMG",
            "DIV/DIV/INPUT-hidden",
            "DIV/DIV/INPUT-submit",
            "DIV/DIV/INPUT-text",
            "DIV/DIV/TABLE",
            "DIV/H1/BR",
            "DIV/H1/SPAN",
            "DIV/TABLE/TBODY",
            "DIV/TABLE/THEAD",
            "DIV/UL/LI",
            "FORM/DIV/BR",
            "FORM/DIV/BUTTON",
            "FORM/DIV/DIV",
            "FORM/DIV/INPUT-hidden",
            "FORM/DIV/SCRIPT",
            "FORM/DIV/TABLE",
            "FORM/DIV/UL",
            "LABEL/SPAN/STRONG",
            "LI/SPAN/A",
            "SPAN/STRONG/BR",
            "TABLE/TBODY/TR",
            "TABLE/THEAD/TR",
            "TBODY/TR/TD",
            "TBODY/TR/TH",
            "TD/DIV/A",
            "TD/DIV/DIV",
            "TD/DIV/TABLE",
            "TD/LABEL/BR",
            "TD/LABEL/SPAN",
            "TD/SELECT/OPTION",
            "TD/SPAN/INPUT-radio",
            "TD/TABLE/TBODY",
            "THEAD/TR/TH",
            "TR/TD/BR",
            "TR/TD/DIV",
            "TR/TD/IMG",
            "TR/TD/INPUT-hidden",
            "TR/TD/INPUT-text",
            "TR/TD/LABEL",
            "TR/TD/SELECT",
            "TR/TD/SPAN",
            "TR/TD/TABLE",
            "TR/TD/TEXTAREA",
            "UL/LI/SPAN"
          ],
          [
            "-/-/DIV",
            "-/-/FORM",
            "-/-/SCRIPT",
            "-/DIV/DIV",
            "-/FORM/DIV",
            "-/FORM/SCRIPT",
            "DIV/DIV/A",
            "DIV/DIV/BR",
            "DIV/DIV/BUTTON",
            "DIV/DIV/DIV",
            "DIV/DIV/H1",
            "DIV/DIV/IMG",
            "DIV/DIV/INPUT-hidden",
            "DIV/DIV/INPUT-submit",
            "DIV/DIV/INPUT-text",
            "DIV/DIV/P",
            "DIV/DIV/SPAN",
            "DIV/DIV/TABLE",
            "DIV/H1/BR",
            "DIV/H1/SPAN",
            "DIV/P/BR",
            "DIV/P/STRONG",
            "DIV/SPAN/INPUT-file",
            "DIV/TABLE/TBODY",
            "DIV/TABLE/THEAD",
            "DIV/UL/LI",
            "FORM/DIV/BR",
            "FORM/DIV/BUTTON",
            "FORM/DIV/DIV",
            "FORM/DIV/INPUT-hidden",
            "FORM/DIV/SCRIPT",
            "FORM/DIV/TABLE",
            "FORM/DIV/UL",
            "LABEL/SPAN/STRONG",
            "LI/SPAN/A",
            "SPAN/STRONG/BR",
            "TABLE/TBODY/TR",
            "TABLE/THEAD/TR",
            "TBODY/TR/TD",
            "TBODY/TR/TH",
            "TD/A/I",
            "TD/DIV/A",
            "TD/DIV/DIV",
            "TD/DIV/TABLE",
            "TD/LABEL/BR",
            "TD/LABEL/SPAN",
            "TD/SELECT/OPTION",
            "TD/SPAN/INPUT-radio",
            "TD/TABLE/TBODY",
            "THEAD/TR/TH",
            "TR/TD/A",
            "TR/TD/BR",
            "TR/TD/DIV",
            "TR/TD/I",
            "TR/TD/IMG",
            "TR/TD/INPUT-hidden",
            "TR/TD/INPUT-text",
            "TR/TD/LABEL",
            "TR/TD/SELECT",
            "TR/TD/SPAN",
            "TR/TD/TABLE",
            "TR/TD/TEXTAREA",
            "UL/LI/SPAN"
          ]
        ]
      }
    }
  }
}