{
  "version": "0.1",
  "id": "commission",
  "targetURL": "http://172.16.11.61:8000/Index.aspx?Path=SysLogin",
  "jsFile": "index.js",
  "requires": {
    "leave": "../leave/index.json",
    "awaybusiness": "../awaybusiness/index.json",
    "Quit": "../Quit/index.json",
    "Printing": "../Printing/index.json",
    "assetbudget": "../assetbudget/index.json",
    "assetshandle": "../assetshandle/index.json",
    "overtime": "../overtime/index.json",
    "eliminate": "../eliminate/index.json",
    "costreimbursement": "../costreimbursement/index.json",
    "travel": "../travel/index.json",
    "examination_abnormal": "../examination_abnormal/index.json",
    "contract": "../contract/index.json",
    "probationformal": "../probationformal/index.json",
    "train": "../train/index.json",
    "creditXYDJSF": "../creditXYDJSF/index.json",
    "entry": "../entry/index.json",
    "recruit": "../recruit/index.json",
    "borrowmon": "../borrowmon/index.json",
    "staffspecial": "../staffspecial/index.json",
    "dealtIndex": "../dealtIndex/index.json",
    "haveDoneIndex": "../haveDoneIndex/index.json",
    "purchase": "../purchase/index.json",
    "batchex": "../batchex/index.json",
    "personnel": "../personnel/index.json",
    "routeNew": "../routeNew/index.json",
    "routechange": "../routechange/index.json",
    "assedbudget": "../assedbudget/index.json",
    "renewal": "../renewal/index.json",
    "RenewalApplication": "../RenewalApplication/index.json"
  },
  "chineseName": "代办首页",
  "description": "代办首页",
  "firstPaintEnable": false,
  "controls": {
    "control172_pAOEAo": {
      "location": {
        "data": {
          "tagName": "UL"
        },
        "userData": {
          "data": [],
          "force": false
        },
        "locators": [
          {
            "id": "@id/word",
            "prob": 2,
            "value": [
              "descendant::FORM[@id=\"aspnetForm\"]//DIV[@id=\"DivPerson\"]/UL[2]",
              "descendant::FORM[@id=\"aspnetForm\"]//DIV[@id=\"DivPerson\"]//UL",
              "descendant::DIV[@id=\"DivPerson\"]//UL"
            ]
          },
          {
            "id": "@class/word",
            "prob": 1,
            "ordinal": [
              1,
              10
            ],
            "value": "DIV.autofit.page-shadow DIV.container.main DIV.nav-left UL"
          },
          {
            "id": "path/ordinal",
            "prob": 1,
            "value": "/HTML[1]/BODY[1]/FORM[1]/DIV[3]/DIV[1]/DIV[2]/DIV[1]/UL[2]"
          }
        ]
      },
      "events": {
        "onGetData": "getData_control172_pAOEAo"
      },
      "intendedRole": "custom",
      "roles": "element,custom",
      "ignoreVisibility": true,
      "monitored": true,
      "frameXPath": "",
      "componentType": "custom"
    },
    "control228_Ccix5w": {
      "location": {
        "data": {
          "tagName": "TABLE"
        },
        "userData": {
          "data": [],
          "force": false
        },
        "locators": [
          {
            "id": "@class/word",
            "prob": 1,
            "value": "DIV.content DIV.result-list TABLE.layout-data.hover"
          },
          {
            "id": "path/ordinal",
            "prob": 1,
            "value": "/HTML[1]/BODY[1]/FORM[1]/DIV[3]/DIV[1]/DIV[2]/DIV[5]/DIV[3]/DIV[1]/TABLE[1]"
          }
        ]
      },
      "events": {
        "onGetData": "getData_control228_Ccix5w"
      },
      "intendedRole": "custom",
      "roles": "element,custom",
      "ignoreVisibility": true,
      "monitored": true,
      "frameXPath": "",
      "componentType": "custom"
    },
    "control230_TRSBih": {
      "location": {
        "data": {
          "tagName": "DIV"
        },
        "userData": {
          "data": [],
          "force": false
        },
        "locators": [
          {
            "id": "@class/word",
            "prob": 1,
            "value": "DIV.content DIV.result-list DIV.anpager"
          },
          {
            "id": "path/ordinal",
            "prob": 1,
            "value": "/HTML[1]/BODY[1]/FORM[1]/DIV[3]/DIV[1]/DIV[2]/DIV[5]/DIV[3]/DIV[1]/DIV[1]/DIV[1]/DIV[1]"
          }
        ]
      },
      "events": {
        "onGetData": "getData_control230_TRSBih"
      },
      "intendedRole": "custom",
      "roles": "element,custom",
      "ignoreVisibility": true,
      "monitored": true,
      "frameXPath": "",
      "componentType": "custom"
    },
    "control231_r4Lwgd": {
      "location": {
        "data": {
          "tagName": "TBODY"
        },
        "userData": {
          "data": [],
          "force": false
        },
        "locators": [
          {
            "id": "@class/word",
            "prob": 1,
            "value": "DIV.content DIV.advanced-search.form-wrapper TABLE.layout-form TBODY"
          },
          {
            "id": "path/ordinal",
            "prob": 1,
            "value": "/HTML[1]/BODY[1]/FORM[1]/DIV[3]/DIV[1]/DIV[2]/DIV[5]/DIV[2]/TABLE[1]/TBODY[1]"
          }
        ]
      },
      "events": {
        "onGetData": "getData_control231_r4Lwgd"
      },
      "intendedRole": "custom",
      "roles": "element,custom",
      "ignoreVisibility": true,
      "monitored": true,
      "frameXPath": "",
      "componentType": "custom"
    },
    "control240_CUwdNv": {
      "location": {
        "data": {
          "tagName": "DIV"
        },
        "userData": {
          "data": [],
          "force": false
        },
        "locators": [
          {
            "id": "@id/word",
            "prob": 1,
            "value": "descendant::FORM[@id=\"aspnetForm\"]/DIV[3]/DIV[1]/DIV[2]/DIV[5]"
          },
          {
            "id": "@class/word",
            "prob": 1,
            "value": "DIV.autofit.page-shadow DIV.container.main DIV.content"
          },
          {
            "id": "path/ordinal",
            "prob": 1,
            "value": "/HTML[1]/BODY[1]/FORM[1]/DIV[3]/DIV[1]/DIV[2]/DIV[5]"
          }
        ]
      },
      "events": {
        "onGetData": "getData_control240_CUwdNv"
      },
      "intendedRole": "custom",
      "roles": "element,custom",
      "ignoreVisibility": true,
      "monitored": true,
      "frameXPath": "",
      "componentType": "custom"
    }
  },
  "contexts": {
    "context1_CPB3yD": {
      "controls": [
        "control172_pAOEAo",
        "control228_Ccix5w",
        "control230_TRSBih",
        "control231_r4Lwgd",
        "control240_CUwdNv"
      ],
      "anchors": [],
      "urlAnchor": [
        "http:\\/\\/172\\.16\\.11\\.61:8000\\/Index\\.aspx\\?Path=SysLogin"
      ]
    }
  },
  "flows": {
    "flow2_NlbX6S": {
      "toContexts": [
        {
          "toContextId": "context1_CPB3yD"
        },
        {
          "toContextId": "context20_4zxkiP",
          "toModelId": "entry"
        }
      ]
    },
    "flow50_BCoKVe": {
      "fromContextId": "context1_CPB3yD",
      "fromAction": "doAction",
      "fromControlId": "control172_pAOEAo",
      "toContexts": [
        {
          "toContextId": "context1_CPB3yD"
        },
        {
          "toContextId": "context24_EkSRuv",
          "toModelId": "dealtIndex"
        },
        {
          "toContextId": "context25_IDCMfP",
          "toModelId": "haveDoneIndex"
        }
      ]
    },
    "flow73_79mGre": {
      "fromContextId": "context1_CPB3yD",
      "fromAction": "doAction",
      "fromControlId": "control230_TRSBih",
      "toContexts": [
        {
          "toContextId": "context1_CPB3yD"
        }
      ]
    },
    "flow75_eAxVEC": {
      "fromContextId": "context1_CPB3yD",
      "fromAction": "doAction",
      "fromControlId": "control228_Ccix5w",
      "toContexts": [
        {
          "toContextId": "context1_CPB3yD"
        },
        {
          "toContextId": "context4_nyVhNa",
          "toModelId": "leave"
        },
        {
          "toContextId": "context33_sAXJax",
          "toModelId": "purchase"
        },
        {
          "toContextId": "context32_SUlTve",
          "toModelId": "batchex"
        },
        {
          "toContextId": "context23_vDtiE1",
          "toModelId": "personnel"
        },
        {
          "toContextId": "context6_wk2SuT",
          "toModelId": "awaybusiness"
        },
        {
          "toContextId": "context3_h3SngD",
          "toModelId": "Quit"
        },
        {
          "toContextId": "context2_yipHVo",
          "toModelId": "Printing"
        },
        {
          "toContextId": "context15_flVVrS",
          "toModelId": "contract"
        },
        {
          "toContextId": "context16_Kn6Bzh",
          "toModelId": "train"
        },
        {
          "toContextId": "context9_7mrSEm",
          "toModelId": "assetbudget"
        },
        {
          "toContextId": "context12_NhVsKN",
          "toModelId": "assetshandle"
        },
        {
          "toContextId": "context14_Nkwmgd",
          "toModelId": "examination_abnormal"
        },
        {
          "toContextId": "context7_o6oRBN",
          "toModelId": "overtime"
        },
        {
          "toContextId": "context8_9ZSEK4",
          "toModelId": "eliminate"
        },
        {
          "toContextId": "context11_mB0Nro",
          "toModelId": "costreimbursement"
        },
        {
          "toContextId": "context5_89gtiq",
          "toModelId": "travel"
        },
        {
          "toContextId": "context13_FMltEV",
          "toModelId": "probationformal"
        },
        {
          "toContextId": "context19_g6Z7vh",
          "toModelId": "borrowmon"
        },
        {
          "toContextId": "context30_GOG0PI",
          "toModelId": "routeNew"
        },
        {
          "toContextId": "context31_cTTiNK",
          "toModelId": "routechange"
        },
        {
          "toContextId": "context20_4zxkiP",
          "toModelId": "entry"
        },
        {
          "toContextId": "context21_qa2E2Z",
          "toModelId": "recruit"
        },
        {
          "toContextId": "context18_a7Av8T",
          "toModelId": "creditXYDJSF"
        },
        {
          "toContextId": "context23_F8ZgpJ",
          "toModelId": "RenewalApplication"
        },
        {
          "toContextId": "context29_hdcu03",
          "toModelId": "assedbudget"
        },
        {
          "toContextId": "context22_L7nfn7",
          "toModelId": "staffspecial"
        },
        {
          "toContextId": "context34_SS1stH",
          "toModelId": "renewal"
        }
      ]
    },
    "flow85_rVsMn4": {
      "fromContextId": "context1_CPB3yD",
      "fromAction": "doAction",
      "fromControlId": "control231_r4Lwgd",
      "toContexts": [
        {
          "toContextId": "context23_F8ZgpJ",
          "toModelId": "RenewalApplication"
        }
      ]
    }
  },
  "pages": {
    "page1_EXifX8": {
      "contextId": "context1_CPB3yD",
      "layout": [
        {
          "id": "uiControl240_v1sG5H",
          "controlId": "control240_CUwdNv",
          "display": {
            "adapterId": "custom",
            "type": "custom",
            "adapter": {
              "templateType": "react",
              "events": {
                "onDoAction": "doAction_uiControl240_v1sG5H",
                "onGetTemplate": "getTemplate_uiControl240_v1sG5H"
              }
            }
          }
        },
        {
          "id": "uiControl172_qpwrqq",
          "controlId": "control172_pAOEAo",
          "display": {
            "adapterId": "custom",
            "type": "custom",
            "adapter": {
              "templateType": "react",
              "events": {
                "onDoAction": "doAction_uiControl172_qpwrqq",
                "onGetTemplate": "getTemplate_uiControl172_qpwrqq"
              }
            }
          }
        },
        {
          "id": "uiControl231_m00yRI",
          "controlId": "control231_r4Lwgd",
          "display": {
            "adapterId": "custom",
            "type": "custom",
            "adapter": {
              "templateType": "react",
              "events": {
                "onDoAction": "doAction_uiControl231_m00yRI",
                "onGetTemplate": "getTemplate_uiControl231_m00yRI"
              }
            }
          }
        },
        {
          "id": "uiControl228_GRaZTT",
          "controlId": "control228_Ccix5w",
          "display": {
            "adapterId": "custom",
            "type": "custom",
            "adapter": {
              "templateType": "react",
              "events": {
                "onDoAction": "doAction_uiControl228_GRaZTT",
                "onGetTemplate": "getTemplate_uiControl228_GRaZTT"
              }
            }
          }
        },
        {
          "id": "uiControl230_3STzCi",
          "controlId": "control230_TRSBih",
          "display": {
            "adapterId": "custom",
            "type": "custom",
            "adapter": {
              "templateType": "react",
              "events": {
                "onDoAction": "doAction_uiControl230_3STzCi",
                "onGetTemplate": "getTemplate_uiControl230_3STzCi"
              }
            }
          }
        }
      ]
    }
  },
  "matchers": {
    "page/title": {
      "contexts": {
        "context1_CPB3yD": [
          "首页-中可流程工作台"
        ]
      }
    },
    "page/urls": {
      "contexts": {
        "context1_CPB3yD": [
          "172.16.11.61:8000/Index.aspx?Path=SysLogin",
          "172.16.11.61:8000/Index.aspx"
        ]
      }
    },
    "page/ids": {
      "contexts": {
        "context1_CPB3yD": [
          [
            "DivPerson",
            "DivReport",
            "DivSearch",
            "DivSupport",
            "LiLeave",
            "LiReport",
            "LiVacation",
            "__EVENTARGUMENT",
            "__EVENTTARGET",
            "__LASTFOCUS",
            "__SCROLLPOSITIONX",
            "__SCROLLPOSITIONY",
            "__VIEWSTATE",
            "_myDP",
            "aspnetForm",
            "ctl_lblTaskNum",
            "ctl_rightContent_AspNetPager",
            "ctl_rightContent_DivTime",
            "ctl_rightContent_btnSearch",
            "ctl_rightContent_ddlCategory",
            "ctl_rightContent_ddlProcess",
            "ctl_rightContent_hidPageSize",
            "ctl_rightContent_lblRum",
            "ctl_rightContent_rblStyleC",
            "ctl_rightContent_rblStyleT",
            "ctl_rightContent_rptList_ctl_hidReceiveTime",
            "ctl_rightContent_txtApplicant",
            "ctl_rightContent_txtEndDate",
            "ctl_rightContent_txtFolio",
            "ctl_rightContent_txtStartDate",
            "ctl_rightContent_txtSubject",
            "imgIphone"
          ]
        ]
      }
    },
    "page/classes": {
      "contexts": {
        "context1_CPB3yD": [
          [
            "Wdate",
            "active",
            "advanced-search",
            "anpager",
            "aui_border",
            "aui_buttons",
            "aui_c",
            "aui_close",
            "aui_content",
            "aui_dialog",
            "aui_e",
            "aui_footer",
            "aui_header",
            "aui_icon",
            "aui_iconBg",
            "aui_inner",
            "aui_main",
            "aui_n",
            "aui_ne",
            "aui_nw",
            "aui_outer",
            "aui_s",
            "aui_se",
            "aui_sw",
            "aui_title",
            "aui_titleBar",
            "aui_w",
            "autofit",
            "breadcrumb",
            "btn",
            "container",
            "content",
            "cpb",
            "font-red",
            "footer",
            "form-wrapper",
            "header",
            "hover",
            "icon-angle-right",
            "icon-check",
            "icon-check-empty",
            "icon-comment-alt",
            "icon-home",
            "icon-key",
            "icon-off",
            "icon-pencil",
            "icon-plus",
            "icon-question-sign",
            "icon-search",
            "icon-user",
            "layout-data",
            "layout-form",
            "logo",
            "main",
            "nav-left",
            "nav-main",
            "nav-quick",
            "page-shadow",
            "red",
            "result-list",
            "shadow",
            "size-s",
            "stats",
            "title"
          ],
          [
            "Wdate",
            "active",
            "advanced-search",
            "anpager",
            "aui_border",
            "aui_buttons",
            "aui_c",
            "aui_close",
            "aui_content",
            "aui_dialog",
            "aui_e",
            "aui_footer",
            "aui_header",
            "aui_icon",
            "aui_iconBg",
            "aui_inner",
            "aui_loading",
            "aui_main",
            "aui_n",
            "aui_ne",
            "aui_nw",
            "aui_outer",
            "aui_s",
            "aui_se",
            "aui_state_focus",
            "aui_sw",
            "aui_title",
            "aui_titleBar",
            "aui_w",
            "autofit",
            "breadcrumb",
            "btn",
            "container",
            "content",
            "cpb",
            "font-red",
            "footer",
            "form-wrapper",
            "header",
            "hover",
            "icon-angle-right",
            "icon-check",
            "icon-check-empty",
            "icon-comment-alt",
            "icon-home",
            "icon-key",
            "icon-off",
            "icon-pencil",
            "icon-plus",
            "icon-question-sign",
            "icon-search",
            "icon-user",
            "layout-data",
            "layout-form",
            "logo",
            "main",
            "nav-left",
            "nav-main",
            "nav-quick",
            "page-shadow",
            "red",
            "result-list",
            "shadow",
            "size-s",
            "stats",
            "title"
          ],
          [
            "Wdate",
            "active",
            "advanced-search",
            "anpager",
            "aui_border",
            "aui_buttons",
            "aui_c",
            "aui_close",
            "aui_content",
            "aui_dialog",
            "aui_e",
            "aui_footer",
            "aui_header",
            "aui_icon",
            "aui_iconBg",
            "aui_inner",
            "aui_main",
            "aui_n",
            "aui_ne",
            "aui_nw",
            "aui_outer",
            "aui_s",
            "aui_se",
            "aui_sw",
            "aui_title",
            "aui_titleBar",
            "aui_w",
            "autofit",
            "breadcrumb",
            "btn",
            "container",
            "content",
            "cpb",
            "font-red",
            "footer",
            "form-wrapper",
            "header",
            "hover",
            "icon-angle-right",
            "icon-check",
            "icon-check-empty",
            "icon-comment-alt",
            "icon-home",
            "icon-key",
            "icon-off",
            "icon-pencil",
            "icon-plus",
            "icon-question-sign",
            "icon-search",
            "icon-sitemap",
            "icon-user",
            "layout-data",
            "layout-form",
            "logo",
            "main",
            "nav-left",
            "nav-main",
            "nav-quick",
            "page-shadow",
            "red",
            "result-list",
            "shadow",
            "size-s",
            "stats",
            "title"
          ]
        ]
      }
    },
    "page/tagTriplets": {
      "contexts": {
        "context1_CPB3yD": [
          [
            "-/-/DIV",
            "-/-/FORM",
            "-/-/SCRIPT",
            "-/DIV/DIV",
            "-/DIV/IFRAME",
            "-/FORM/DIV",
            "-/FORM/SCRIPT",
            "DIV/A/SPAN",
            "DIV/DIV/A",
            "DIV/DIV/BR",
            "DIV/DIV/DIV",
            "DIV/DIV/H4",
            "DIV/DIV/INPUT-hidden",
            "DIV/DIV/P",
            "DIV/DIV/SPAN",
            "DIV/DIV/TABLE",
            "DIV/DIV/UL",
            "DIV/P/STRONG",
            "DIV/TABLE/TBODY",
            "DIV/UL/BR",
            "DIV/UL/IMG",
            "DIV/UL/LI",
            "FORM/DIV/DIV",
            "FORM/DIV/INPUT-hidden",
            "LI/A/I",
            "LI/A/SPAN",
            "P/STRONG/SPAN",
            "TABLE/TBODY/TR",
            "TBODY/TR/TD",
            "TBODY/TR/TH",
            "TD/BUTTON/I",
            "TD/DIV/A",
            "TD/DIV/DIV",
            "TD/DIV/TABLE",
            "TD/SELECT/OPTION",
            "TD/SPAN/INPUT-submit",
            "TR/TD/A",
            "TR/TD/BR",
            "TR/TD/BUTTON",
            "TR/TD/DIV",
            "TR/TD/INPUT-hidden",
            "TR/TD/INPUT-radio",
            "TR/TD/INPUT-text",
            "TR/TD/LABEL",
            "TR/TD/SELECT",
            "TR/TD/SPAN",
            "UL/LI/A"
          ]
        ]
      }
    }
  }
}