{
  "version": "0.1",
  "id": "HaveDoneLeave",
  "targetURL": "http://172.16.11.61:8000/Forms/HR/QJSQLC/View.aspx?ProcInstId=E543852AA7A74040",
  "jsFile": "index.js",
  "chineseName": "已办请假申请单",
  "description": "",
  "firstPaintEnable": false,
  "controls": {
    "control276_KSoFCz": {
      "location": {
        "data": {
          "tagName": "H1"
        },
        "userData": {
          "data": [],
          "force": false
        },
        "locators": [
          {
            "id": "@id/word",
            "prob": 2,
            "value": [
              "descendant::FORM[@id=\"aspnetForm\"]/DIV[3]/DIV[1]/H1[1]",
              "descendant::FORM[@id=\"aspnetForm\"]//H1"
            ]
          },
          {
            "id": "@class/word",
            "prob": 1,
            "value": "BODY.formPage DIV.big-form.page-shadow DIV.top H1"
          },
          {
            "id": "path/ordinal",
            "prob": 1,
            "value": "/HTML[1]/BODY[1]/FORM[1]/DIV[3]/DIV[1]/H1[1]"
          }
        ]
      },
      "events": {
        "onGetData": "getData_control276_KSoFCz"
      },
      "intendedRole": "custom",
      "roles": "element,custom",
      "monitored": true,
      "frameXPath": "",
      "componentType": "custom"
    },
    "control278_5a797l": {
      "location": {
        "data": {
          "tagName": "DIV"
        },
        "userData": {
          "data": [],
          "force": false
        },
        "locators": [
          {
            "id": "@id/word",
            "prob": 3,
            "value": [
              "descendant::FORM[@id=\"aspnetForm\"]//DIV[@id=\"person_infor\"]",
              "descendant::DIV[@id=\"person_infor\"]"
            ]
          },
          {
            "id": "@class/word",
            "prob": 1,
            "value": "BODY.formPage DIV.big-form.page-shadow DIV.show"
          },
          {
            "id": "path/ordinal",
            "prob": 1,
            "value": "/HTML[1]/BODY[1]/FORM[1]/DIV[3]/DIV[5]"
          }
        ]
      },
      "events": {
        "onGetData": "getData_control278_5a797l"
      },
      "intendedRole": "custom",
      "roles": "element,custom",
      "ignoreVisibility": true,
      "monitored": true,
      "frameXPath": "",
      "componentType": "custom"
    },
    "control282_2m9TIB": {
      "location": {
        "data": {
          "tagName": "TABLE"
        },
        "userData": {
          "data": [],
          "force": false
        },
        "locators": [
          {
            "id": "@id/word",
            "prob": 1,
            "value": [
              "descendant::FORM[@id=\"aspnetForm\"]/DIV[3]/DIV[9]/DIV[1]/TABLE[1]",
              "descendant::FORM[@id=\"aspnetForm\"]//TABLE"
            ]
          },
          {
            "id": "@class/word",
            "prob": 1,
            "ordinal": [
              0,
              2
            ],
            "value": "DIV.big-form.page-shadow DIV.form-wrapper TABLE.layout-form.col-3"
          },
          {
            "id": "path/ordinal",
            "prob": 1,
            "value": "/HTML[1]/BODY[1]/FORM[1]/DIV[3]/DIV[9]/DIV[1]/TABLE[1]"
          }
        ]
      },
      "events": {
        "onGetData": "getData_control282_2m9TIB"
      },
      "intendedRole": "custom",
      "roles": "element,link,custom",
      "monitored": true,
      "frameXPath": "",
      "componentType": "custom"
    },
    "control283_2pTyyv": {
      "location": {
        "data": {
          "tagName": "BODY"
        },
        "userData": {
          "data": [],
          "force": false
        },
        "locators": [
          {
            "id": "path/ordinal",
            "prob": 1,
            "value": "/HTML[1]/BODY[1]"
          }
        ]
      },
      "intendedRole": "dialog",
      "roles": "element,dialog",
      "monitored": false,
      "frameXPath": "//iframe[@name='OpenSelectUser']<<IFRAME>>",
      "componentType": "dialog"
    },
    "control285_pZvOvt": {
      "location": {
        "data": {
          "tagName": "TABLE"
        },
        "userData": {
          "data": [],
          "force": false
        },
        "locators": [
          {
            "id": "@id/partialWord",
            "prob": 1,
            "disabled": true,
            "value": {
              "elemId": "form1",
              "tagName": "FORM",
              "prefix": "",
              "suffix": "/DIV[3]/DIV[2]/DIV[1]/TABLE[1]",
              "ratio": 0.773
            }
          },
          {
            "id": "@class/word",
            "prob": 1,
            "value": "DIV.popup.size-big.with-bottom-buttons DIV.form-wrapper TABLE.layout-form"
          },
          {
            "id": "path/ordinal",
            "prob": 1,
            "value": "/HTML[1]/BODY[1]/FORM[1]/DIV[3]/DIV[2]/DIV[1]/TABLE[1]"
          }
        ]
      },
      "events": {
        "onGetData": "getData_control285_pZvOvt"
      },
      "intendedRole": "custom",
      "roles": "element,custom",
      "monitored": true,
      "frameXPath": "//iframe[@name='OpenSelectUser']<<IFRAME>>",
      "componentType": "custom"
    },
    "control286_qB4y6e": {
      "location": {
        "data": {
          "tagName": "TABLE"
        },
        "userData": {
          "data": [],
          "force": false
        },
        "locators": [
          {
            "id": "@id/partialWord",
            "prob": 1,
            "disabled": true,
            "value": {
              "elemId": "form1",
              "tagName": "FORM",
              "prefix": "",
              "suffix": "/DIV[3]/DIV[2]/TABLE[1]",
              "ratio": 0.641
            }
          },
          {
            "id": "@class/word",
            "prob": 1,
            "value": "DIV.popup.size-big.with-bottom-buttons TABLE.layout-data.zebra.hover"
          },
          {
            "id": "path/ordinal",
            "prob": 1,
            "value": "/HTML[1]/BODY[1]/FORM[1]/DIV[3]/DIV[2]/TABLE[1]"
          }
        ]
      },
      "events": {
        "onGetData": "getData_control286_qB4y6e"
      },
      "intendedRole": "custom",
      "roles": "element,custom",
      "monitored": false,
      "frameXPath": "//iframe[@name='OpenSelectUser']<<IFRAME>>",
      "componentType": "custom"
    },
    "control287_DRaF8r": {
      "location": {
        "data": {
          "tagName": "DIV"
        },
        "userData": {
          "data": [],
          "force": false
        },
        "locators": [
          {
            "id": "@class/word",
            "prob": 1,
            "value": "DIV.popup.size-big.with-bottom-buttons DIV.anpager"
          },
          {
            "id": "path/ordinal",
            "prob": 1,
            "value": "/HTML[1]/BODY[1]/FORM[1]/DIV[3]/DIV[2]/DIV[2]/DIV[1]/DIV[1]"
          }
        ]
      },
      "events": {
        "onGetData": "getData_control287_DRaF8r"
      },
      "intendedRole": "custom",
      "roles": "element,custom",
      "monitored": true,
      "frameXPath": "//iframe[@name='OpenSelectUser']<<IFRAME>>",
      "componentType": "custom"
    },
    "control288_TTiPDJ": {
      "location": {
        "data": {
          "tagName": "TABLE"
        },
        "userData": {
          "data": [],
          "force": false
        },
        "locators": [
          {
            "id": "@id/word",
            "prob": 1,
            "value": [
              "descendant::FORM[@id=\"aspnetForm\"]/DIV[3]/DIV[9]/DIV[1]/TABLE[2]",
              "descendant::FORM[@id=\"aspnetForm\"]//TABLE"
            ]
          },
          {
            "id": "@class/word",
            "prob": 1,
            "value": "DIV.big-form.page-shadow DIV.form-wrapper TABLE.layout-data.layout-form"
          },
          {
            "id": "path/ordinal",
            "prob": 1,
            "value": "/HTML[1]/BODY[1]/FORM[1]/DIV[3]/DIV[9]/DIV[1]/TABLE[2]"
          }
        ]
      },
      "events": {
        "onGetData": "getData_control288_TTiPDJ"
      },
      "intendedRole": "custom",
      "roles": "element,custom",
      "monitored": true,
      "frameXPath": "",
      "componentType": "custom"
    },
    "control290_yekn6M": {
      "location": {
        "data": {
          "tagName": "H3"
        },
        "userData": {
          "data": [],
          "force": false
        },
        "locators": [
          {
            "id": "@id/partialWord",
            "prob": 1,
            "disabled": true,
            "value": {
              "elemId": "form1",
              "tagName": "FORM",
              "prefix": "",
              "suffix": "/DIV[3]/DIV[1]/H3[1]",
              "ratio": 0.773
            }
          },
          {
            "id": "@class/word",
            "prob": 1,
            "value": "DIV.popup.size-big.with-bottom-buttons DIV.top H3"
          },
          {
            "id": "path/ordinal",
            "prob": 1,
            "value": "/HTML[1]/BODY[1]/FORM[1]/DIV[3]/DIV[1]/H3[1]"
          },
          {
            "id": "elderLevel",
            "value": {
              "level": 0
            }
          }
        ]
      },
      "events": {
        "onGetData": "getData_control290_yekn6M"
      },
      "intendedRole": "custom",
      "roles": "element,custom",
      "monitored": true,
      "frameXPath": "//iframe[@name='OpenSelectUser']<<IFRAME>>",
      "componentType": "custom"
    },
    "control291_5zL02c": {
      "location": {
        "data": {
          "tagName": "TABLE"
        },
        "userData": {
          "data": [],
          "force": false
        },
        "locators": [
          {
            "id": "@id/word",
            "prob": 1,
            "value": [
              "descendant::FORM[@id=\"aspnetForm\"]/DIV[3]/DIV[9]/DIV[1]/TABLE[3]",
              "descendant::FORM[@id=\"aspnetForm\"]//TABLE"
            ]
          },
          {
            "id": "@class/word",
            "prob": 1,
            "ordinal": [
              1,
              2
            ],
            "value": "DIV.big-form.page-shadow DIV.form-wrapper TABLE.layout-form.col-3"
          },
          {
            "id": "path/ordinal",
            "prob": 1,
            "value": "/HTML[1]/BODY[1]/FORM[1]/DIV[3]/DIV[9]/DIV[1]/TABLE[3]"
          }
        ]
      },
      "events": {
        "onGetData": "getData_control291_5zL02c"
      },
      "intendedRole": "custom",
      "roles": "element,custom",
      "monitored": true,
      "frameXPath": "",
      "componentType": "custom"
    },
    "control293_fVwefE": {
      "location": {
        "data": {
          "tagName": "A"
        },
        "userData": {
          "data": [],
          "force": false
        },
        "locators": [
          {
            "id": "a/@href",
            "prob": 2,
            "ordinal": [
              1,
              2
            ],
            "value": {
              "funcName": "__doPostBack"
            }
          },
          {
            "id": "@class/word",
            "prob": 1,
            "value": "DIV.ufoot UL.ax LI.gb SPAN A"
          },
          {
            "id": "path/ordinal",
            "prob": 1,
            "value": "/HTML[1]/BODY[1]/FORM[1]/DIV[5]/UL[1]/LI[2]/SPAN[1]/A[1]"
          },
          {
            "id": "elderLevel",
            "value": {
              "level": 0
            }
          }
        ]
      },
      "events": {
        "onGetData": "getData_control293_fVwefE"
      },
      "intendedRole": "custom",
      "roles": "element,link,custom",
      "monitored": true,
      "frameXPath": "",
      "componentType": "custom"
    },
    "control461_0A8n2w": {
      "location": {
        "data": {
          "tagName": "TABLE"
        },
        "userData": {
          "force": true,
          "data": [
            {
              "method": "selector",
              "value": "#tableAttachment"
            }
          ]
        },
        "locators": [
          {
            "id": "@id/word",
            "prob": 3,
            "value": [
              "descendant::FORM[@id=\"aspnetForm\"]//TABLE[@id=\"tableAttachment\"]",
              "descendant::TABLE[@id=\"tableAttachment\"]"
            ]
          },
          {
            "id": "@class/word",
            "prob": 1,
            "ordinal": [
              2,
              4
            ],
            "value": "BODY.formPage DIV.big-form.page-shadow TABLE.layout-data"
          },
          {
            "id": "path/ordinal",
            "prob": 1,
            "value": "/HTML[1]/BODY[1]/FORM[1]/DIV[3]/TABLE[2]"
          }
        ]
      },
      "events": {
        "onGetData": "getData_control461_0A8n2w"
      },
      "intendedRole": "custom",
      "roles": "element,custom",
      "monitored": true,
      "frameXPath": "",
      "componentType": "custom"
    },
    "control463_VnhP2h": {
      "location": {
        "data": {
          "tagName": "TABLE"
        },
        "userData": {
          "force": true,
          "data": [
            {
              "method": "selector",
              "value": "#tableComments"
            }
          ]
        },
        "locators": [
          {
            "id": "@id/word",
            "prob": 3,
            "value": [
              "descendant::FORM[@id=\"aspnetForm\"]//TABLE[@id=\"tableComments\"]",
              "descendant::TABLE[@id=\"tableComments\"]"
            ]
          },
          {
            "id": "@class/word",
            "prob": 1,
            "ordinal": [
              3,
              4
            ],
            "value": "BODY.formPage DIV.big-form.page-shadow TABLE.layout-data"
          },
          {
            "id": "path/ordinal",
            "prob": 1,
            "value": "/HTML[1]/BODY[1]/FORM[1]/DIV[3]/TABLE[3]"
          }
        ]
      },
      "events": {
        "onGetData": "getData_control463_VnhP2h"
      },
      "intendedRole": "custom",
      "roles": "element,custom",
      "monitored": true,
      "frameXPath": "",
      "componentType": "custom"
    }
  },
  "contexts": {
    "context33_nImxHe": {
      "controls": [
        "control276_KSoFCz",
        "control278_5a797l",
        "control282_2m9TIB",
        "control283_2pTyyv",
        "control285_pZvOvt",
        "control286_qB4y6e",
        "control287_DRaF8r",
        "control288_TTiPDJ",
        "control290_yekn6M",
        "control291_5zL02c",
        "control293_fVwefE",
        "control461_0A8n2w",
        "control463_VnhP2h"
      ],
      "anchors": [],
      "urlAnchor": [
        "http:\\/\\/172\\.16\\.11\\.61:8000\\/Forms\\/HR\\/QJSQLC\\/View\\.aspx\\?.*"
      ]
    }
  },
  "flows": {
    "flow82_6KB8VQ": {
      "toContexts": [
        {
          "toContextId": "context33_nImxHe"
        }
      ]
    },
    "flow84_QRahvu": {
      "fromContextId": "context33_nImxHe",
      "fromAction": "doAction",
      "fromControlId": "control282_2m9TIB",
      "toContexts": [
        {
          "toContextId": "context33_nImxHe"
        }
      ]
    },
    "flow88_rirel0": {
      "fromContextId": "context33_nImxHe",
      "fromAction": "doAction",
      "fromControlId": "control285_pZvOvt",
      "toContexts": [
        {
          "toContextId": "context33_nImxHe"
        }
      ]
    },
    "flow89_iiWXws": {
      "fromContextId": "context33_nImxHe",
      "fromAction": "click",
      "fromControlId": "control283_2pTyyv",
      "toContexts": [
        {
          "toContextId": "context33_nImxHe"
        }
      ]
    },
    "flow81_DMJprJ": {
      "fromContextId": "context33_nImxHe",
      "fromAction": "doAction",
      "fromControlId": "control290_yekn6M",
      "toContexts": [
        {
          "toContextId": "context33_nImxHe"
        }
      ]
    },
    "flow115_ALg7fH": {
      "fromContextId": "context33_nImxHe",
      "fromAction": "doAction",
      "fromControlId": "control293_fVwefE",
      "toContexts": [
        {
          "toContextId": "context33_nImxHe"
        }
      ]
    }
  },
  "pages": {
    "page33_TtxagS": {
      "contextId": "context33_nImxHe",
      "layout": [
        {
          "id": "uiControl276_WULyC6",
          "controlId": "control276_KSoFCz",
          "display": {
            "adapterId": "custom",
            "type": "custom",
            "adapter": {
              "templateType": "react",
              "events": {
                "onDoAction": "doAction_uiControl276_WULyC6",
                "onGetTemplate": "getTemplate_uiControl276_WULyC6"
              }
            }
          }
        },
        {
          "id": "uiControl278_MCLB0f",
          "controlId": "control278_5a797l",
          "display": {
            "adapterId": "custom",
            "type": "custom",
            "adapter": {
              "templateType": "react",
              "events": {
                "onDoAction": "doAction_uiControl278_MCLB0f",
                "onGetTemplate": "getTemplate_uiControl278_MCLB0f"
              }
            }
          }
        },
        {
          "id": "uiControl282_NlknUG",
          "controlId": "control282_2m9TIB",
          "display": {
            "adapterId": "custom",
            "type": "custom",
            "adapter": {
              "templateType": "react",
              "events": {
                "onDoAction": "doAction_uiControl282_NlknUG",
                "onGetTemplate": "getTemplate_uiControl282_NlknUG"
              }
            }
          }
        },
        {
          "id": "uiControl283_rpQl9W",
          "controlId": "control283_2pTyyv",
          "display": {
            "adapterId": "dialog",
            "type": "dialog",
            "adapter": {
              "templateType": ""
            }
          },
          "layout": [
            {
              "id": "uiControl283_rpQl9Wbody",
              "display": {
                "type": "dialogBody",
                "adapterId": "dialogBody",
                "adapter": {
                  "templateType": ""
                }
              },
              "layout": []
            },
            {
              "id": "uiControl283_rpQl9Wfooter",
              "display": {
                "type": "dialogFooter",
                "adapterId": "dialogFooter",
                "adapter": {
                  "templateType": ""
                }
              },
              "layout": [
                {
                  "id": "uiControl290_XT2IBJ",
                  "controlId": "control290_yekn6M",
                  "display": {
                    "adapterId": "custom",
                    "type": "custom",
                    "adapter": {
                      "templateType": "react",
                      "events": {
                        "onDoAction": "doAction_uiControl290_XT2IBJ",
                        "onGetTemplate": "getTemplate_uiControl290_XT2IBJ"
                      }
                    }
                  }
                },
                {
                  "id": "uiControl285_qk7oMu",
                  "controlId": "control285_pZvOvt",
                  "display": {
                    "adapterId": "custom",
                    "type": "custom",
                    "adapter": {
                      "templateType": "react",
                      "events": {
                        "onDoAction": "doAction_uiControl285_qk7oMu",
                        "onGetTemplate": "getTemplate_uiControl285_qk7oMu"
                      }
                    }
                  }
                },
                {
                  "id": "uiControl286_XTwepc",
                  "controlId": "control286_qB4y6e",
                  "display": {
                    "adapterId": "custom",
                    "type": "custom",
                    "adapter": {
                      "templateType": "react",
                      "events": {
                        "onDoAction": "doAction_uiControl286_XTwepc",
                        "onGetTemplate": "getTemplate_uiControl286_XTwepc"
                      }
                    }
                  }
                },
                {
                  "id": "uiControl287_oylsPF",
                  "controlId": "control287_DRaF8r",
                  "display": {
                    "adapterId": "custom",
                    "type": "custom",
                    "adapter": {
                      "templateType": "react",
                      "events": {
                        "onDoAction": "doAction_uiControl287_oylsPF",
                        "onGetTemplate": "getTemplate_uiControl287_oylsPF"
                      }
                    }
                  }
                }
              ]
            }
          ]
        },
        {
          "id": "uiControl288_igDASb",
          "controlId": "control288_TTiPDJ",
          "display": {
            "adapterId": "custom",
            "type": "custom",
            "adapter": {
              "templateType": "react",
              "events": {
                "onDoAction": "doAction_uiControl288_igDASb",
                "onGetTemplate": "getTemplate_uiControl288_igDASb"
              }
            }
          }
        },
        {
          "id": "uiControl291_2Z40SB",
          "controlId": "control291_5zL02c",
          "display": {
            "adapterId": "custom",
            "type": "custom",
            "adapter": {
              "templateType": "react",
              "events": {
                "onDoAction": "doAction_uiControl291_2Z40SB",
                "onGetTemplate": "getTemplate_uiControl291_2Z40SB"
              }
            }
          }
        },
        {
          "id": "uiControl461_XUpk9s",
          "controlId": "control461_0A8n2w",
          "display": {
            "adapterId": "custom",
            "type": "custom",
            "adapter": {
              "templateType": "react",
              "events": {
                "onDoAction": "doAction_uiControl461_XUpk9s",
                "onGetTemplate": "getTemplate_uiControl461_XUpk9s"
              }
            }
          }
        },
        {
          "id": "uiControl463_5XhV9N",
          "controlId": "control463_VnhP2h",
          "display": {
            "adapterId": "custom",
            "type": "custom",
            "adapter": {
              "templateType": "react",
              "events": {
                "onDoAction": "doAction_uiControl463_5XhV9N",
                "onGetTemplate": "getTemplate_uiControl463_5XhV9N"
              }
            }
          }
        },
        {
          "id": "uiControl293_qdzcov",
          "controlId": "control293_fVwefE",
          "display": {
            "adapterId": "custom",
            "type": "custom",
            "adapter": {
              "templateType": "react",
              "events": {
                "onDoAction": "doAction_uiControl293_qdzcov",
                "onGetTemplate": "getTemplate_uiControl293_qdzcov"
              }
            }
          }
        }
      ]
    }
  },
  "matchers": {
    "page/title": {
      "contexts": {
        "context33_nImxHe": [
          "请假流程-查看页面"
        ]
      }
    },
    "page/urls": {
      "contexts": {
        "context33_nImxHe": [
          "172.16.11.61:8000/Forms/HR/QJSQLC/View.aspx?ProcInstId=E543852AA7A74040",
          "172.16.11.61:8000/Forms/HR/QJSQLC/View.aspx?ProcInstId=7DD97F1471997E32",
          "172.16.11.61:8000/Forms/HR/QJSQLC/View.aspx?ProcInstId=B699FAB6AF19DE86",
          "172.16.11.61:8000/Forms/HR/QJSQLC/View.aspx?ProcInstId=20C51A0A24C5D895",
          "172.16.11.61:8000/Forms/HR/QJSQLC/View.aspx?ProcInstId=55E0D9BCCDC2B5A0"
        ]
      }
    },
    "page/ids": {
      "contexts": {
        "context33_nImxHe": [
          [
            "AppUsersDiv",
            "__EVENTARGUMENT",
            "__EVENTTARGET",
            "__SCROLLPOSITIONX",
            "__SCROLLPOSITIONY",
            "__VIEWSTATE",
            "aspnetForm",
            "btnAddLink",
            "ctl_Header_hidFlag",
            "ctl_Header_txtCompanyName",
            "ctl_Header_txtDate",
            "ctl_Header_txtDepartName",
            "ctl_Header_txtEmail",
            "ctl_Header_txtPhone",
            "ctl_Header_txtUserName",
            "ctl_LinkedProcInst_hfGuid",
            "ctl_LinkedProcInst_hfStart",
            "ctl_LinkedProcInst_hfUserLoginName",
            "ctl_contentActionBar_ActionBar_Action",
            "ctl_contentActionBar_ActionBar_ActionName",
            "ctl_contentActionBar_ActionBar_AddApprover",
            "ctl_contentActionBar_ActionBar_AddApproverName",
            "ctl_contentActionBar_ActionBar_GotoActivityName",
            "ctl_contentActionBar_ActionBar_IsReturnBack",
            "ctl_contentActionBar_ActionBar_Print",
            "ctl_contentActionBar_ActionBar_UserAction",
            "ctl_contentActionBar_ActionBar_btnAddApprover",
            "ctl_contentActionBar_ActionBar_btnClose",
            "ctl_contentActionBar_ActionBar_btnInform",
            "ctl_contentActionBar_ActionBar_btnPrint",
            "ctl_contentActionBar_ActionBar_btnRedirect",
            "ctl_contentActionBar_ActionBar_hidJBAffirm",
            "ctl_contentForm_DivNull",
            "ctl_contentForm_P",
            "ctl_contentForm_rptDetail_ctl_hidId",
            "ctl_contentForm_txt_AgentCode",
            "ctl_contentForm_txt_AgentName",
            "ctl_contentForm_txt_ApplicantCode",
            "ctl_contentForm_txt_ApplicantDeptCode",
            "ctl_contentForm_txt_ApplicantDeptName",
            "ctl_contentForm_txt_ApplicantName",
            "ctl_contentForm_txt_CompanyCode",
            "ctl_contentForm_txt_LeavePlace",
            "ctl_contentForm_txt_LeaveReason",
            "ctl_contentForm_txt_LeaveType",
            "ctl_contentForm_txt_WorkTimeType",
            "person_infor",
            "person_infor_trigger",
            "tb_List"
          ],
          [
            "AppUsersDiv",
            "__EVENTARGUMENT",
            "__EVENTTARGET",
            "__SCROLLPOSITIONX",
            "__SCROLLPOSITIONY",
            "__VIEWSTATE",
            "_myDP",
            "aspnetForm",
            "btnAddLink",
            "ctl_Header_hidFlag",
            "ctl_Header_txtCompanyName",
            "ctl_Header_txtDate",
            "ctl_Header_txtDepartName",
            "ctl_Header_txtEmail",
            "ctl_Header_txtPhone",
            "ctl_Header_txtUserName",
            "ctl_LinkedProcInst_hfGuid",
            "ctl_LinkedProcInst_hfStart",
            "ctl_LinkedProcInst_hfUserLoginName",
            "ctl_contentActionBar_ActionBar_Action",
            "ctl_contentActionBar_ActionBar_ActionName",
            "ctl_contentActionBar_ActionBar_AddApprover",
            "ctl_contentActionBar_ActionBar_AddApproverName",
            "ctl_contentActionBar_ActionBar_GotoActivityName",
            "ctl_contentActionBar_ActionBar_IsReturnBack",
            "ctl_contentActionBar_ActionBar_Print",
            "ctl_contentActionBar_ActionBar_UserAction",
            "ctl_contentActionBar_ActionBar_btnAddApprover",
            "ctl_contentActionBar_ActionBar_btnClose",
            "ctl_contentActionBar_ActionBar_btnInform",
            "ctl_contentActionBar_ActionBar_btnPrint",
            "ctl_contentActionBar_ActionBar_btnRedirect",
            "ctl_contentActionBar_ActionBar_hidJBAffirm",
            "ctl_contentForm_DivNull",
            "ctl_contentForm_P",
            "ctl_contentForm_rptDetail_ctl_hidId",
            "ctl_contentForm_txt_AgentCode",
            "ctl_contentForm_txt_AgentName",
            "ctl_contentForm_txt_ApplicantCode",
            "ctl_contentForm_txt_ApplicantDeptCode",
            "ctl_contentForm_txt_ApplicantDeptName",
            "ctl_contentForm_txt_ApplicantName",
            "ctl_contentForm_txt_CompanyCode",
            "ctl_contentForm_txt_LeavePlace",
            "ctl_contentForm_txt_LeaveReason",
            "ctl_contentForm_txt_LeaveType",
            "ctl_contentForm_txt_WorkTimeType",
            "person_infor",
            "person_infor_trigger",
            "tb_List"
          ],
          [
            "AppUsersDiv",
            "__EVENTARGUMENT",
            "__EVENTTARGET",
            "__SCROLLPOSITIONX",
            "__SCROLLPOSITIONY",
            "__VIEWSTATE",
            "aspnetForm",
            "btnAddLink",
            "btnFileUpload",
            "ctl_Attachment_fileUpload",
            "ctl_Attachment_hfActivityName",
            "ctl_Attachment_hfGuid",
            "ctl_Attachment_hfIsStart",
            "ctl_Attachment_hfUserLoginName",
            "ctl_Header_hidFlag",
            "ctl_Header_txtCompanyName",
            "ctl_Header_txtDate",
            "ctl_Header_txtDepartName",
            "ctl_Header_txtEmail",
            "ctl_Header_txtPhone",
            "ctl_Header_txtUserName",
            "ctl_LinkedProcInst_hfGuid",
            "ctl_LinkedProcInst_hfStart",
            "ctl_LinkedProcInst_hfUserLoginName",
            "ctl_contentActionBar_ActionBar_Action",
            "ctl_contentActionBar_ActionBar_ActionName",
            "ctl_contentActionBar_ActionBar_AddApprover",
            "ctl_contentActionBar_ActionBar_AddApproverName",
            "ctl_contentActionBar_ActionBar_GotoActivityName",
            "ctl_contentActionBar_ActionBar_IsReturnBack",
            "ctl_contentActionBar_ActionBar_Print",
            "ctl_contentActionBar_ActionBar_UserAction",
            "ctl_contentActionBar_ActionBar_btnAddApprover",
            "ctl_contentActionBar_ActionBar_btnClose",
            "ctl_contentActionBar_ActionBar_btnInform",
            "ctl_contentActionBar_ActionBar_btnPrint",
            "ctl_contentActionBar_ActionBar_btnRedirect",
            "ctl_contentActionBar_ActionBar_hidJBAffirm",
            "ctl_contentForm_DivKaoQin",
            "ctl_contentForm_P",
            "ctl_contentForm_rptDetail_ctl_hidId",
            "ctl_contentForm_txt_AgentCode",
            "ctl_contentForm_txt_AgentName",
            "ctl_contentForm_txt_ApplicantCode",
            "ctl_contentForm_txt_ApplicantDeptCode",
            "ctl_contentForm_txt_ApplicantDeptName",
            "ctl_contentForm_txt_ApplicantName",
            "ctl_contentForm_txt_CompanyCode",
            "ctl_contentForm_txt_LeavePlace",
            "ctl_contentForm_txt_LeaveReason",
            "ctl_contentForm_txt_LeaveType",
            "ctl_contentForm_txt_TimekeeperCode",
            "ctl_contentForm_txt_TimekeeperName",
            "ctl_contentForm_txt_WorkTimeType",
            "filePanel",
            "person_infor",
            "person_infor_trigger",
            "tb_AttachmentList",
            "tb_List",
            "uploadDiv"
          ],
          [
            "AppUsersDiv",
            "__EVENTARGUMENT",
            "__EVENTTARGET",
            "__SCROLLPOSITIONX",
            "__SCROLLPOSITIONY",
            "__VIEWSTATE",
            "aspnetForm",
            "btnAddLink",
            "btnFileUpload",
            "ctl_Attachment_fileUpload",
            "ctl_Attachment_hfActivityName",
            "ctl_Attachment_hfGuid",
            "ctl_Attachment_hfIsStart",
            "ctl_Attachment_hfUserLoginName",
            "ctl_Header_hidFlag",
            "ctl_Header_txtCompanyName",
            "ctl_Header_txtDate",
            "ctl_Header_txtDepartName",
            "ctl_Header_txtEmail",
            "ctl_Header_txtPhone",
            "ctl_Header_txtUserName",
            "ctl_LinkedProcInst_hfGuid",
            "ctl_LinkedProcInst_hfStart",
            "ctl_LinkedProcInst_hfUserLoginName",
            "ctl_contentActionBar_ActionBar_Action",
            "ctl_contentActionBar_ActionBar_ActionName",
            "ctl_contentActionBar_ActionBar_AddApprover",
            "ctl_contentActionBar_ActionBar_AddApproverName",
            "ctl_contentActionBar_ActionBar_GotoActivityName",
            "ctl_contentActionBar_ActionBar_IsReturnBack",
            "ctl_contentActionBar_ActionBar_Print",
            "ctl_contentActionBar_ActionBar_UserAction",
            "ctl_contentActionBar_ActionBar_btnAddApprover",
            "ctl_contentActionBar_ActionBar_btnClose",
            "ctl_contentActionBar_ActionBar_btnInform",
            "ctl_contentActionBar_ActionBar_btnPrint",
            "ctl_contentActionBar_ActionBar_btnRedirect",
            "ctl_contentActionBar_ActionBar_hidJBAffirm",
            "ctl_contentForm_DivKaoQin",
            "ctl_contentForm_P",
            "ctl_contentForm_rptDetail_ctl_hidId",
            "ctl_contentForm_txt_AgentCode",
            "ctl_contentForm_txt_AgentName",
            "ctl_contentForm_txt_ApplicantCode",
            "ctl_contentForm_txt_ApplicantDeptCode",
            "ctl_contentForm_txt_ApplicantDeptName",
            "ctl_contentForm_txt_ApplicantName",
            "ctl_contentForm_txt_CompanyCode",
            "ctl_contentForm_txt_LeavePlace",
            "ctl_contentForm_txt_LeaveReason",
            "ctl_contentForm_txt_LeaveType",
            "ctl_contentForm_txt_TimekeeperCode",
            "ctl_contentForm_txt_TimekeeperName",
            "ctl_contentForm_txt_WorkTimeType",
            "filePanel",
            "person_infor",
            "person_infor_trigger",
            "tableAttachment",
            "tableComments",
            "tableHeader",
            "tb_AttachmentList",
            "tb_List",
            "uploadDiv"
          ]
        ]
      }
    },
    "page/classes": {
      "contexts": {
        "context33_nImxHe": [
          [
            "aui_border",
            "aui_buttons",
            "aui_c",
            "aui_close",
            "aui_content",
            "aui_dialog",
            "aui_e",
            "aui_footer",
            "aui_header",
            "aui_icon",
            "aui_iconBg",
            "aui_inner",
            "aui_main",
            "aui_n",
            "aui_ne",
            "aui_nw",
            "aui_outer",
            "aui_s",
            "aui_se",
            "aui_sw",
            "aui_title",
            "aui_titleBar",
            "aui_w",
            "ax",
            "bar-code-rightcorner",
            "big-form",
            "btn",
            "clear",
            "col",
            "col-",
            "font-lightgrey",
            "font-red",
            "font-xxl",
            "form-wrapper",
            "gb",
            "layout-data",
            "layout-form",
            "logo-leftcorner",
            "mt-s",
            "none_edit",
            "p-explain",
            "page-shadow",
            "red",
            "size-s",
            "swich_btn",
            "title",
            "tj",
            "top",
            "ufoot"
          ],
          [
            "active",
            "aui_border",
            "aui_buttons",
            "aui_c",
            "aui_close",
            "aui_content",
            "aui_dialog",
            "aui_e",
            "aui_footer",
            "aui_header",
            "aui_icon",
            "aui_iconBg",
            "aui_inner",
            "aui_main",
            "aui_n",
            "aui_ne",
            "aui_nw",
            "aui_outer",
            "aui_s",
            "aui_se",
            "aui_sw",
            "aui_title",
            "aui_titleBar",
            "aui_w",
            "ax",
            "bar-code-rightcorner",
            "big-form",
            "btn",
            "clear",
            "col",
            "col-",
            "font-lightgrey",
            "font-red",
            "font-xxl",
            "form-wrapper",
            "gb",
            "layout-data",
            "layout-form",
            "logo-leftcorner",
            "mt-s",
            "none_edit",
            "p-explain",
            "page-shadow",
            "red",
            "show",
            "size-s",
            "swich_btn",
            "title",
            "tj",
            "top",
            "ufoot"
          ],
          [
            "active",
            "aui_border",
            "aui_buttons",
            "aui_c",
            "aui_close",
            "aui_content",
            "aui_dialog",
            "aui_e",
            "aui_footer",
            "aui_header",
            "aui_icon",
            "aui_iconBg",
            "aui_inner",
            "aui_loading",
            "aui_main",
            "aui_n",
            "aui_ne",
            "aui_nw",
            "aui_outer",
            "aui_s",
            "aui_se",
            "aui_state_focus",
            "aui_state_full",
            "aui_state_lock",
            "aui_sw",
            "aui_title",
            "aui_titleBar",
            "aui_w",
            "ax",
            "bar-code-rightcorner",
            "big-form",
            "btn",
            "clear",
            "col",
            "col-",
            "font-lightgrey",
            "font-red",
            "font-xxl",
            "form-wrapper",
            "gb",
            "layout-data",
            "layout-form",
            "logo-leftcorner",
            "mt-s",
            "none_edit",
            "p-explain",
            "page-shadow",
            "red",
            "show",
            "size-s",
            "swich_btn",
            "title",
            "tj",
            "top",
            "ufoot"
          ],
          [
            "aui_border",
            "aui_buttons",
            "aui_c",
            "aui_close",
            "aui_content",
            "aui_dialog",
            "aui_e",
            "aui_footer",
            "aui_header",
            "aui_icon",
            "aui_iconBg",
            "aui_inner",
            "aui_loading",
            "aui_main",
            "aui_n",
            "aui_ne",
            "aui_nw",
            "aui_outer",
            "aui_s",
            "aui_se",
            "aui_state_focus",
            "aui_state_full",
            "aui_state_lock",
            "aui_sw",
            "aui_title",
            "aui_titleBar",
            "aui_w",
            "ax",
            "bar-code-rightcorner",
            "big-form",
            "btn",
            "clear",
            "col",
            "col-",
            "font-lightgrey",
            "font-red",
            "font-xxl",
            "form-wrapper",
            "gb",
            "layout-data",
            "layout-form",
            "logo-leftcorner",
            "mt-s",
            "none_edit",
            "p-explain",
            "page-shadow",
            "red",
            "size-s",
            "swich_btn",
            "title",
            "tj",
            "top",
            "ufoot"
          ],
          [
            "aui_border",
            "aui_buttons",
            "aui_c",
            "aui_close",
            "aui_content",
            "aui_dialog",
            "aui_e",
            "aui_footer",
            "aui_header",
            "aui_icon",
            "aui_iconBg",
            "aui_inner",
            "aui_main",
            "aui_n",
            "aui_ne",
            "aui_nw",
            "aui_outer",
            "aui_s",
            "aui_se",
            "aui_sw",
            "aui_title",
            "aui_titleBar",
            "aui_w",
            "ax",
            "bar-code-rightcorner",
            "big-form",
            "btn",
            "clear",
            "col",
            "col-",
            "fileUpload",
            "font-lightgrey",
            "font-red",
            "font-xxl",
            "form-wrapper",
            "gb",
            "icon-cloud-download",
            "icon-paper-clip",
            "layout-data",
            "layout-form",
            "logo-leftcorner",
            "mt-s",
            "none_edit",
            "p-explain",
            "page-shadow",
            "red",
            "size-s",
            "swich_btn",
            "title",
            "tj",
            "top",
            "ufoot"
          ]
        ]
      }
    },
    "page/tagTriplets": {
      "contexts": {
        "context33_nImxHe": [
          [
            "-/-/DIV",
            "-/-/FORM",
            "-/-/SCRIPT",
            "-/DIV/DIV",
            "-/FORM/DIV",
            "-/FORM/SCRIPT",
            "DIV/DIV/A",
            "DIV/DIV/BR",
            "DIV/DIV/DIV",
            "DIV/DIV/H1",
            "DIV/DIV/IMG",
            "DIV/DIV/INPUT-hidden",
            "DIV/DIV/INPUT-submit",
            "DIV/DIV/INPUT-text",
            "DIV/DIV/TABLE",
            "DIV/H1/BR",
            "DIV/H1/SPAN",
            "DIV/TABLE/TBODY",
            "DIV/TABLE/THEAD",
            "DIV/UL/LI",
            "FORM/DIV/BR",
            "FORM/DIV/BUTTON",
            "FORM/DIV/DIV",
            "FORM/DIV/INPUT-hidden",
            "FORM/DIV/SCRIPT",
            "FORM/DIV/TABLE",
            "FORM/DIV/UL",
            "LI/SPAN/A",
            "TABLE/TBODY/TR",
            "TABLE/THEAD/TR",
            "TBODY/TR/TD",
            "TBODY/TR/TH",
            "TD/DIV/A",
            "TD/DIV/DIV",
            "TD/DIV/TABLE",
            "TD/LABEL/BR",
            "TD/LABEL/SPAN",
            "TD/SELECT/OPTION",
            "THEAD/TR/TH",
            "TR/TD/A",
            "TR/TD/DIV",
            "TR/TD/INPUT-hidden",
            "TR/TD/INPUT-text",
            "TR/TD/LABEL",
            "TR/TD/SELECT",
            "TR/TD/SPAN",
            "TR/TD/TABLE",
            "TR/TD/TEXTAREA",
            "UL/LI/SPAN"
          ],
          [
            "-/-/DIV",
            "-/-/FORM",
            "-/-/SCRIPT",
            "-/DIV/DIV",
            "-/DIV/IFRAME",
            "-/FORM/DIV",
            "-/FORM/SCRIPT",
            "DIV/DIV/A",
            "DIV/DIV/BR",
            "DIV/DIV/DIV",
            "DIV/DIV/H1",
            "DIV/DIV/IMG",
            "DIV/DIV/INPUT-hidden",
            "DIV/DIV/INPUT-submit",
            "DIV/DIV/INPUT-text",
            "DIV/DIV/SPAN",
            "DIV/DIV/TABLE",
            "DIV/H1/BR",
            "DIV/H1/SPAN",
            "DIV/TABLE/TBODY",
            "DIV/TABLE/THEAD",
            "DIV/UL/LI",
            "FORM/DIV/BR",
            "FORM/DIV/BUTTON",
            "FORM/DIV/DIV",
            "FORM/DIV/INPUT-hidden",
            "FORM/DIV/SCRIPT",
            "FORM/DIV/TABLE",
            "FORM/DIV/UL",
            "LI/SPAN/A",
            "TABLE/TBODY/TR",
            "TABLE/THEAD/TR",
            "TBODY/TR/TD",
            "TBODY/TR/TH",
            "TD/DIV/A",
            "TD/DIV/DIV",
            "TD/DIV/IFRAME",
            "TD/DIV/TABLE",
            "TD/LABEL/BR",
            "TD/LABEL/SPAN",
            "TD/SELECT/OPTION",
            "THEAD/TR/TH",
            "TR/TD/A",
            "TR/TD/DIV",
            "TR/TD/INPUT-hidden",
            "TR/TD/INPUT-text",
            "TR/TD/LABEL",
            "TR/TD/SELECT",
            "TR/TD/SPAN",
            "TR/TD/TABLE",
            "TR/TD/TEXTAREA",
            "UL/LI/SPAN"
          ],
          [
            "-/-/DIV",
            "-/-/FORM",
            "-/-/SCRIPT",
            "-/DIV/DIV",
            "-/DIV/IFRAME",
            "-/FORM/DIV",
            "-/FORM/SCRIPT",
            "DIV/DIV/A",
            "DIV/DIV/BR",
            "DIV/DIV/DIV",
            "DIV/DIV/H1",
            "DIV/DIV/IMG",
            "DIV/DIV/INPUT-hidden",
            "DIV/DIV/INPUT-submit",
            "DIV/DIV/INPUT-text",
            "DIV/DIV/TABLE",
            "DIV/H1/BR",
            "DIV/H1/SPAN",
            "DIV/TABLE/TBODY",
            "DIV/TABLE/THEAD",
            "DIV/UL/LI",
            "FORM/DIV/BR",
            "FORM/DIV/BUTTON",
            "FORM/DIV/DIV",
            "FORM/DIV/INPUT-hidden",
            "FORM/DIV/SCRIPT",
            "FORM/DIV/TABLE",
            "FORM/DIV/UL",
            "LI/SPAN/A",
            "TABLE/TBODY/TR",
            "TABLE/THEAD/TR",
            "TBODY/TR/TD",
            "TBODY/TR/TH",
            "TD/DIV/A",
            "TD/DIV/DIV",
            "TD/DIV/TABLE",
            "TD/LABEL/BR",
            "TD/LABEL/SPAN",
            "TD/SELECT/OPTION",
            "THEAD/TR/TH",
            "TR/TD/A",
            "TR/TD/DIV",
            "TR/TD/INPUT-hidden",
            "TR/TD/INPUT-text",
            "TR/TD/LABEL",
            "TR/TD/SELECT",
            "TR/TD/SPAN",
            "TR/TD/TABLE",
            "TR/TD/TEXTAREA",
            "UL/LI/SPAN"
          ],
          [
            "-/-/DIV",
            "-/-/FORM",
            "-/-/SCRIPT",
            "-/DIV/DIV",
            "-/FORM/DIV",
            "-/FORM/SCRIPT",
            "DIV/DIV/A",
            "DIV/DIV/BR",
            "DIV/DIV/BUTTON",
            "DIV/DIV/DIV",
            "DIV/DIV/H1",
            "DIV/DIV/IMG",
            "DIV/DIV/INPUT-hidden",
            "DIV/DIV/INPUT-submit",
            "DIV/DIV/INPUT-text",
            "DIV/DIV/P",
            "DIV/DIV/SPAN",
            "DIV/DIV/TABLE",
            "DIV/H1/BR",
            "DIV/H1/SPAN",
            "DIV/P/BR",
            "DIV/P/STRONG",
            "DIV/SPAN/INPUT-file",
            "DIV/TABLE/TBODY",
            "DIV/TABLE/THEAD",
            "DIV/UL/LI",
            "FORM/DIV/BR",
            "FORM/DIV/BUTTON",
            "FORM/DIV/DIV",
            "FORM/DIV/INPUT-hidden",
            "FORM/DIV/SCRIPT",
            "FORM/DIV/TABLE",
            "FORM/DIV/UL",
            "LI/SPAN/A",
            "TABLE/TBODY/TR",
            "TABLE/THEAD/TR",
            "TBODY/TR/TD",
            "TBODY/TR/TH",
            "TD/A/I",
            "TD/DIV/A",
            "TD/DIV/DIV",
            "TD/DIV/TABLE",
            "TD/LABEL/BR",
            "TD/LABEL/SPAN",
            "TD/SELECT/OPTION",
            "TD/TABLE/TBODY",
            "THEAD/TR/TH",
            "TR/TD/A",
            "TR/TD/DIV",
            "TR/TD/I",
            "TR/TD/IMG",
            "TR/TD/INPUT-hidden",
            "TR/TD/INPUT-text",
            "TR/TD/LABEL",
            "TR/TD/SELECT",
            "TR/TD/SPAN",
            "TR/TD/TABLE",
            "TR/TD/TEXTAREA",
            "UL/LI/SPAN"
          ]
        ]
      }
    }
  }
}