{
  "version": "0.1",
  "id": "dealtIndex",
  "targetURL": "http://172.16.11.61:8000/Index.aspx",
  "jsFile": "index.js",
  "requires": {
    "Printing": "../Printing/index.json",
    "leave": "../leave/index.json",
    "awaybusiness": "../awaybusiness/index.json",
    "Quit": "../Quit/index.json",
    "contract": "../contract/index.json",
    "train": "../train/index.json",
    "examination_abnormal": "../examination_abnormal/index.json",
    "assetbudget": "../assetbudget/index.json",
    "assetshandle": "../assetshandle/index.json",
    "travel": "../travel/index.json",
    "costreimbursement": "../costreimbursement/index.json",
    "eliminate": "../eliminate/index.json",
    "overtime": "../overtime/index.json",
    "probationformal": "../probationformal/index.json",
    "borrowmon": "../borrowmon/index.json",
    "entry": "../entry/index.json",
    "personnel": "../personnel/index.json",
    "RenewalApplication": "../RenewalApplication/index.json",
    "routeNew": "../routeNew/index.json",
    "routechange": "../routechange/index.json",
    "haveDoneIndex": "../haveDoneIndex/index.json",
    "recruit": "../recruit/index.json",
    "staffspecial": "../staffspecial/index.json"
  },
  "chineseName": "待办首页页面",
  "description": "待办首页页面",
  "firstPaintEnable": false,
  "controls": {
    "control193_N9CBTD": {
      "location": {
        "data": {
          "tagName": "TABLE"
        },
        "userData": {
          "data": [],
          "force": false
        },
        "locators": [
          {
            "id": "@class/word",
            "prob": 1,
            "value": "DIV.content DIV.result-list TABLE.layout-data.hover"
          },
          {
            "id": "path/ordinal",
            "prob": 1,
            "value": "/HTML[1]/BODY[1]/FORM[1]/DIV[3]/DIV[1]/DIV[2]/DIV[5]/DIV[3]/DIV[1]/TABLE[1]"
          }
        ]
      },
      "events": {
        "onGetData": "getData_control193_N9CBTD"
      },
      "intendedRole": "custom",
      "roles": "element,custom",
      "ignoreVisibility": true,
      "monitored": true,
      "frameXPath": "",
      "componentType": "custom"
    },
    "control194_rkfuKp": {
      "location": {
        "data": {
          "tagName": "DIV"
        },
        "userData": {
          "data": [],
          "force": false
        },
        "locators": [
          {
            "id": "@id/word",
            "prob": 1,
            "value": "descendant::FORM[@id=\"aspnetForm\"]/DIV[3]/DIV[1]/DIV[2]/DIV[5]"
          },
          {
            "id": "@class/word",
            "prob": 1,
            "value": "DIV.autofit.page-shadow DIV.container.main DIV.content"
          },
          {
            "id": "path/ordinal",
            "prob": 1,
            "value": "/HTML[1]/BODY[1]/FORM[1]/DIV[3]/DIV[1]/DIV[2]/DIV[5]"
          }
        ]
      },
      "events": {
        "onGetData": "getData_control194_rkfuKp"
      },
      "intendedRole": "custom",
      "roles": "element,custom",
      "ignoreVisibility": true,
      "monitored": true,
      "frameXPath": "",
      "componentType": "custom"
    },
    "control227_INKP3Z": {
      "location": {
        "data": {
          "tagName": "UL"
        },
        "userData": {
          "data": [],
          "force": false
        },
        "locators": [
          {
            "id": "@id/word",
            "prob": 2,
            "value": [
              "descendant::FORM[@id=\"aspnetForm\"]//DIV[@id=\"DivPerson\"]/UL[2]",
              "descendant::FORM[@id=\"aspnetForm\"]//DIV[@id=\"DivPerson\"]//UL",
              "descendant::DIV[@id=\"DivPerson\"]//UL"
            ]
          },
          {
            "id": "@class/word",
            "prob": 1,
            "ordinal": [
              1,
              10
            ],
            "value": "DIV.autofit.page-shadow DIV.container.main DIV.nav-left UL"
          },
          {
            "id": "path/ordinal",
            "prob": 1,
            "value": "/HTML[1]/BODY[1]/FORM[1]/DIV[3]/DIV[1]/DIV[2]/DIV[1]/UL[2]"
          }
        ]
      },
      "events": {
        "onGetData": "getData_control227_INKP3Z"
      },
      "intendedRole": "custom",
      "roles": "element,custom",
      "ignoreVisibility": true,
      "monitored": true,
      "frameXPath": "",
      "componentType": "custom"
    },
    "control240_SJr66K": {
      "location": {
        "data": {
          "tagName": "TABLE"
        },
        "userData": {
          "data": [],
          "force": false
        },
        "locators": [
          {
            "id": "@class/word",
            "prob": 1,
            "value": "DIV.content DIV.advanced-search.form-wrapper TABLE.layout-form"
          },
          {
            "id": "path/ordinal",
            "prob": 1,
            "value": "/HTML[1]/BODY[1]/FORM[1]/DIV[3]/DIV[1]/DIV[2]/DIV[5]/DIV[2]/TABLE[1]"
          }
        ]
      },
      "events": {
        "onGetData": "getData_control240_SJr66K"
      },
      "intendedRole": "custom",
      "roles": "element,custom",
      "monitored": false,
      "frameXPath": "",
      "componentType": "custom"
    },
    "control2_2DedGV": {
      "location": {
        "data": {
          "tagName": "DIV"
        },
        "userData": {
          "data": [],
          "force": false
        },
        "locators": [
          {
            "id": "@class/word",
            "prob": 1,
            "value": "DIV.content DIV.result-list DIV.anpager"
          },
          {
            "id": "path/ordinal",
            "prob": 1,
            "value": "/HTML[1]/BODY[1]/FORM[1]/DIV[3]/DIV[1]/DIV[2]/DIV[5]/DIV[3]/DIV[1]/DIV[1]/DIV[1]/DIV[1]"
          }
        ]
      },
      "events": {
        "onGetData": "getData_control2_2DedGV"
      },
      "intendedRole": "custom",
      "roles": "element,custom",
      "monitored": true,
      "frameXPath": "",
      "componentType": "custom"
    }
  },
  "contexts": {
    "context24_EkSRuv": {
      "controls": [
        "control193_N9CBTD",
        "control194_rkfuKp",
        "control227_INKP3Z",
        "control240_SJr66K",
        "control2_2DedGV"
      ],
      "anchors": [],
      "urlAnchor": [
        "http:\\/\\/172\\.16\\.11\\.61:8000\\/Index\\.aspx"
      ]
    }
  },
  "flows": {
    "flow51_Vdtu6b": {
      "toContexts": [
        {
          "toContextId": "context24_EkSRuv"
        }
      ]
    },
    "flow52_ZGqATy": {
      "fromContextId": "context24_EkSRuv",
      "fromAction": "doAction",
      "fromControlId": "control194_rkfuKp",
      "toContexts": [
        {
          "toContextId": "context24_EkSRuv"
        }
      ]
    },
    "flow39_dfHNoK": {
      "fromContextId": "context24_EkSRuv",
      "fromAction": "doAction",
      "fromControlId": "control193_N9CBTD",
      "toContexts": [
        {
          "toContextId": "context24_EkSRuv"
        },
        {
          "toContextId": "context2_yipHVo",
          "toModelId": "Printing"
        },
        {
          "toContextId": "context4_nyVhNa",
          "toModelId": "leave"
        },
        {
          "toContextId": "context6_wk2SuT",
          "toModelId": "awaybusiness"
        },
        {
          "toContextId": "context3_h3SngD",
          "toModelId": "Quit"
        },
        {
          "toContextId": "context15_flVVrS",
          "toModelId": "contract"
        },
        {
          "toContextId": "context16_Kn6Bzh",
          "toModelId": "train"
        },
        {
          "toContextId": "context14_Nkwmgd",
          "toModelId": "examination_abnormal"
        },
        {
          "toContextId": "context9_7mrSEm",
          "toModelId": "assetbudget"
        },
        {
          "toContextId": "context12_NhVsKN",
          "toModelId": "assetshandle"
        },
        {
          "toContextId": "context5_89gtiq",
          "toModelId": "travel"
        },
        {
          "toContextId": "context11_mB0Nro",
          "toModelId": "costreimbursement"
        },
        {
          "toContextId": "context8_9ZSEK4",
          "toModelId": "eliminate"
        },
        {
          "toContextId": "context7_o6oRBN",
          "toModelId": "overtime"
        },
        {
          "toContextId": "context13_FMltEV",
          "toModelId": "probationformal"
        },
        {
          "toContextId": "context19_g6Z7vh",
          "toModelId": "borrowmon"
        },
        {
          "toContextId": "context20_4zxkiP",
          "toModelId": "entry"
        },
        {
          "toContextId": "context23_vDtiE1",
          "toModelId": "personnel"
        },
        {
          "toContextId": "context23_F8ZgpJ",
          "toModelId": "RenewalApplication"
        },
        {
          "toContextId": "context30_GOG0PI",
          "toModelId": "routeNew"
        },
        {
          "toContextId": "context31_cTTiNK",
          "toModelId": "routechange"
        },
        {
          "toContextId": "context21_qa2E2Z",
          "toModelId": "recruit"
        },
        {
          "toContextId": "context22_L7nfn7",
          "toModelId": "staffspecial"
        }
      ]
    },
    "flow72_H39fiR": {
      "fromContextId": "context24_EkSRuv",
      "fromAction": "doAction",
      "fromControlId": "control227_INKP3Z",
      "toContexts": [
        {
          "toContextId": "context24_EkSRuv"
        },
        {
          "toContextId": "context25_IDCMfP",
          "toModelId": "haveDoneIndex"
        }
      ]
    }
  },
  "pages": {
    "page24_M4g53E": {
      "contextId": "context24_EkSRuv",
      "layout": [
        {
          "id": "uiControl194_iLZaeH",
          "controlId": "control194_rkfuKp",
          "display": {
            "adapterId": "custom",
            "type": "custom",
            "adapter": {
              "templateType": "react",
              "events": {
                "onDoAction": "doAction_uiControl194_iLZaeH",
                "onGetTemplate": "getTemplate_uiControl194_iLZaeH"
              }
            }
          }
        },
        {
          "id": "uiControl227_w4xMQo",
          "controlId": "control227_INKP3Z",
          "display": {
            "adapterId": "custom",
            "type": "custom",
            "adapter": {
              "templateType": "react",
              "events": {
                "onDoAction": "doAction_uiControl227_w4xMQo",
                "onGetTemplate": "getTemplate_uiControl227_w4xMQo"
              }
            }
          }
        },
        {
          "id": "uiControl240_ur23qy",
          "controlId": "control240_SJr66K",
          "display": {
            "adapterId": "custom",
            "type": "custom",
            "adapter": {
              "templateType": "react",
              "events": {
                "onDoAction": "doAction_uiControl240_ur23qy",
                "onGetTemplate": "getTemplate_uiControl240_ur23qy"
              }
            }
          }
        },
        {
          "id": "uiControl193_bw3nWM",
          "controlId": "control193_N9CBTD",
          "display": {
            "adapterId": "custom",
            "type": "custom",
            "adapter": {
              "templateType": "react",
              "events": {
                "onDoAction": "doAction_uiControl193_bw3nWM",
                "onGetTemplate": "getTemplate_uiControl193_bw3nWM"
              }
            }
          }
        },
        {
          "id": "uiControl2_iAH5Jo",
          "controlId": "control2_2DedGV",
          "display": {
            "adapterId": "custom",
            "type": "custom",
            "adapter": {
              "templateType": "react",
              "events": {
                "onDoAction": "doAction_uiControl2_iAH5Jo",
                "onGetTemplate": "getTemplate_uiControl2_iAH5Jo"
              }
            }
          }
        }
      ]
    }
  },
  "matchers": {
    "page/title": {
      "contexts": {
        "context24_EkSRuv": [
          "首页-中可流程工作台"
        ]
      }
    },
    "page/urls": {
      "contexts": {
        "context24_EkSRuv": [
          "172.16.11.61:8000/Index.aspx",
          "172.16.11.61:8000/Index.aspx?Path=SysLogin"
        ]
      }
    },
    "page/ids": {
      "contexts": {
        "context24_EkSRuv": [
          [
            "DivPerson",
            "DivReport",
            "DivSearch",
            "DivSupport",
            "LiLeave",
            "LiReport",
            "LiVacation",
            "__EVENTARGUMENT",
            "__EVENTTARGET",
            "__LASTFOCUS",
            "__SCROLLPOSITIONX",
            "__SCROLLPOSITIONY",
            "__VIEWSTATE",
            "_myDP",
            "aspnetForm",
            "ctl_lblTaskNum",
            "ctl_rightContent_AspNetPager",
            "ctl_rightContent_DivTime",
            "ctl_rightContent_btnSearch",
            "ctl_rightContent_ddlCategory",
            "ctl_rightContent_ddlProcess",
            "ctl_rightContent_hidPageSize",
            "ctl_rightContent_lblRum",
            "ctl_rightContent_rblStyleC",
            "ctl_rightContent_rblStyleT",
            "ctl_rightContent_rptList_ctl_hidReceiveTime",
            "ctl_rightContent_txtApplicant",
            "ctl_rightContent_txtEndDate",
            "ctl_rightContent_txtFolio",
            "ctl_rightContent_txtStartDate",
            "ctl_rightContent_txtSubject",
            "imgIphone"
          ]
        ]
      }
    },
    "page/classes": {
      "contexts": {
        "context24_EkSRuv": [
          [
            "Wdate",
            "active",
            "advanced-search",
            "anpager",
            "aui_border",
            "aui_buttons",
            "aui_c",
            "aui_close",
            "aui_content",
            "aui_dialog",
            "aui_e",
            "aui_footer",
            "aui_header",
            "aui_icon",
            "aui_iconBg",
            "aui_inner",
            "aui_main",
            "aui_n",
            "aui_ne",
            "aui_nw",
            "aui_outer",
            "aui_s",
            "aui_se",
            "aui_sw",
            "aui_title",
            "aui_titleBar",
            "aui_w",
            "autofit",
            "breadcrumb",
            "btn",
            "container",
            "content",
            "cpb",
            "font-red",
            "footer",
            "form-wrapper",
            "header",
            "hover",
            "icon-angle-right",
            "icon-check",
            "icon-check-empty",
            "icon-comment-alt",
            "icon-home",
            "icon-key",
            "icon-off",
            "icon-pencil",
            "icon-plus",
            "icon-question-sign",
            "icon-search",
            "icon-user",
            "layout-data",
            "layout-form",
            "logo",
            "main",
            "nav-left",
            "nav-main",
            "nav-quick",
            "page-shadow",
            "red",
            "result-list",
            "shadow",
            "size-s",
            "stats",
            "title"
          ],
          [
            "Wdate",
            "active",
            "advanced-search",
            "anpager",
            "aui_border",
            "aui_buttons",
            "aui_c",
            "aui_close",
            "aui_content",
            "aui_dialog",
            "aui_e",
            "aui_footer",
            "aui_header",
            "aui_icon",
            "aui_iconBg",
            "aui_inner",
            "aui_main",
            "aui_n",
            "aui_ne",
            "aui_nw",
            "aui_outer",
            "aui_s",
            "aui_se",
            "aui_sw",
            "aui_title",
            "aui_titleBar",
            "aui_w",
            "autofit",
            "breadcrumb",
            "btn",
            "container",
            "content",
            "cpb",
            "font-red",
            "footer",
            "form-wrapper",
            "header",
            "hover",
            "icon-angle-right",
            "icon-check",
            "icon-check-empty",
            "icon-comment-alt",
            "icon-home",
            "icon-key",
            "icon-off",
            "icon-pencil",
            "icon-plus",
            "icon-question-sign",
            "icon-search",
            "icon-sitemap",
            "icon-user",
            "layout-data",
            "layout-form",
            "logo",
            "main",
            "nav-left",
            "nav-main",
            "nav-quick",
            "page-shadow",
            "red",
            "result-list",
            "shadow",
            "size-s",
            "stats",
            "title"
          ],
          [
            "Wdate",
            "active",
            "advanced-search",
            "anpager",
            "aui_border",
            "aui_buttons",
            "aui_c",
            "aui_close",
            "aui_content",
            "aui_dialog",
            "aui_e",
            "aui_footer",
            "aui_header",
            "aui_icon",
            "aui_iconBg",
            "aui_inner",
            "aui_loading",
            "aui_main",
            "aui_n",
            "aui_ne",
            "aui_nw",
            "aui_outer",
            "aui_s",
            "aui_se",
            "aui_state_focus",
            "aui_sw",
            "aui_title",
            "aui_titleBar",
            "aui_w",
            "autofit",
            "breadcrumb",
            "btn",
            "container",
            "content",
            "cpb",
            "font-red",
            "footer",
            "form-wrapper",
            "header",
            "hover",
            "icon-angle-right",
            "icon-check",
            "icon-check-empty",
            "icon-comment-alt",
            "icon-home",
            "icon-key",
            "icon-off",
            "icon-pencil",
            "icon-plus",
            "icon-question-sign",
            "icon-search",
            "icon-sitemap",
            "icon-user",
            "layout-data",
            "layout-form",
            "logo",
            "main",
            "nav-left",
            "nav-main",
            "nav-quick",
            "page-shadow",
            "red",
            "result-list",
            "shadow",
            "size-s",
            "stats",
            "title"
          ]
        ]
      }
    },
    "page/tagTriplets": {
      "contexts": {
        "context24_EkSRuv": [
          [
            "-/-/DIV",
            "-/-/FORM",
            "-/-/SCRIPT",
            "-/DIV/DIV",
            "-/DIV/IFRAME",
            "-/FORM/DIV",
            "-/FORM/SCRIPT",
            "DIV/A/SPAN",
            "DIV/DIV/A",
            "DIV/DIV/BR",
            "DIV/DIV/DIV",
            "DIV/DIV/H4",
            "DIV/DIV/INPUT-hidden",
            "DIV/DIV/P",
            "DIV/DIV/SPAN",
            "DIV/DIV/TABLE",
            "DIV/DIV/UL",
            "DIV/P/STRONG",
            "DIV/TABLE/TBODY",
            "DIV/UL/BR",
            "DIV/UL/IMG",
            "DIV/UL/LI",
            "FORM/DIV/DIV",
            "FORM/DIV/INPUT-hidden",
            "LI/A/I",
            "LI/A/SPAN",
            "P/STRONG/SPAN",
            "TABLE/TBODY/TR",
            "TBODY/TR/TD",
            "TBODY/TR/TH",
            "TD/BUTTON/I",
            "TD/DIV/A",
            "TD/DIV/DIV",
            "TD/DIV/TABLE",
            "TD/SELECT/OPTION",
            "TD/SPAN/INPUT-submit",
            "TR/TD/A",
            "TR/TD/BR",
            "TR/TD/BUTTON",
            "TR/TD/DIV",
            "TR/TD/INPUT-hidden",
            "TR/TD/INPUT-radio",
            "TR/TD/INPUT-text",
            "TR/TD/LABEL",
            "TR/TD/SELECT",
            "TR/TD/SPAN",
            "UL/LI/A"
          ]
        ]
      }
    }
  }
}