{
  "version": "0.1",
  "id": "haveDoneLineAdd",
  "targetURL": "http://172.16.11.61:9992/Forms/KZ/LXXZ/View.aspx?ProcInstId=37A2E7EC9D65D5AF",
  "jsFile": "index.js",
  "chineseName": "已办路线新增流程",
  "description": "已办路线新增流程",
  "firstPaintEnable": false,
  "controls": {
    "control423_KsP0B4": {
      "location": {
        "data": {
          "tagName": "H1"
        },
        "locators": [
          {
            "id": "@id/partialWord",
            "prob": 1,
            "disabled": true,
            "value": {
              "elemId": "form1",
              "tagName": "FORM",
              "prefix": "",
              "suffix": "/DIV[3]/DIV[1]/H1[1]",
              "ratio": 0.78
            }
          },
          {
            "id": "@class/word",
            "prob": 1,
            "value": "BODY.formPage DIV.big-form.page-shadow DIV.top H1"
          },
          {
            "id": "path/ordinal",
            "prob": 1,
            "value": "/HTML[1]/BODY[1]/FORM[1]/DIV[3]/DIV[1]/H1[1]"
          }
        ]
      },
      "events": {
        "onGetData": "getData_control423_KsP0B4"
      },
      "intendedRole": "custom",
      "roles": "element,custom",
      "ignoreVisibility": true,
      "monitored": true,
      "frameXPath": "",
      "componentType": "custom"
    },
    "control424_StpaRo": {
      "location": {
        "data": {
          "tagName": "DIV"
        },
        "locators": [
          {
            "id": "@id/word",
            "prob": 3,
            "value": "descendant::DIV[@id=\"person_infor\"]"
          },
          {
            "id": "@class/word",
            "prob": 1,
            "value": "BODY.formPage DIV.big-form.page-shadow DIV.show"
          },
          {
            "id": "path/ordinal",
            "prob": 1,
            "value": "/HTML[1]/BODY[1]/FORM[1]/DIV[3]/DIV[5]"
          }
        ]
      },
      "events": {
        "onGetData": "getData_control424_StpaRo"
      },
      "intendedRole": "custom",
      "roles": "element,custom",
      "ignoreVisibility": true,
      "monitored": true,
      "frameXPath": "",
      "componentType": "custom"
    },
    "control425_kaWm9F": {
      "location": {
        "data": {
          "tagName": "TABLE"
        },
        "locators": [
          {
            "id": "@id/partialWord",
            "prob": 1,
            "disabled": true,
            "value": {
              "elemId": "contentForm_P1",
              "tagName": "DIV",
              "prefix": "",
              "suffix": "/DIV[3]/TABLE[1]",
              "ratio": 0.22
            }
          },
          {
            "id": "@class/word",
            "prob": 1,
            "ordinal": [
              0,
              2
            ],
            "value": "DIV.big-form.page-shadow DIV.form-wrapper TABLE.layout-form.col-3"
          },
          {
            "id": "path/ordinal",
            "prob": 1,
            "value": "/HTML[1]/BODY[1]/FORM[1]/DIV[3]/DIV[7]/DIV[3]/TABLE[1]"
          }
        ]
      },
      "events": {
        "onGetData": "getData_control425_kaWm9F"
      },
      "intendedRole": "custom",
      "roles": "element,custom",
      "ignoreVisibility": true,
      "monitored": true,
      "frameXPath": "",
      "componentType": "custom"
    },
    "control426_v70n85": {
      "location": {
        "data": {
          "tagName": "TABLE"
        },
        "locators": [
          {
            "id": "@id/partialWord",
            "prob": 1,
            "disabled": true,
            "value": {
              "elemId": "contentForm_P1",
              "tagName": "DIV",
              "prefix": "",
              "suffix": "/DIV[6]/TABLE[1]",
              "ratio": 0.22
            }
          },
          {
            "id": "@class/word",
            "prob": 1,
            "ordinal": [
              1,
              2
            ],
            "value": "DIV.big-form.page-shadow DIV.form-wrapper TABLE.layout-form.col-3"
          },
          {
            "id": "path/ordinal",
            "prob": 1,
            "value": "/HTML[1]/BODY[1]/FORM[1]/DIV[3]/DIV[7]/DIV[6]/TABLE[1]"
          }
        ]
      },
      "events": {
        "onGetData": "getData_control426_v70n85"
      },
      "intendedRole": "custom",
      "roles": "element,custom",
      "ignoreVisibility": true,
      "monitored": true,
      "frameXPath": "",
      "componentType": "custom"
    },
    "control427_saVc9Q": {
      "location": {
        "data": {
          "tagName": "TABLE"
        },
        "locators": [
          {
            "id": "@id/partialWord",
            "prob": 1,
            "disabled": true,
            "value": {
              "elemId": "form1",
              "tagName": "FORM",
              "prefix": "",
              "suffix": "/DIV[3]/DIV[11]/TABLE[1]",
              "ratio": 0.78
            }
          },
          {
            "id": "@class/word",
            "prob": 1,
            "ordinal": [
              3,
              4
            ],
            "value": "DIV.big-form.page-shadow DIV.form-wrapper TABLE.layout-form"
          },
          {
            "id": "path/ordinal",
            "prob": 1,
            "value": "/HTML[1]/BODY[1]/FORM[1]/DIV[3]/DIV[11]/TABLE[1]"
          }
        ]
      },
      "events": {
        "onGetData": "getData_control427_saVc9Q"
      },
      "intendedRole": "custom",
      "roles": "element,custom",
      "ignoreVisibility": true,
      "monitored": true,
      "frameXPath": "",
      "componentType": "custom"
    },
    "control428_ztsWWc": {
      "location": {
        "data": {
          "tagName": "TABLE"
        },
        "locators": [
          {
            "id": "@class/word",
            "prob": 1,
            "ordinal": [
              5,
              6
            ],
            "value": "BODY.formPage DIV.big-form.page-shadow DIV.form-wrapper TABLE"
          },
          {
            "id": "path/ordinal",
            "prob": 1,
            "value": "/HTML[1]/BODY[1]/FORM[1]/DIV[3]/DIV[12]/DIV[2]/TABLE[1]"
          }
        ]
      },
      "events": {
        "onGetData": "getData_control428_ztsWWc"
      },
      "intendedRole": "custom",
      "roles": "element,custom",
      "ignoreVisibility": true,
      "monitored": true,
      "frameXPath": "",
      "componentType": "custom"
    },
    "control429_Eo27Kb": {
      "location": {
        "data": {
          "tagName": "TABLE"
        },
        "locators": [
          {
            "id": "@id/partialWord",
            "prob": 1,
            "disabled": true,
            "value": {
              "elemId": "form1",
              "tagName": "FORM",
              "prefix": "",
              "suffix": "/DIV[3]/TABLE[2]",
              "ratio": 0.78
            }
          },
          {
            "id": "@class/word",
            "prob": 1,
            "ordinal": [
              1,
              2
            ],
            "value": "BODY.formPage DIV.big-form.page-shadow TABLE.layout-data"
          },
          {
            "id": "path/ordinal",
            "prob": 1,
            "value": "/HTML[1]/BODY[1]/FORM[1]/DIV[3]/TABLE[2]"
          }
        ]
      },
      "events": {
        "onGetData": "getData_control429_Eo27Kb"
      },
      "intendedRole": "custom",
      "roles": "element,custom",
      "ignoreVisibility": true,
      "monitored": true,
      "frameXPath": "",
      "componentType": "custom"
    },
    "control430_tyAMT0": {
      "location": {
        "data": {
          "tagName": "A"
        },
        "locators": [
          {
            "id": "a/@href",
            "prob": 2,
            "ordinal": [
              1,
              2
            ],
            "value": {
              "funcName": "__doPostBack"
            }
          },
          {
            "id": "@class/word",
            "prob": 1,
            "value": "DIV.ufoot UL.ax LI.gb SPAN A"
          },
          {
            "id": "path/ordinal",
            "prob": 1,
            "value": "/HTML[1]/BODY[1]/FORM[1]/DIV[5]/UL[1]/LI[2]/SPAN[1]/A[1]"
          },
          {
            "id": "elderLevel",
            "value": {
              "level": 0
            }
          }
        ]
      },
      "events": {
        "onGetData": "getData_control430_tyAMT0"
      },
      "intendedRole": "custom",
      "roles": "element,link,custom",
      "ignoreVisibility": true,
      "monitored": true,
      "frameXPath": "",
      "componentType": "custom"
    }
  },
  "contexts": {
    "context50_1eSGt0": {
      "controls": [
        "control423_KsP0B4",
        "control424_StpaRo",
        "control425_kaWm9F",
        "control426_v70n85",
        "control427_saVc9Q",
        "control428_ztsWWc",
        "control429_Eo27Kb",
        "control430_tyAMT0"
      ],
      "anchors": [],
      "urlAnchor": [
        "http:\\/\\/172\\.16\\.11\\.61:9992\\/Forms\\/KZ\\/LXXZ\\/View\\.aspx"
      ]
    }
  },
  "flows": {
    "flow111_oGTo1Q": {
      "toContexts": [
        {
          "toContextId": "context50_1eSGt0"
        }
      ]
    }
  },
  "pages": {
    "page50_IQUQrF": {
      "contextId": "context50_1eSGt0",
      "layout": [
        {
          "id": "uiControl423_JTGWcI",
          "controlId": "control423_KsP0B4",
          "display": {
            "adapterId": "custom",
            "type": "custom",
            "adapter": {
              "templateType": "react",
              "events": {
                "onDoAction": "doAction_uiControl423_JTGWcI",
                "onGetTemplate": "getTemplate_uiControl423_JTGWcI"
              }
            }
          }
        },
        {
          "id": "uiControl424_osgZDX",
          "controlId": "control424_StpaRo",
          "display": {
            "adapterId": "custom",
            "type": "custom",
            "adapter": {
              "templateType": "react",
              "events": {
                "onDoAction": "doAction_uiControl424_osgZDX",
                "onGetTemplate": "getTemplate_uiControl424_osgZDX"
              }
            }
          }
        },
        {
          "id": "uiControl425_tzAEci",
          "controlId": "control425_kaWm9F",
          "display": {
            "adapterId": "custom",
            "type": "custom",
            "adapter": {
              "templateType": "react",
              "events": {
                "onDoAction": "doAction_uiControl425_tzAEci",
                "onGetTemplate": "getTemplate_uiControl425_tzAEci"
              }
            }
          }
        },
        {
          "id": "uiControl426_VgJXra",
          "controlId": "control426_v70n85",
          "display": {
            "adapterId": "custom",
            "type": "custom",
            "adapter": {
              "templateType": "react",
              "events": {
                "onDoAction": "doAction_uiControl426_VgJXra",
                "onGetTemplate": "getTemplate_uiControl426_VgJXra"
              }
            }
          }
        },
        {
          "id": "uiControl427_dGOQxp",
          "controlId": "control427_saVc9Q",
          "display": {
            "adapterId": "custom",
            "type": "custom",
            "adapter": {
              "templateType": "react",
              "events": {
                "onDoAction": "doAction_uiControl427_dGOQxp",
                "onGetTemplate": "getTemplate_uiControl427_dGOQxp"
              }
            }
          }
        },
        {
          "id": "uiControl428_AHee68",
          "controlId": "control428_ztsWWc",
          "display": {
            "adapterId": "custom",
            "type": "custom",
            "adapter": {
              "templateType": "react",
              "events": {
                "onDoAction": "doAction_uiControl428_AHee68",
                "onGetTemplate": "getTemplate_uiControl428_AHee68"
              }
            }
          }
        },
        {
          "id": "uiControl429_xl3Tzs",
          "controlId": "control429_Eo27Kb",
          "display": {
            "adapterId": "custom",
            "type": "custom",
            "adapter": {
              "templateType": "react",
              "events": {
                "onDoAction": "doAction_uiControl429_xl3Tzs",
                "onGetTemplate": "getTemplate_uiControl429_xl3Tzs"
              }
            }
          }
        },
        {
          "id": "uiControl430_fOk0yg",
          "controlId": "control430_tyAMT0",
          "display": {
            "adapterId": "custom",
            "type": "custom",
            "adapter": {
              "templateType": "react",
              "events": {
                "onDoAction": "doAction_uiControl430_fOk0yg",
                "onGetTemplate": "getTemplate_uiControl430_fOk0yg"
              }
            }
          }
        }
      ]
    }
  },
  "matchers": {
    "page/title": {
      "contexts": {
        "context50_1eSGt0": [
          "路线新增流程-查看页面"
        ]
      }
    },
    "page/urls": {
      "contexts": {
        "context50_1eSGt0": [
          "172.16.11.61:9992/Forms/KZ/LXXZ/View.aspx?ProcInstId=37A2E7EC9D65D5AF"
        ]
      }
    },
    "page/ids": {
      "contexts": {
        "context50_1eSGt0": [
          [
            "Header_hidFlag",
            "Header_txtCompanyName",
            "Header_txtDate",
            "Header_txtDepartName",
            "Header_txtEmail",
            "Header_txtPhone",
            "Header_txtUserName",
            "LinkedProcInst_hfGuid",
            "LinkedProcInst_hfStart",
            "LinkedProcInst_hfUserLoginName",
            "__EVENTARGUMENT",
            "__EVENTTARGET",
            "__EVENTVALIDATION",
            "__VIEWSTATE",
            "btnAddLink",
            "contentActionBar_ActionBar_Action",
            "contentActionBar_ActionBar_ActionName",
            "contentActionBar_ActionBar_AddApprover",
            "contentActionBar_ActionBar_AddApproverName",
            "contentActionBar_ActionBar_GotoActivityName",
            "contentActionBar_ActionBar_IsReturnBack",
            "contentActionBar_ActionBar_Print",
            "contentActionBar_ActionBar_UserAction",
            "contentActionBar_ActionBar_btnAddApprover",
            "contentActionBar_ActionBar_btnClose",
            "contentActionBar_ActionBar_btnPrint",
            "contentActionBar_ActionBar_btnRedirect",
            "contentActionBar_ActionBar_hidJBAffirm",
            "contentForm_P",
            "contentForm_txt_ApplicantDeptName",
            "contentForm_txt_ApplyCompany",
            "contentForm_txt_ApplyEmployeeCode",
            "contentForm_txt_ApplyEmployeeName",
            "contentForm_txt_EXT",
            "contentForm_txt_InformName",
            "contentForm_txt_SAPReturnNo",
            "contentForm_txt_ZZLAREADESC",
            "contentForm_txt_ZZLINE_DESC",
            "contentForm_txt_ZZLINE_XZ",
            "contentForm_txt_ZZOFFDESC",
            "contentForm_txt_ZZROUTEDESC",
            "contentForm_txt_ZZSALAREADESC",
            "contentForm_txt_ZZSALEOFFDESC",
            "contentForm_txt_ZZSALROUT",
            "div",
            "form",
            "person_infor",
            "person_infor_trigger",
            "tb_List"
          ]
        ]
      }
    },
    "page/classes": {
      "contexts": {
        "context50_1eSGt0": [
          [
            "aspNetHidden",
            "aui_border",
            "aui_buttons",
            "aui_c",
            "aui_close",
            "aui_content",
            "aui_dialog",
            "aui_e",
            "aui_footer",
            "aui_header",
            "aui_icon",
            "aui_iconBg",
            "aui_inner",
            "aui_main",
            "aui_n",
            "aui_ne",
            "aui_nw",
            "aui_outer",
            "aui_s",
            "aui_se",
            "aui_sw",
            "aui_title",
            "aui_titleBar",
            "aui_w",
            "ax",
            "bar-code-rightcorner",
            "big-form",
            "btn",
            "clear",
            "col",
            "col-",
            "font-lightgrey",
            "font-xxl",
            "form-wrapper",
            "gb",
            "labelwidth",
            "layout-data",
            "layout-form",
            "logo-leftcorner",
            "mt-s",
            "none_edit",
            "p-explain",
            "page-shadow",
            "red",
            "required",
            "size-s",
            "swich_btn",
            "title",
            "tj",
            "top",
            "ufoot"
          ],
          [
            "active",
            "aspNetHidden",
            "aui_border",
            "aui_buttons",
            "aui_c",
            "aui_close",
            "aui_content",
            "aui_dialog",
            "aui_e",
            "aui_footer",
            "aui_header",
            "aui_icon",
            "aui_iconBg",
            "aui_inner",
            "aui_main",
            "aui_n",
            "aui_ne",
            "aui_nw",
            "aui_outer",
            "aui_s",
            "aui_se",
            "aui_sw",
            "aui_title",
            "aui_titleBar",
            "aui_w",
            "ax",
            "bar-code-rightcorner",
            "big-form",
            "btn",
            "clear",
            "col",
            "col-",
            "font-lightgrey",
            "font-xxl",
            "form-wrapper",
            "gb",
            "labelwidth",
            "layout-data",
            "layout-form",
            "logo-leftcorner",
            "mt-s",
            "none_edit",
            "p-explain",
            "page-shadow",
            "red",
            "required",
            "show",
            "size-s",
            "swich_btn",
            "title",
            "tj",
            "top",
            "ufoot"
          ]
        ]
      }
    },
    "page/tagTriplets": {
      "contexts": {
        "context50_1eSGt0": [
          [
            "-/-/DIV",
            "-/-/FORM",
            "-/-/SCRIPT",
            "-/DIV/DIV",
            "-/FORM/DIV",
            "-/FORM/SCRIPT",
            "DIV/DIV/A",
            "DIV/DIV/BR",
            "DIV/DIV/DIV",
            "DIV/DIV/H1",
            "DIV/DIV/IMG",
            "DIV/DIV/INPUT-hidden",
            "DIV/DIV/INPUT-submit",
            "DIV/DIV/INPUT-text",
            "DIV/DIV/TABLE",
            "DIV/H1/BR",
            "DIV/H1/SPAN",
            "DIV/TABLE/TBODY",
            "DIV/TABLE/THEAD",
            "DIV/UL/LI",
            "FORM/DIV/BR",
            "FORM/DIV/BUTTON",
            "FORM/DIV/DIV",
            "FORM/DIV/INPUT-hidden",
            "FORM/DIV/SCRIPT",
            "FORM/DIV/TABLE",
            "FORM/DIV/UL",
            "LI/SPAN/A",
            "TABLE/TBODY/TR",
            "TABLE/THEAD/TR",
            "TBODY/TR/TD",
            "TBODY/TR/TH",
            "TD/DIV/A",
            "TD/DIV/DIV",
            "TD/DIV/TABLE",
            "TD/LABEL/SPAN",
            "TD/TABLE/TBODY",
            "THEAD/TR/TH",
            "TR/TD/DIV",
            "TR/TD/IMG",
            "TR/TD/INPUT-text",
            "TR/TD/LABEL",
            "TR/TD/SPAN",
            "TR/TD/TABLE",
            "UL/LI/SPAN"
          ]
        ]
      }
    }
  }
}