{
  "version": "0.1",
  "id": "entry",
  "targetURL": "http://172.16.11.61:8000/Forms/HR/LYSQ/Processing.aspx?SN=70E2DEFA818508B789A973F1DA277A3F&Guid=b8ac1e2a-883d-4605-ac7b-08091c73ca8d",
  "jsFile": "index.js",
  "chineseName": "录用入职审批单",
  "description": "",
  "firstPaintEnable": false,
  "controls": {
    "control103_cBfmp0": {
      "location": {
        "data": {
          "tagName": "H1"
        },
        "userData": {
          "data": [],
          "force": false
        },
        "locators": [
          {
            "id": "@id/word",
            "prob": 2,
            "value": [
              "descendant::FORM[@id=\"aspnetForm\"]/DIV[3]/DIV[1]/H1[1]",
              "descendant::FORM[@id=\"aspnetForm\"]//H1"
            ]
          },
          {
            "id": "@class/word",
            "prob": 1,
            "value": "DIV.big-form.page-shadow DIV.top H1"
          },
          {
            "id": "path/ordinal",
            "prob": 1,
            "value": "/HTML[1]/BODY[1]/FORM[1]/DIV[3]/DIV[1]/H1[1]"
          }
        ]
      },
      "events": {
        "onGetData": "getData_control103_cBfmp0"
      },
      "intendedRole": "custom",
      "roles": "element,custom",
      "monitored": true,
      "frameXPath": "",
      "componentType": "custom"
    },
    "control138_TTTqHB": {
      "location": {
        "data": {
          "tagName": "DIV"
        },
        "locators": [
          {
            "id": "@id/word",
            "prob": 3,
            "value": [
              "descendant::FORM[@id=\"aspnetForm\"]//DIV[@id=\"person_infor\"]",
              "descendant::DIV[@id=\"person_infor\"]"
            ]
          },
          {
            "id": "@class/word",
            "prob": 1,
            "value": "DIV.big-form.page-shadow DIV.show"
          },
          {
            "id": "path/ordinal",
            "prob": 1,
            "value": "/HTML[1]/BODY[1]/FORM[1]/DIV[3]/DIV[5]"
          }
        ]
      },
      "events": {
        "onGetData": "getData_control138_TTTqHB"
      },
      "intendedRole": "custom",
      "roles": "element,custom",
      "ignoreVisibility": true,
      "monitored": true,
      "frameXPath": "",
      "componentType": "custom"
    },
    "control139_19Z5Q8": {
      "location": {
        "data": {
          "tagName": "DIV"
        },
        "locators": [
          {
            "id": "@id/word",
            "prob": 1,
            "value": "descendant::FORM[@id=\"aspnetForm\"]/DIV[3]/DIV[7]/DIV[3]"
          },
          {
            "id": "@class/word",
            "prob": 1,
            "ordinal": [
              2,
              13
            ],
            "value": "DIV.big-form.page-shadow DIV.form-wrapper"
          },
          {
            "id": "path/ordinal",
            "prob": 1,
            "value": "/HTML[1]/BODY[1]/FORM[1]/DIV[3]/DIV[7]/DIV[3]"
          }
        ]
      },
      "events": {
        "onGetData": "getData_control139_19Z5Q8"
      },
      "intendedRole": "custom",
      "roles": "element,link,custom",
      "monitored": true,
      "frameXPath": "",
      "componentType": "custom"
    },
    "control140_p6w0zI": {
      "location": {
        "data": {
          "tagName": "DIV"
        },
        "locators": [
          {
            "id": "@id/word",
            "prob": 1,
            "value": "descendant::FORM[@id=\"aspnetForm\"]/DIV[3]/DIV[7]/DIV[6]"
          },
          {
            "id": "@class/word",
            "prob": 1,
            "ordinal": [
              3,
              13
            ],
            "value": "DIV.big-form.page-shadow DIV.form-wrapper"
          },
          {
            "id": "path/ordinal",
            "prob": 1,
            "value": "/HTML[1]/BODY[1]/FORM[1]/DIV[3]/DIV[7]/DIV[6]"
          }
        ]
      },
      "events": {
        "onGetData": "getData_control140_p6w0zI"
      },
      "intendedRole": "custom",
      "roles": "element,custom",
      "monitored": true,
      "frameXPath": "",
      "componentType": "custom"
    },
    "control142_R2CP70": {
      "location": {
        "data": {
          "tagName": "UL"
        },
        "locators": [
          {
            "id": "@id/word",
            "prob": 2,
            "value": [
              "descendant::FORM[@id=\"aspnetForm\"]/DIV[5]/UL[1]",
              "descendant::FORM[@id=\"aspnetForm\"]//UL"
            ]
          },
          {
            "id": "@class/word",
            "prob": 1,
            "value": "DIV.ufoot UL.ax"
          },
          {
            "id": "path/ordinal",
            "prob": 1,
            "value": "/HTML[1]/BODY[1]/FORM[1]/DIV[5]/UL[1]"
          }
        ]
      },
      "events": {
        "onGetData": "getData_control142_R2CP70"
      },
      "intendedRole": "custom",
      "roles": "element,custom",
      "monitored": true,
      "frameXPath": "",
      "componentType": "custom"
    },
    "control143_L6lZCM": {
      "location": {
        "data": {
          "tagName": "TABLE"
        },
        "locators": [
          {
            "id": "@id/word",
            "prob": 2,
            "value": "descendant::FORM[@id=\"aspnetForm\"]/DIV[3]/DIV[22]/TABLE[1]"
          },
          {
            "id": "@class/word",
            "prob": 1,
            "ordinal": [
              11,
              12
            ],
            "value": "DIV.big-form.page-shadow DIV.form-wrapper TABLE.layout-form"
          },
          {
            "id": "path/ordinal",
            "prob": 1,
            "value": "/HTML[1]/BODY[1]/FORM[1]/DIV[3]/DIV[22]/TABLE[1]"
          }
        ]
      },
      "events": {
        "onGetData": "getData_control143_L6lZCM"
      },
      "intendedRole": "custom",
      "roles": "element,custom",
      "monitored": true,
      "frameXPath": "",
      "componentType": "custom"
    },
    "control144_yGJvSJ": {
      "location": {
        "data": {
          "tagName": "TABLE"
        },
        "locators": [
          {
            "id": "@id/word",
            "prob": 2,
            "value": "descendant::FORM[@id=\"aspnetForm\"]/DIV[3]/TABLE[3]"
          },
          {
            "id": "@class/word",
            "prob": 1,
            "ordinal": [
              2,
              3
            ],
            "value": "DIV.big-form.page-shadow TABLE.layout-data"
          },
          {
            "id": "path/ordinal",
            "prob": 1,
            "value": "/HTML[1]/BODY[1]/FORM[1]/DIV[3]/TABLE[3]"
          }
        ]
      },
      "events": {
        "onGetData": "getData_control144_yGJvSJ"
      },
      "intendedRole": "custom",
      "roles": "element,custom",
      "monitored": true,
      "frameXPath": "",
      "componentType": "custom"
    },
    "control145_6cAalL": {
      "location": {
        "data": {
          "tagName": "TABLE"
        },
        "locators": [
          {
            "id": "@id/word",
            "prob": 2,
            "value": "descendant::FORM[@id=\"aspnetForm\"]/DIV[3]/TABLE[2]"
          },
          {
            "id": "@class/word",
            "prob": 1,
            "ordinal": [
              1,
              3
            ],
            "value": "DIV.big-form.page-shadow TABLE.layout-data"
          },
          {
            "id": "path/ordinal",
            "prob": 1,
            "value": "/HTML[1]/BODY[1]/FORM[1]/DIV[3]/TABLE[2]"
          }
        ]
      },
      "events": {
        "onGetData": "getData_control145_6cAalL"
      },
      "intendedRole": "custom",
      "roles": "element,custom",
      "monitored": true,
      "frameXPath": "",
      "componentType": "custom"
    },
    "control146_duBie6": {
      "location": {
        "data": {
          "tagName": "DIV"
        },
        "locators": [
          {
            "id": "@id/word",
            "prob": 1,
            "value": "descendant::FORM[@id=\"aspnetForm\"]/DIV[3]/DIV[7]/DIV[10]"
          },
          {
            "id": "@class/word",
            "prob": 1,
            "ordinal": [
              4,
              13
            ],
            "value": "DIV.big-form.page-shadow DIV.form-wrapper"
          },
          {
            "id": "path/ordinal",
            "prob": 1,
            "value": "/HTML[1]/BODY[1]/FORM[1]/DIV[3]/DIV[7]/DIV[10]"
          }
        ]
      },
      "events": {
        "onGetData": "getData_control146_duBie6"
      },
      "intendedRole": "custom",
      "roles": "element,custom",
      "monitored": true,
      "frameXPath": "",
      "componentType": "custom"
    },
    "control147_M6OUZf": {
      "location": {
        "data": {
          "tagName": "DIV"
        },
        "locators": [
          {
            "id": "@id/word",
            "prob": 1,
            "value": "descendant::FORM[@id=\"aspnetForm\"]/DIV[3]/DIV[7]/DIV[13]"
          },
          {
            "id": "@class/word",
            "prob": 1,
            "ordinal": [
              5,
              13
            ],
            "value": "DIV.big-form.page-shadow DIV.form-wrapper"
          },
          {
            "id": "path/ordinal",
            "prob": 1,
            "value": "/HTML[1]/BODY[1]/FORM[1]/DIV[3]/DIV[7]/DIV[13]"
          }
        ]
      },
      "events": {
        "onGetData": "getData_control147_M6OUZf"
      },
      "intendedRole": "custom",
      "roles": "element,custom",
      "monitored": true,
      "frameXPath": "",
      "componentType": "custom"
    },
    "control148_HiSNxi": {
      "location": {
        "data": {
          "tagName": "DIV"
        },
        "locators": [
          {
            "id": "@id/word",
            "prob": 1,
            "value": "descendant::FORM[@id=\"aspnetForm\"]/DIV[3]/DIV[7]/DIV[16]"
          },
          {
            "id": "@class/word",
            "prob": 1,
            "ordinal": [
              6,
              13
            ],
            "value": "DIV.big-form.page-shadow DIV.form-wrapper"
          },
          {
            "id": "path/ordinal",
            "prob": 1,
            "value": "/HTML[1]/BODY[1]/FORM[1]/DIV[3]/DIV[7]/DIV[16]"
          }
        ]
      },
      "events": {
        "onGetData": "getData_control148_HiSNxi"
      },
      "intendedRole": "custom",
      "roles": "element,custom",
      "monitored": true,
      "frameXPath": "",
      "componentType": "custom"
    },
    "control149_02TeMG": {
      "location": {
        "data": {
          "tagName": "DIV"
        },
        "locators": [
          {
            "id": "@id/word",
            "prob": 1,
            "value": "descendant::FORM[@id=\"aspnetForm\"]/DIV[3]/DIV[7]/DIV[19]"
          },
          {
            "id": "@class/word",
            "prob": 1,
            "ordinal": [
              7,
              13
            ],
            "value": "DIV.big-form.page-shadow DIV.form-wrapper"
          },
          {
            "id": "path/ordinal",
            "prob": 1,
            "value": "/HTML[1]/BODY[1]/FORM[1]/DIV[3]/DIV[7]/DIV[19]"
          }
        ]
      },
      "events": {
        "onGetData": "getData_control149_02TeMG"
      },
      "intendedRole": "custom",
      "roles": "element,custom",
      "monitored": true,
      "frameXPath": "",
      "componentType": "custom"
    },
    "control150_JOFaKc": {
      "location": {
        "data": {
          "tagName": "DIV"
        },
        "locators": [
          {
            "id": "@id/word",
            "prob": 1,
            "value": "descendant::FORM[@id=\"aspnetForm\"]/DIV[3]/DIV[7]/DIV[22]"
          },
          {
            "id": "@class/word",
            "prob": 1,
            "ordinal": [
              8,
              13
            ],
            "value": "DIV.big-form.page-shadow DIV.form-wrapper"
          },
          {
            "id": "path/ordinal",
            "prob": 1,
            "value": "/HTML[1]/BODY[1]/FORM[1]/DIV[3]/DIV[7]/DIV[22]"
          }
        ]
      },
      "events": {
        "onGetData": "getData_control150_JOFaKc"
      },
      "intendedRole": "custom",
      "roles": "element,custom",
      "monitored": true,
      "frameXPath": "",
      "componentType": "custom"
    },
    "control151_2BbLGt": {
      "location": {
        "data": {
          "tagName": "DIV"
        },
        "locators": [
          {
            "id": "@id/word",
            "prob": 1,
            "value": "descendant::FORM[@id=\"aspnetForm\"]/DIV[3]/DIV[7]/DIV[25]"
          },
          {
            "id": "@class/word",
            "prob": 1,
            "ordinal": [
              9,
              13
            ],
            "value": "DIV.big-form.page-shadow DIV.form-wrapper"
          },
          {
            "id": "path/ordinal",
            "prob": 1,
            "value": "/HTML[1]/BODY[1]/FORM[1]/DIV[3]/DIV[7]/DIV[25]"
          }
        ]
      },
      "events": {
        "onGetData": "getData_control151_2BbLGt"
      },
      "intendedRole": "custom",
      "roles": "element,custom",
      "monitored": true,
      "frameXPath": "",
      "componentType": "custom"
    },
    "control152_g1ud4z": {
      "location": {
        "data": {
          "tagName": "DIV"
        },
        "locators": [
          {
            "id": "@id/word",
            "prob": 1,
            "value": "descendant::FORM[@id=\"aspnetForm\"]/DIV[3]/DIV[7]/DIV[28]"
          },
          {
            "id": "@class/word",
            "prob": 1,
            "ordinal": [
              10,
              13
            ],
            "value": "DIV.big-form.page-shadow DIV.form-wrapper"
          },
          {
            "id": "path/ordinal",
            "prob": 1,
            "value": "/HTML[1]/BODY[1]/FORM[1]/DIV[3]/DIV[7]/DIV[28]"
          }
        ]
      },
      "events": {
        "onGetData": "getData_control152_g1ud4z"
      },
      "intendedRole": "custom",
      "roles": "element,custom",
      "monitored": true,
      "frameXPath": "",
      "componentType": "custom"
    }
  },
  "contexts": {
    "context20_4zxkiP": {
      "controls": [
        "control103_cBfmp0",
        "control138_TTTqHB",
        "control139_19Z5Q8",
        "control140_p6w0zI",
        "control142_R2CP70",
        "control143_L6lZCM",
        "control144_yGJvSJ",
        "control145_6cAalL",
        "control146_duBie6",
        "control147_M6OUZf",
        "control148_HiSNxi",
        "control149_02TeMG",
        "control150_JOFaKc",
        "control151_2BbLGt",
        "control152_g1ud4z"
      ],
      "anchors": [],
      "urlAnchor": [
        "http:\\/\\/172\\.16\\.11\\.61:8000\\/Forms\\/HR\\/LYSQ\\/Processing\\.aspx\\?.*"
      ]
    }
  },
  "flows": {},
  "pages": {
    "page20_P225DG": {
      "contextId": "context20_4zxkiP",
      "layout": [
        {
          "id": "uiControl103_MC3Ddr",
          "controlId": "control103_cBfmp0",
          "display": {
            "adapterId": "custom",
            "type": "custom",
            "adapter": {
              "templateType": "react",
              "events": {
                "onDoAction": "doAction_uiControl103_MC3Ddr",
                "onGetTemplate": "getTemplate_uiControl103_MC3Ddr"
              }
            }
          }
        },
        {
          "id": "uiControl138_fQZRCX",
          "controlId": "control138_TTTqHB",
          "display": {
            "adapterId": "custom",
            "type": "custom",
            "adapter": {
              "templateType": "react",
              "events": {
                "onDoAction": "doAction_uiControl138_fQZRCX",
                "onGetTemplate": "getTemplate_uiControl138_fQZRCX"
              }
            }
          }
        },
        {
          "id": "uiControl139_2lprTI",
          "controlId": "control139_19Z5Q8",
          "display": {
            "adapterId": "custom",
            "type": "custom",
            "adapter": {
              "templateType": "react",
              "events": {
                "onDoAction": "doAction_uiControl139_2lprTI",
                "onGetTemplate": "getTemplate_uiControl139_2lprTI"
              }
            }
          }
        },
        {
          "id": "uiControl140_6TXTcW",
          "controlId": "control140_p6w0zI",
          "display": {
            "adapterId": "custom",
            "type": "custom",
            "adapter": {
              "templateType": "react",
              "events": {
                "onDoAction": "doAction_uiControl140_6TXTcW",
                "onGetTemplate": "getTemplate_uiControl140_6TXTcW"
              }
            }
          }
        },
        {
          "id": "uiControl146_GL731p",
          "controlId": "control146_duBie6",
          "display": {
            "adapterId": "custom",
            "type": "custom",
            "adapter": {
              "templateType": "react",
              "events": {
                "onDoAction": "doAction_uiControl146_GL731p",
                "onGetTemplate": "getTemplate_uiControl146_GL731p"
              }
            }
          }
        },
        {
          "id": "uiControl147_TeXHLx",
          "controlId": "control147_M6OUZf",
          "display": {
            "adapterId": "custom",
            "type": "custom",
            "adapter": {
              "templateType": "react",
              "events": {
                "onDoAction": "doAction_uiControl147_TeXHLx",
                "onGetTemplate": "getTemplate_uiControl147_TeXHLx"
              }
            }
          }
        },
        {
          "id": "uiControl148_mruGRq",
          "controlId": "control148_HiSNxi",
          "display": {
            "adapterId": "custom",
            "type": "custom",
            "adapter": {
              "templateType": "react",
              "events": {
                "onDoAction": "doAction_uiControl148_mruGRq",
                "onGetTemplate": "getTemplate_uiControl148_mruGRq"
              }
            }
          }
        },
        {
          "id": "uiControl149_TmJb2m",
          "controlId": "control149_02TeMG",
          "display": {
            "adapterId": "custom",
            "type": "custom",
            "adapter": {
              "templateType": "react",
              "events": {
                "onDoAction": "doAction_uiControl149_TmJb2m",
                "onGetTemplate": "getTemplate_uiControl149_TmJb2m"
              }
            }
          }
        },
        {
          "id": "uiControl150_ZzaVhS",
          "controlId": "control150_JOFaKc",
          "display": {
            "adapterId": "custom",
            "type": "custom",
            "adapter": {
              "templateType": "react",
              "events": {
                "onDoAction": "doAction_uiControl150_ZzaVhS",
                "onGetTemplate": "getTemplate_uiControl150_ZzaVhS"
              }
            }
          }
        },
        {
          "id": "uiControl151_C8gFst",
          "controlId": "control151_2BbLGt",
          "display": {
            "adapterId": "custom",
            "type": "custom",
            "adapter": {
              "templateType": "react",
              "events": {
                "onDoAction": "doAction_uiControl151_C8gFst",
                "onGetTemplate": "getTemplate_uiControl151_C8gFst"
              }
            }
          }
        },
        {
          "id": "uiControl152_tW0qc9",
          "controlId": "control152_g1ud4z",
          "display": {
            "adapterId": "custom",
            "type": "custom",
            "adapter": {
              "templateType": "react",
              "events": {
                "onDoAction": "doAction_uiControl152_tW0qc9",
                "onGetTemplate": "getTemplate_uiControl152_tW0qc9"
              }
            }
          }
        },
        {
          "id": "uiControl145_wxEile",
          "controlId": "control145_6cAalL",
          "display": {
            "adapterId": "custom",
            "type": "custom",
            "adapter": {
              "templateType": "react",
              "events": {
                "onDoAction": "doAction_uiControl145_wxEile",
                "onGetTemplate": "getTemplate_uiControl145_wxEile"
              }
            }
          }
        },
        {
          "id": "uiControl144_dPet3A",
          "controlId": "control144_yGJvSJ",
          "display": {
            "adapterId": "custom",
            "type": "custom",
            "adapter": {
              "templateType": "react",
              "events": {
                "onDoAction": "doAction_uiControl144_dPet3A",
                "onGetTemplate": "getTemplate_uiControl144_dPet3A"
              }
            }
          }
        },
        {
          "id": "uiControl143_wRfWTZ",
          "controlId": "control143_L6lZCM",
          "display": {
            "adapterId": "custom",
            "type": "custom",
            "adapter": {
              "templateType": "react",
              "events": {
                "onDoAction": "doAction_uiControl143_wRfWTZ",
                "onGetTemplate": "getTemplate_uiControl143_wRfWTZ"
              }
            }
          }
        },
        {
          "id": "uiControl142_Jo14lb",
          "controlId": "control142_R2CP70",
          "display": {
            "adapterId": "custom",
            "type": "custom",
            "adapter": {
              "templateType": "react",
              "events": {
                "onDoAction": "doAction_uiControl142_Jo14lb",
                "onGetTemplate": "getTemplate_uiControl142_Jo14lb"
              }
            }
          }
        }
      ]
    }
  },
  "matchers": {
    "page/title": {
      "contexts": {
        "context20_4zxkiP": [
          "录用入职审批单 - 审批页"
        ]
      }
    },
    "page/urls": {
      "contexts": {
        "context20_4zxkiP": [
          "172.16.11.61:8000/Forms/HR/LYSQ/Processing.aspx?SN=70E2DEFA818508B789A973F1DA277A3F&Guid=b8ac1e2a-883d-4605-ac7b-08091c73ca8d",
          "172.16.11.61:8000/Forms/HR/LYSQ/Processing.aspx?SN=6B69165BD2DFFD7EE4BAB9480A301ACF&Guid=07b2f48b-5065-4e5f-827e-c69707624139"
        ]
      }
    },
    "page/ids": {
      "contexts": {
        "context20_4zxkiP": [
          [
            "AppUsersDiv",
            "__EVENTARGUMENT",
            "__EVENTTARGET",
            "__SCROLLPOSITIONX",
            "__SCROLLPOSITIONY",
            "__VIEWSTATE",
            "_myDP",
            "approveMemo",
            "aspnetForm",
            "btnAddLink",
            "btnFileUpload",
            "ctl_ActionBar_Action",
            "ctl_ActionBar_ActionName",
            "ctl_ActionBar_AddApproval",
            "ctl_ActionBar_AddApprover",
            "ctl_ActionBar_AddApproverName",
            "ctl_ActionBar_Approval",
            "ctl_ActionBar_GotoActivityName",
            "ctl_ActionBar_IsReturnBack",
            "ctl_ActionBar_Reject",
            "ctl_ActionBar_UserAction",
            "ctl_ActionBar_WorkFlow",
            "ctl_ActionBar_btnAddApprover",
            "ctl_ActionBar_btnApprove",
            "ctl_ActionBar_btnClose",
            "ctl_ActionBar_btnInform",
            "ctl_ActionBar_btnRedirect",
            "ctl_ActionBar_btnReject",
            "ctl_ActionBar_btnWorkFlow",
            "ctl_ActionBar_hidJBAffirm",
            "ctl_ApproveControl_lblActivityName",
            "ctl_ApproveControl_txtMemo",
            "ctl_Attachment_fileUpload",
            "ctl_Attachment_hfActivityName",
            "ctl_Attachment_hfGuid",
            "ctl_Attachment_hfIsStart",
            "ctl_Attachment_hfUserLoginName",
            "ctl_Header_hidFlag",
            "ctl_Header_txtCompanyName",
            "ctl_Header_txtDate",
            "ctl_Header_txtDepartName",
            "ctl_Header_txtEmail",
            "ctl_Header_txtPhone",
            "ctl_Header_txtUserName",
            "ctl_LinkedProcInst_hfGuid",
            "ctl_LinkedProcInst_hfStart",
            "ctl_LinkedProcInst_hfUserLoginName",
            "ctl_btnSubmit",
            "ctl_contentForm_P",
            "ctl_contentForm_Rbtn_FullTime",
            "ctl_contentForm_Rbtn_Man",
            "ctl_contentForm_Rbtn_No",
            "ctl_contentForm_Rbtn_NoFullTime",
            "ctl_contentForm_Rbtn_Woman",
            "ctl_contentForm_Rbtn_Yes",
            "ctl_contentForm_hyTrainCode",
            "ctl_contentForm_txt_Birthday",
            "ctl_contentForm_txt_Certificate",
            "ctl_contentForm_txt_CertificateName",
            "ctl_contentForm_txt_CertificateStartTime",
            "ctl_contentForm_txt_CompanyName",
            "ctl_contentForm_txt_CurrentAddress",
            "ctl_contentForm_txt_DeptName",
            "ctl_contentForm_txt_EducationEndTime",
            "ctl_contentForm_txt_EducationStartTime",
            "ctl_contentForm_txt_EducationType",
            "ctl_contentForm_txt_Email",
            "ctl_contentForm_txt_EmployCharacter",
            "ctl_contentForm_txt_Height",
            "ctl_contentForm_txt_HigherManager",
            "ctl_contentForm_txt_HireType",
            "ctl_contentForm_txt_HomeAddress",
            "ctl_contentForm_txt_HomeTelephone",
            "ctl_contentForm_txt_IDcard",
            "ctl_contentForm_txt_InterviewOpinion",
            "ctl_contentForm_txt_JobQualificationOrVoucherName",
            "ctl_contentForm_txt_JobQualificationOrVoucherType",
            "ctl_contentForm_txt_KosekiAddress",
            "ctl_contentForm_txt_LanguageName",
            "ctl_contentForm_txt_LanguageStartTime",
            "ctl_contentForm_txt_Major",
            "ctl_contentForm_txt_MaritalStatus",
            "ctl_contentForm_txt_MobileTelephone",
            "ctl_contentForm_txt_Name",
            "ctl_contentForm_txt_Nation",
            "ctl_contentForm_txt_NationalityOrProvince",
            "ctl_contentForm_txt_NativePlace",
            "ctl_contentForm_txt_PerEnteringDate",
            "ctl_contentForm_txt_PoliticaStatus",
            "ctl_contentForm_txt_PostCode",
            "ctl_contentForm_txt_PostName",
            "ctl_contentForm_txt_PreviousEmployer",
            "ctl_contentForm_txt_PreviousEmployerEndTime",
            "ctl_contentForm_txt_PreviousEmployerStartTime",
            "ctl_contentForm_txt_ProcessType",
            "ctl_contentForm_txt_Proficiency",
            "ctl_contentForm_txt_RecruitmentType",
            "ctl_contentForm_txt_ReplaceMenName",
            "ctl_contentForm_txt_SchoolOfGraduation",
            "ctl_contentForm_txt_Surname",
            "fileAttachment",
            "filePanel",
            "file_upload_form",
            "hdActivityName",
            "hdGuid",
            "hdUserLoginName",
            "person_infor",
            "person_infor_trigger",
            "tb_AttachmentList",
            "tb_List",
            "uploadDiv",
            "upload_target"
          ]
        ]
      }
    },
    "page/classes": {
      "contexts": {
        "context20_4zxkiP": [
          [
            "action-area",
            "aui_border",
            "aui_buttons",
            "aui_c",
            "aui_close",
            "aui_content",
            "aui_dialog",
            "aui_e",
            "aui_footer",
            "aui_header",
            "aui_icon",
            "aui_iconBg",
            "aui_inner",
            "aui_main",
            "aui_n",
            "aui_ne",
            "aui_nw",
            "aui_outer",
            "aui_s",
            "aui_se",
            "aui_sw",
            "aui_title",
            "aui_titleBar",
            "aui_w",
            "ax",
            "bar-code-rightcorner",
            "big-form",
            "btn",
            "clear",
            "col",
            "col-",
            "fileUpload",
            "font-lightgrey",
            "font-red",
            "font-xxl",
            "form-wrapper",
            "gb",
            "green",
            "grey",
            "icon-cloud-download",
            "icon-paper-clip",
            "layout-data",
            "layout-form",
            "logo-leftcorner",
            "meno",
            "mt-s",
            "none_edit",
            "p-explain",
            "page-shadow",
            "pz",
            "red",
            "shadow",
            "size-l",
            "size-s",
            "swich_btn",
            "title",
            "tj",
            "top",
            "ufoot"
          ],
          [
            "action-area",
            "active",
            "aui_border",
            "aui_buttons",
            "aui_c",
            "aui_close",
            "aui_content",
            "aui_dialog",
            "aui_e",
            "aui_footer",
            "aui_header",
            "aui_icon",
            "aui_iconBg",
            "aui_inner",
            "aui_main",
            "aui_n",
            "aui_ne",
            "aui_nw",
            "aui_outer",
            "aui_s",
            "aui_se",
            "aui_sw",
            "aui_title",
            "aui_titleBar",
            "aui_w",
            "ax",
            "bar-code-rightcorner",
            "big-form",
            "btn",
            "clear",
            "col",
            "col-",
            "fileUpload",
            "font-lightgrey",
            "font-red",
            "font-xxl",
            "form-wrapper",
            "gb",
            "green",
            "grey",
            "icon-cloud-download",
            "icon-paper-clip",
            "layout-data",
            "layout-form",
            "logo-leftcorner",
            "meno",
            "mt-s",
            "none_edit",
            "p-explain",
            "page-shadow",
            "pz",
            "red",
            "shadow",
            "show",
            "size-l",
            "size-s",
            "swich_btn",
            "title",
            "tj",
            "top",
            "ufoot"
          ],
          [
            "action-area",
            "active",
            "aui_border",
            "aui_buttons",
            "aui_c",
            "aui_close",
            "aui_content",
            "aui_dialog",
            "aui_e",
            "aui_footer",
            "aui_header",
            "aui_icon",
            "aui_iconBg",
            "aui_inner",
            "aui_main",
            "aui_n",
            "aui_ne",
            "aui_nw",
            "aui_outer",
            "aui_s",
            "aui_se",
            "aui_sw",
            "aui_title",
            "aui_titleBar",
            "aui_w",
            "ax",
            "bar-code-rightcorner",
            "big-form",
            "btn",
            "clear",
            "col",
            "col-",
            "fileUpload",
            "font-lightgrey",
            "font-red",
            "font-xxl",
            "form-wrapper",
            "gb",
            "green",
            "grey",
            "layout-data",
            "layout-form",
            "logo-leftcorner",
            "meno",
            "mt-s",
            "none_edit",
            "p-explain",
            "page-shadow",
            "pz",
            "red",
            "shadow",
            "show",
            "size-l",
            "size-s",
            "swich_btn",
            "title",
            "tj",
            "top",
            "ufoot"
          ],
          [
            "action-area",
            "aui_border",
            "aui_buttons",
            "aui_c",
            "aui_close",
            "aui_content",
            "aui_dialog",
            "aui_e",
            "aui_footer",
            "aui_header",
            "aui_icon",
            "aui_iconBg",
            "aui_inner",
            "aui_main",
            "aui_n",
            "aui_ne",
            "aui_nw",
            "aui_outer",
            "aui_s",
            "aui_se",
            "aui_sw",
            "aui_title",
            "aui_titleBar",
            "aui_w",
            "ax",
            "bar-code-rightcorner",
            "big-form",
            "btn",
            "clear",
            "col",
            "col-",
            "fileUpload",
            "font-lightgrey",
            "font-red",
            "font-xxl",
            "form-wrapper",
            "gb",
            "green",
            "grey",
            "layout-data",
            "layout-form",
            "logo-leftcorner",
            "meno",
            "mt-s",
            "none_edit",
            "p-explain",
            "page-shadow",
            "pz",
            "red",
            "shadow",
            "size-l",
            "size-s",
            "swich_btn",
            "title",
            "tj",
            "top",
            "ufoot"
          ],
          [
            "action-area",
            "aui_border",
            "aui_buttons",
            "aui_c",
            "aui_close",
            "aui_content",
            "aui_dialog",
            "aui_e",
            "aui_footer",
            "aui_header",
            "aui_icon",
            "aui_iconBg",
            "aui_inner",
            "aui_loading",
            "aui_main",
            "aui_n",
            "aui_ne",
            "aui_nw",
            "aui_outer",
            "aui_s",
            "aui_se",
            "aui_state_focus",
            "aui_sw",
            "aui_title",
            "aui_titleBar",
            "aui_w",
            "ax",
            "bar-code-rightcorner",
            "big-form",
            "btn",
            "clear",
            "col",
            "col-",
            "fileUpload",
            "font-lightgrey",
            "font-red",
            "font-xxl",
            "form-wrapper",
            "gb",
            "green",
            "grey",
            "icon-cloud-download",
            "icon-paper-clip",
            "layout-data",
            "layout-form",
            "logo-leftcorner",
            "meno",
            "mt-s",
            "none_edit",
            "p-explain",
            "page-shadow",
            "pz",
            "red",
            "shadow",
            "size-l",
            "size-s",
            "swich_btn",
            "title",
            "tj",
            "top",
            "ufoot"
          ]
        ]
      }
    },
    "page/tagTriplets": {
      "contexts": {
        "context20_4zxkiP": [
          [
            "-/-/DIV",
            "-/-/FORM",
            "-/-/IFRAME",
            "-/-/SCRIPT",
            "-/DIV/DIV",
            "-/DIV/IFRAME",
            "-/FORM/DIV",
            "-/FORM/INPUT-hidden",
            "-/FORM/SCRIPT",
            "-/FORM/SPAN",
            "DIV/DIV/A",
            "DIV/DIV/BR",
            "DIV/DIV/BUTTON",
            "DIV/DIV/DIV",
            "DIV/DIV/H1",
            "DIV/DIV/IMG",
            "DIV/DIV/INPUT-hidden",
            "DIV/DIV/INPUT-submit",
            "DIV/DIV/INPUT-text",
            "DIV/DIV/P",
            "DIV/DIV/SPAN",
            "DIV/DIV/TABLE",
            "DIV/H1/BR",
            "DIV/H1/SPAN",
            "DIV/P/BR",
            "DIV/P/STRONG",
            "DIV/SPAN/INPUT-file",
            "DIV/TABLE/TBODY",
            "DIV/TABLE/THEAD",
            "DIV/UL/LI",
            "FORM/DIV/BR",
            "FORM/DIV/BUTTON",
            "FORM/DIV/DIV",
            "FORM/DIV/INPUT-hidden",
            "FORM/DIV/SCRIPT",
            "FORM/DIV/TABLE",
            "FORM/DIV/UL",
            "LI/SPAN/A",
            "TABLE/TBODY/TR",
            "TABLE/THEAD/TR",
            "TBODY/TR/TD",
            "TBODY/TR/TH",
            "TD/A/I",
            "TD/DIV/A",
            "TD/DIV/DIV",
            "TD/DIV/TABLE",
            "TD/LABEL/BR",
            "TD/LABEL/SPAN",
            "TD/SPAN/INPUT-radio",
            "TD/SPAN/TEXTAREA",
            "THEAD/TR/TH",
            "TR/TD/A",
            "TR/TD/BR",
            "TR/TD/DIV",
            "TR/TD/I",
            "TR/TD/INPUT-text",
            "TR/TD/LABEL",
            "TR/TD/P",
            "TR/TD/SPAN",
            "TR/TD/TABLE",
            "TR/TD/TEXTAREA",
            "UL/LI/SPAN"
          ],
          [
            "-/-/DIV",
            "-/-/FORM",
            "-/-/IFRAME",
            "-/-/SCRIPT",
            "-/DIV/DIV",
            "-/DIV/IFRAME",
            "-/FORM/DIV",
            "-/FORM/INPUT-hidden",
            "-/FORM/SCRIPT",
            "-/FORM/SPAN",
            "DIV/DIV/A",
            "DIV/DIV/BR",
            "DIV/DIV/BUTTON",
            "DIV/DIV/DIV",
            "DIV/DIV/H1",
            "DIV/DIV/IMG",
            "DIV/DIV/INPUT-hidden",
            "DIV/DIV/INPUT-submit",
            "DIV/DIV/INPUT-text",
            "DIV/DIV/P",
            "DIV/DIV/SPAN",
            "DIV/DIV/TABLE",
            "DIV/H1/BR",
            "DIV/H1/SPAN",
            "DIV/P/BR",
            "DIV/P/STRONG",
            "DIV/SPAN/INPUT-file",
            "DIV/TABLE/TBODY",
            "DIV/TABLE/THEAD",
            "DIV/UL/LI",
            "FORM/DIV/BR",
            "FORM/DIV/BUTTON",
            "FORM/DIV/DIV",
            "FORM/DIV/INPUT-hidden",
            "FORM/DIV/SCRIPT",
            "FORM/DIV/TABLE",
            "FORM/DIV/UL",
            "LI/SPAN/A",
            "TABLE/TBODY/TR",
            "TABLE/THEAD/TR",
            "TBODY/TR/TD",
            "TBODY/TR/TH",
            "TD/DIV/A",
            "TD/DIV/DIV",
            "TD/DIV/TABLE",
            "TD/LABEL/BR",
            "TD/LABEL/SPAN",
            "TD/SPAN/INPUT-radio",
            "TD/SPAN/TEXTAREA",
            "THEAD/TR/TH",
            "TR/TD/A",
            "TR/TD/BR",
            "TR/TD/DIV",
            "TR/TD/INPUT-text",
            "TR/TD/LABEL",
            "TR/TD/P",
            "TR/TD/SPAN",
            "TR/TD/TABLE",
            "TR/TD/TEXTAREA",
            "UL/LI/SPAN"
          ]
        ]
      }
    }
  }
}