{
  "version": "0.1",
  "id": "travel",
  "targetURL": "http://172.16.11.61:9995/Workflow/Forms/CLFYBX/Processing.aspx?SN=EE0F481873ADD0A5ECBCA67D40122D4A&Guid=bdb110bd-f650-47fb-9752-65170b2ceacf",
  "jsFile": "index.js",
  "requires": {
    "assetbudget": "../assetbudget/index.json"
  },
  "chineseName": "待办差旅费用报销流程",
  "description": "",
  "firstPaintEnable": false,
  "controls": {
    "control39_9R1adn": {
      "location": {
        "data": {
          "tagName": "H1"
        },
        "userData": {
          "data": [],
          "force": false
        },
        "locators": [
          {
            "id": "@id/partialWord",
            "prob": 1,
            "disabled": true,
            "value": {
              "elemId": "form1",
              "tagName": "FORM",
              "prefix": "",
              "suffix": "/DIV[3]/DIV[1]/H1[1]",
              "ratio": 0.838
            }
          },
          {
            "id": "@class/word",
            "prob": 1,
            "value": "DIV.big-form.page-shadow DIV.top H1"
          },
          {
            "id": "path/ordinal",
            "prob": 1,
            "value": "/HTML[1]/BODY[1]/FORM[1]/DIV[3]/DIV[1]/H1[1]"
          }
        ]
      },
      "events": {
        "onGetData": "getData_control39_9R1adn"
      },
      "intendedRole": "custom",
      "roles": "element,custom",
      "monitored": true,
      "frameXPath": "",
      "componentType": "custom"
    },
    "control41_tsWEHb": {
      "location": {
        "data": {
          "tagName": "DIV"
        },
        "userData": {
          "data": [],
          "force": false
        },
        "locators": [
          {
            "id": "@id/partialWord",
            "prob": 1,
            "disabled": true,
            "value": {
              "elemId": "form1",
              "tagName": "FORM",
              "prefix": "",
              "suffix": "/DIV[3]/DIV[9]",
              "ratio": 0.838
            }
          },
          {
            "id": "@class/word",
            "prob": 1,
            "ordinal": [
              2,
              5
            ],
            "value": "DIV.big-form.page-shadow DIV.form-wrapper"
          },
          {
            "id": "path/ordinal",
            "prob": 1,
            "value": "/HTML[1]/BODY[1]/FORM[1]/DIV[3]/DIV[9]"
          }
        ]
      },
      "events": {
        "onGetData": "getData_control41_tsWEHb"
      },
      "intendedRole": "custom",
      "roles": "element,custom",
      "ignoreVisibility": true,
      "monitored": true,
      "frameXPath": "",
      "componentType": "custom"
    },
    "control43_GsLKFD": {
      "location": {
        "data": {
          "tagName": "TABLE"
        },
        "userData": {
          "data": [],
          "force": false
        },
        "locators": [
          {
            "id": "@id/partialWord",
            "prob": 1,
            "disabled": true,
            "value": {
              "elemId": "form1",
              "tagName": "FORM",
              "prefix": "",
              "suffix": "/DIV[3]/TABLE[2]",
              "ratio": 0.838
            }
          },
          {
            "id": "@class/word",
            "prob": 1,
            "ordinal": [
              9,
              11
            ],
            "value": "DIV.big-form.page-shadow TABLE.layout-data"
          },
          {
            "id": "path/ordinal",
            "prob": 1,
            "value": "/HTML[1]/BODY[1]/FORM[1]/DIV[3]/TABLE[2]"
          }
        ]
      },
      "events": {
        "onGetData": "getData_control43_GsLKFD"
      },
      "intendedRole": "custom",
      "roles": "element,custom",
      "monitored": true,
      "frameXPath": "",
      "componentType": "custom"
    },
    "control44_TViO09": {
      "location": {
        "data": {
          "tagName": "TABLE"
        },
        "userData": {
          "data": [],
          "force": false
        },
        "locators": [
          {
            "id": "@id/partialWord",
            "prob": 1,
            "disabled": true,
            "value": {
              "elemId": "form1",
              "tagName": "FORM",
              "prefix": "",
              "suffix": "/DIV[3]/TABLE[3]",
              "ratio": 0.838
            }
          },
          {
            "id": "@class/word",
            "prob": 1,
            "ordinal": [
              10,
              11
            ],
            "value": "DIV.big-form.page-shadow TABLE.layout-data"
          },
          {
            "id": "path/ordinal",
            "prob": 1,
            "value": "/HTML[1]/BODY[1]/FORM[1]/DIV[3]/TABLE[3]"
          }
        ]
      },
      "events": {
        "onGetData": "getData_control44_TViO09"
      },
      "intendedRole": "custom",
      "roles": "element,custom",
      "monitored": true,
      "frameXPath": "",
      "componentType": "custom"
    },
    "control45_5sqLwB": {
      "location": {
        "data": {
          "tagName": "TABLE"
        },
        "userData": {
          "data": [],
          "force": false
        },
        "locators": [
          {
            "id": "@id/partialWord",
            "prob": 1,
            "disabled": true,
            "value": {
              "elemId": "form1",
              "tagName": "FORM",
              "prefix": "",
              "suffix": "/DIV[3]/DIV[25]/TABLE[1]",
              "ratio": 0.838
            }
          },
          {
            "id": "@class/word",
            "prob": 1,
            "ordinal": [
              12,
              13
            ],
            "value": "DIV.big-form.page-shadow DIV.form-wrapper TABLE.layout-form"
          },
          {
            "id": "path/ordinal",
            "prob": 1,
            "value": "/HTML[1]/BODY[1]/FORM[1]/DIV[3]/DIV[25]/TABLE[1]"
          }
        ]
      },
      "events": {
        "onGetData": "getData_control45_5sqLwB"
      },
      "intendedRole": "custom",
      "roles": "element,custom",
      "monitored": true,
      "frameXPath": "",
      "componentType": "custom"
    },
    "control46_Q0XDM4": {
      "location": {
        "data": {
          "tagName": "UL"
        },
        "userData": {
          "data": [],
          "force": false
        },
        "locators": [
          {
            "id": "@id/partialWord",
            "prob": 1,
            "disabled": true,
            "value": {
              "elemId": "form1",
              "tagName": "FORM",
              "prefix": "",
              "suffix": "/DIV[5]/UL[1]",
              "ratio": 0.838
            }
          },
          {
            "id": "@class/word",
            "prob": 1,
            "value": "DIV.ufoot UL.ax"
          },
          {
            "id": "path/ordinal",
            "prob": 1,
            "value": "/HTML[1]/BODY[1]/FORM[1]/DIV[5]/UL[1]"
          }
        ]
      },
      "events": {
        "onGetData": "getData_control46_Q0XDM4"
      },
      "intendedRole": "custom",
      "roles": "element,custom",
      "monitored": false,
      "frameXPath": "",
      "componentType": "custom"
    },
    "control40_XNLEtS": {
      "location": {
        "data": {
          "tagName": "DIV"
        },
        "userData": {
          "data": [],
          "force": false
        },
        "locators": [
          {
            "id": "@id/word",
            "prob": 3,
            "value": "descendant::DIV[@id=\"person_infor\"]"
          },
          {
            "id": "@class/word",
            "prob": 1,
            "value": "DIV.big-form.page-shadow DIV.show"
          },
          {
            "id": "path/ordinal",
            "prob": 1,
            "value": "/HTML[1]/BODY[1]/FORM[1]/DIV[3]/DIV[5]"
          }
        ]
      },
      "events": {
        "onGetData": "getData_control40_XNLEtS"
      },
      "intendedRole": "custom",
      "roles": "element,custom",
      "ignoreVisibility": true,
      "monitored": true,
      "frameXPath": "",
      "componentType": "custom"
    },
    "control128_lRD59W": {
      "location": {
        "data": {
          "tagName": "TABLE"
        },
        "userData": {
          "data": [],
          "force": false
        },
        "locators": [
          {
            "id": "@id/word",
            "prob": 3,
            "value": "descendant::TABLE[@id=\"detailT\"]"
          },
          {
            "id": "@class/word",
            "prob": 1,
            "ordinal": [
              4,
              8
            ],
            "value": "DIV.big-form.page-shadow DIV.form-wrapper TABLE.layout-data.layout-form"
          },
          {
            "id": "path/ordinal",
            "prob": 1,
            "value": "/HTML[1]/BODY[1]/FORM[1]/DIV[3]/DIV[9]/TABLE[6]"
          }
        ]
      },
      "events": {
        "onGetData": "getData_control128_lRD59W"
      },
      "intendedRole": "custom",
      "roles": "element,custom",
      "monitored": false,
      "frameXPath": "",
      "componentType": "custom"
    }
  },
  "contexts": {
    "context5_89gtiq": {
      "controls": [
        "control39_9R1adn",
        "control41_tsWEHb",
        "control43_GsLKFD",
        "control44_TViO09",
        "control45_5sqLwB",
        "control46_Q0XDM4",
        "control40_XNLEtS",
        "control128_lRD59W"
      ],
      "anchors": [],
      "urlAnchor": [
        "http:\\/\\/172\\.16\\.11\\.61:9995\\/Workflow\\/Forms\\/CLFYBX\\/Processing\\.aspx"
      ]
    }
  },
  "flows": {
    "flow17_zNikh1": {
      "fromContextId": "context5_89gtiq",
      "fromAction": "doAction",
      "fromControlId": "control43_GsLKFD",
      "toContexts": [
        {
          "toContextId": "context5_89gtiq"
        }
      ]
    },
    "flow18_Xf1tZ4": {
      "toContexts": [
        {
          "toContextId": "context9_7mrSEm",
          "toModelId": "assetbudget"
        },
        {
          "toContextId": "context5_89gtiq"
        }
      ]
    }
  },
  "pages": {
    "page5_hVwcK4": {
      "contextId": "context5_89gtiq",
      "layout": [
        {
          "id": "uiControl39_sMaTtz",
          "controlId": "control39_9R1adn",
          "display": {
            "adapterId": "custom",
            "type": "custom",
            "adapter": {
              "templateType": "react",
              "events": {
                "onDoAction": "doAction_uiControl39_sMaTtz",
                "onGetTemplate": "getTemplate_uiControl39_sMaTtz"
              }
            }
          }
        },
        {
          "id": "uiControl40_t2Z2Fa",
          "controlId": "control40_XNLEtS",
          "display": {
            "adapterId": "custom",
            "type": "custom",
            "adapter": {
              "templateType": "react",
              "events": {
                "onDoAction": "doAction_uiControl40_t2Z2Fa",
                "onGetTemplate": "getTemplate_uiControl40_t2Z2Fa"
              }
            }
          }
        },
        {
          "id": "uiControl41_kicTTq",
          "controlId": "control41_tsWEHb",
          "display": {
            "adapterId": "custom",
            "type": "custom",
            "adapter": {
              "templateType": "react",
              "events": {
                "onDoAction": "doAction_uiControl41_kicTTq",
                "onGetTemplate": "getTemplate_uiControl41_kicTTq"
              }
            }
          }
        },
        {
          "id": "uiControl128_NQldZe",
          "controlId": "control128_lRD59W",
          "display": {
            "adapterId": "custom",
            "type": "custom",
            "adapter": {
              "templateType": "react",
              "events": {
                "onDoAction": "doAction_uiControl128_NQldZe",
                "onGetTemplate": "getTemplate_uiControl128_NQldZe"
              }
            }
          }
        },
        {
          "id": "uiControl43_HFSUkP",
          "controlId": "control43_GsLKFD",
          "display": {
            "adapterId": "custom",
            "type": "custom",
            "adapter": {
              "templateType": "react",
              "events": {
                "onDoAction": "doAction_uiControl43_HFSUkP",
                "onGetTemplate": "getTemplate_uiControl43_HFSUkP"
              }
            }
          }
        },
        {
          "id": "uiControl44_gmyENw",
          "controlId": "control44_TViO09",
          "display": {
            "adapterId": "custom",
            "type": "custom",
            "adapter": {
              "templateType": "react",
              "events": {
                "onDoAction": "doAction_uiControl44_gmyENw",
                "onGetTemplate": "getTemplate_uiControl44_gmyENw"
              }
            }
          }
        },
        {
          "id": "uiControl45_lAB3qM",
          "controlId": "control45_5sqLwB",
          "display": {
            "adapterId": "custom",
            "type": "custom",
            "adapter": {
              "templateType": "react",
              "events": {
                "onDoAction": "doAction_uiControl45_lAB3qM",
                "onGetTemplate": "getTemplate_uiControl45_lAB3qM"
              }
            }
          }
        },
        {
          "id": "uiControl46_LiXWWa",
          "controlId": "control46_Q0XDM4",
          "display": {
            "adapterId": "custom",
            "type": "custom",
            "adapter": {
              "templateType": "react",
              "events": {
                "onDoAction": "doAction_uiControl46_LiXWWa",
                "onGetTemplate": "getTemplate_uiControl46_LiXWWa"
              }
            }
          }
        }
      ]
    }
  },
  "matchers": {
    "page/title": {
      "contexts": {
        "context5_89gtiq": [
          "审批流程"
        ]
      }
    },
    "page/urls": {
      "contexts": {
        "context5_89gtiq": [
          "172.16.11.61:9995/Workflow/Forms/CLFYBX/Processing.aspx?SN=EE0F481873ADD0A5ECBCA67D40122D4A&Guid=bdb110bd-f650-47fb-9752-65170b2ceacf",
          "172.16.11.61:9995/Workflow/Forms/CLFYBX/Processing.aspx?SN=367083853FBCE6906C7C73FFCE11702B&Guid=cf305c4a-d49d-4cca-904c-1453c53fe03c"
        ]
      }
    },
    "page/ids": {
      "contexts": {
        "context5_89gtiq": [
          [
            "ActionBar_Action",
            "ActionBar_ActionName",
            "ActionBar_AddApproval",
            "ActionBar_AddApprover",
            "ActionBar_AddApproverName",
            "ActionBar_Approval",
            "ActionBar_GotoActivityName",
            "ActionBar_IsReturnBack",
            "ActionBar_Reject",
            "ActionBar_UserAction",
            "ActionBar_WorkFlow",
            "ActionBar_btnAddApprover",
            "ActionBar_btnApprove",
            "ActionBar_btnClose",
            "ActionBar_btnRedirect",
            "ActionBar_btnReject",
            "ActionBar_btnWorkFlow",
            "ActionBar_hidJBAffirm",
            "AppUsersDiv",
            "ApproveControl_lblActivityName",
            "ApproveControl_txtMemo",
            "Attachment_fileUpload",
            "Attachment_hfActivityName",
            "Attachment_hfGuid",
            "Attachment_hfIsStart",
            "Attachment_hfUserLoginName",
            "Header_hidFlag",
            "Header_txtCompanyName",
            "Header_txtDate",
            "Header_txtDepartName",
            "Header_txtEmail",
            "Header_txtPhone",
            "Header_txtUserName",
            "LinkedProcInst_hfGuid",
            "LinkedProcInst_hfStart",
            "LinkedProcInst_hfUserLoginName",
            "TravelTable",
            "__EVENTARGUMENT",
            "__EVENTTARGET",
            "__EVENTVALIDATION",
            "__VIEWSTATE",
            "_myDP",
            "approveMemo",
            "btnAddLink",
            "btnFileUpload",
            "btnSubmit",
            "contentForm_HLink_Report",
            "contentForm_HLink_YuSuan",
            "contentForm_txtBXSY",
            "contentForm_txtReimbursementTotal",
            "contentForm_txtRemarks",
            "contentForm_txtSKRMoneyTotal",
            "contentForm_txtSupplier",
            "contentForm_txtSupplierApplyMoney",
            "contentForm_txtSupplierBankCode",
            "contentForm_txtSupplierCode",
            "contentForm_txtSupplierOpenBank",
            "contentForm_txtVirtualDepart",
            "contentForm_txt_AppCompanyCode_Ext",
            "contentForm_txt_ApplicantDeptCode",
            "contentForm_txt_ApplicantDeptName",
            "contentForm_txt_ApplyCompany",
            "contentForm_txt_ApplyCompanyCode",
            "contentForm_txt_ApplyEmployeeCode",
            "contentForm_txt_ApplyEmployeeName",
            "contentForm_txt_BudgetNo",
            "contentForm_txt_CPBCRate",
            "contentForm_txt_Currency",
            "contentForm_txt_ExchangeRate",
            "contentForm_txt_InvoiceNum",
            "contentForm_txt_IsAsset",
            "contentForm_txt_PayeeTotal",
            "contentForm_txt_Project",
            "contentForm_txt_SecondDetail",
            "contentForm_txt_ThirdDetail",
            "contentForm_txt_TravelMethod",
            "contentForm_txt_TravelType",
            "detailT",
            "fileAttachment",
            "filePanel",
            "file_upload_form",
            "form",
            "hdActivityName",
            "hdGuid",
            "hdUserLoginName",
            "person_infor",
            "person_infor_trigger",
            "skrTable",
            "spanProject",
            "table",
            "tableXiaoJi",
            "tb_AttachmentList",
            "tb_List",
            "txt_ApplyMoney_SKR",
            "txt_CompanyCode_SKR",
            "txt_Company_SKR",
            "txt_DeptCode_SKR",
            "txt_Dept_SKR",
            "txt_Summary_SKR",
            "uploadDiv",
            "upload_target"
          ]
        ]
      }
    },
    "page/classes": {
      "contexts": {
        "context5_89gtiq": [
          [
            "Beforehand",
            "action-area",
            "aspNetHidden",
            "aui_border",
            "aui_buttons",
            "aui_c",
            "aui_close",
            "aui_content",
            "aui_dialog",
            "aui_e",
            "aui_footer",
            "aui_header",
            "aui_icon",
            "aui_iconBg",
            "aui_inner",
            "aui_main",
            "aui_n",
            "aui_ne",
            "aui_nw",
            "aui_outer",
            "aui_s",
            "aui_se",
            "aui_sw",
            "aui_title",
            "aui_titleBar",
            "aui_w",
            "ax",
            "bar-code-rightcorner",
            "big-form",
            "btn",
            "clear",
            "col",
            "col-",
            "fileUpload",
            "font-lightgrey",
            "font-red",
            "font-xxl",
            "form-wrapper",
            "gb",
            "green",
            "grey",
            "labelwidth",
            "layout-data",
            "layout-form",
            "logo-leftcorner",
            "meno",
            "mt-s",
            "none_edit",
            "p-explain",
            "page-shadow",
            "pz",
            "red",
            "required",
            "shadow",
            "size-l",
            "size-s",
            "swich_btn",
            "title",
            "tj",
            "top",
            "trPerson",
            "trPublic",
            "ufoot"
          ],
          [
            "Beforehand",
            "action-area",
            "active",
            "aspNetHidden",
            "aui_border",
            "aui_buttons",
            "aui_c",
            "aui_close",
            "aui_content",
            "aui_dialog",
            "aui_e",
            "aui_footer",
            "aui_header",
            "aui_icon",
            "aui_iconBg",
            "aui_inner",
            "aui_main",
            "aui_n",
            "aui_ne",
            "aui_nw",
            "aui_outer",
            "aui_s",
            "aui_se",
            "aui_sw",
            "aui_title",
            "aui_titleBar",
            "aui_w",
            "ax",
            "bar-code-rightcorner",
            "big-form",
            "btn",
            "clear",
            "col",
            "col-",
            "fileUpload",
            "font-lightgrey",
            "font-red",
            "font-xxl",
            "form-wrapper",
            "gb",
            "green",
            "grey",
            "labelwidth",
            "layout-data",
            "layout-form",
            "logo-leftcorner",
            "meno",
            "mt-s",
            "none_edit",
            "p-explain",
            "page-shadow",
            "pz",
            "red",
            "required",
            "shadow",
            "show",
            "size-l",
            "size-s",
            "swich_btn",
            "title",
            "tj",
            "top",
            "trPerson",
            "trPublic",
            "ufoot"
          ],
          [
            "Beforehand",
            "action-area",
            "aspNetHidden",
            "aui_border",
            "aui_buttons",
            "aui_c",
            "aui_close",
            "aui_content",
            "aui_dialog",
            "aui_e",
            "aui_footer",
            "aui_header",
            "aui_icon",
            "aui_iconBg",
            "aui_inner",
            "aui_loading",
            "aui_main",
            "aui_n",
            "aui_ne",
            "aui_nw",
            "aui_outer",
            "aui_s",
            "aui_se",
            "aui_state_focus",
            "aui_sw",
            "aui_title",
            "aui_titleBar",
            "aui_w",
            "ax",
            "bar-code-rightcorner",
            "big-form",
            "btn",
            "clear",
            "col",
            "col-",
            "fileUpload",
            "font-lightgrey",
            "font-red",
            "font-xxl",
            "form-wrapper",
            "gb",
            "green",
            "grey",
            "labelwidth",
            "layout-data",
            "layout-form",
            "logo-leftcorner",
            "meno",
            "mt-s",
            "none_edit",
            "p-explain",
            "page-shadow",
            "pz",
            "red",
            "required",
            "shadow",
            "size-l",
            "size-s",
            "swich_btn",
            "title",
            "tj",
            "top",
            "trPerson",
            "trPublic",
            "ufoot"
          ]
        ]
      }
    },
    "page/tagTriplets": {
      "contexts": {
        "context5_89gtiq": [
          [
            "-/-/DIV",
            "-/-/FORM",
            "-/-/IFRAME",
            "-/-/SCRIPT",
            "-/DIV/DIV",
            "-/DIV/IFRAME",
            "-/FORM/DIV",
            "-/FORM/INPUT-hidden",
            "-/FORM/SCRIPT",
            "-/FORM/SPAN",
            "DIV/DIV/A",
            "DIV/DIV/BR",
            "DIV/DIV/BUTTON",
            "DIV/DIV/DIV",
            "DIV/DIV/H1",
            "DIV/DIV/IMG",
            "DIV/DIV/INPUT-hidden",
            "DIV/DIV/INPUT-submit",
            "DIV/DIV/INPUT-text",
            "DIV/DIV/P",
            "DIV/DIV/SPAN",
            "DIV/DIV/TABLE",
            "DIV/H1/BR",
            "DIV/H1/SPAN",
            "DIV/P/BR",
            "DIV/P/STRONG",
            "DIV/SPAN/INPUT-file",
            "DIV/TABLE/TBODY",
            "DIV/TABLE/THEAD",
            "DIV/UL/LI",
            "FORM/DIV/BR",
            "FORM/DIV/BUTTON",
            "FORM/DIV/DIV",
            "FORM/DIV/INPUT-hidden",
            "FORM/DIV/SCRIPT",
            "FORM/DIV/TABLE",
            "FORM/DIV/UL",
            "LI/SPAN/A",
            "TABLE/TBODY/TR",
            "TABLE/THEAD/TR",
            "TBODY/TR/TD",
            "TBODY/TR/TH",
            "TD/DIV/A",
            "TD/DIV/DIV",
            "TD/DIV/TABLE",
            "TD/SPAN/INPUT-hidden",
            "TD/SPAN/INPUT-text",
            "TD/SPAN/LABEL",
            "TD/SPAN/TEXTAREA",
            "THEAD/TR/TH",
            "TR/TD/A",
            "TR/TD/BR",
            "TR/TD/DIV",
            "TR/TD/INPUT-hidden",
            "TR/TD/INPUT-text",
            "TR/TD/LABEL",
            "TR/TD/P",
            "TR/TD/SPAN",
            "TR/TD/TABLE",
            "TR/TD/TEXTAREA",
            "TR/TH/SPAN",
            "UL/LI/SPAN"
          ]
        ]
      }
    }
  }
}