{
  "version": "0.1",
  "id": "staffspecial",
  "targetURL": "http://172.16.11.61:8000/Forms/HR/YGYDSQ/Processing.aspx?SN=3ABF8D6C989909BA7FB03EDE5F88AC61&Guid=2caa70d5-fcce-412a-8120-1d705a0d9900",
  "jsFile": "index.js",
  "chineseName": "员工异动申请单",
  "description": "",
  "firstPaintEnable": false,
  "controls": {
    "control141_WQfvTQ": {
      "location": {
        "data": {
          "tagName": "H1"
        },
        "locators": [
          {
            "id": "@id/word",
            "prob": 2,
            "value": [
              "descendant::FORM[@id=\"aspnetForm\"]/DIV[3]/DIV[1]/H1[1]",
              "descendant::FORM[@id=\"aspnetForm\"]//H1"
            ]
          },
          {
            "id": "@class/word",
            "prob": 1,
            "value": "DIV.big-form.page-shadow DIV.top H1"
          },
          {
            "id": "path/ordinal",
            "prob": 1,
            "value": "/HTML[1]/BODY[1]/FORM[1]/DIV[3]/DIV[1]/H1[1]"
          }
        ]
      },
      "events": {
        "onGetData": "getData_control141_WQfvTQ"
      },
      "intendedRole": "custom",
      "roles": "element,custom",
      "monitored": true,
      "frameXPath": "",
      "componentType": "custom"
    },
    "control163_iFAp8k": {
      "location": {
        "data": {
          "tagName": "DIV"
        },
        "locators": [
          {
            "id": "@id/word",
            "prob": 3,
            "value": [
              "descendant::FORM[@id=\"aspnetForm\"]//DIV[@id=\"person_infor\"]",
              "descendant::DIV[@id=\"person_infor\"]"
            ]
          },
          {
            "id": "@class/word",
            "prob": 1,
            "value": "DIV.big-form.page-shadow DIV.show"
          },
          {
            "id": "path/ordinal",
            "prob": 1,
            "value": "/HTML[1]/BODY[1]/FORM[1]/DIV[3]/DIV[5]"
          }
        ]
      },
      "events": {
        "onGetData": "getData_control163_iFAp8k"
      },
      "intendedRole": "custom",
      "roles": "element,custom",
      "ignoreVisibility": true,
      "monitored": true,
      "frameXPath": "",
      "componentType": "custom"
    },
    "control164_PWVivl": {
      "location": {
        "data": {
          "tagName": "TABLE"
        },
        "locators": [
          {
            "id": "@id/word",
            "prob": 1,
            "value": "descendant::FORM[@id=\"aspnetForm\"]/DIV[3]/DIV[9]/DIV[1]/TABLE[1]"
          },
          {
            "id": "@id/partialWord",
            "prob": 1,
            "disabled": true,
            "value": {
              "elemId": "ctl00_contentForm_P1",
              "tagName": "DIV",
              "prefix": "FORM[@id=\"aspnetForm\"]//",
              "suffix": "/DIV[1]/TABLE[1]",
              "ratio": 0.358
            }
          },
          {
            "id": "@class/word",
            "prob": 1,
            "value": "DIV.big-form.page-shadow DIV.form-wrapper TABLE.layout-form.col-3"
          },
          {
            "id": "path/ordinal",
            "prob": 1,
            "value": "/HTML[1]/BODY[1]/FORM[1]/DIV[3]/DIV[9]/DIV[1]/TABLE[1]"
          }
        ]
      },
      "events": {
        "onGetData": "getData_control164_PWVivl"
      },
      "intendedRole": "custom",
      "roles": "element,custom",
      "monitored": true,
      "frameXPath": "",
      "componentType": "custom"
    }
  },
  "contexts": {
    "context22_wqZObo": {
      "controls": [
        "control141_WQfvTQ",
        "control163_iFAp8k",
        "control164_PWVivl"
      ],
      "anchors": [],
      "urlAnchor": [
        "http:\\/\\/172\\.16\\.11\\.61:8000\\/Forms\\/HR\\/YGYDSQ\\/Processing\\.aspx\\?.*"
      ]
    }
  },
  "flows": {},
  "pages": {
    "page22_pt9aNy": {
      "contextId": "context22_wqZObo",
      "layout": [
        {
          "id": "uiControl141_bFEptD",
          "controlId": "control141_WQfvTQ",
          "display": {
            "adapterId": "custom",
            "type": "custom",
            "adapter": {
              "templateType": "react",
              "events": {
                "onDoAction": "doAction_uiControl141_bFEptD",
                "onGetTemplate": "getTemplate_uiControl141_bFEptD"
              }
            }
          }
        },
        {
          "id": "uiControl163_JTWdl0",
          "controlId": "control163_iFAp8k",
          "display": {
            "adapterId": "custom",
            "type": "custom",
            "adapter": {
              "templateType": "react",
              "events": {
                "onDoAction": "doAction_uiControl163_JTWdl0",
                "onGetTemplate": "getTemplate_uiControl163_JTWdl0"
              }
            }
          }
        },
        {
          "id": "uiControl164_9TR8DQ",
          "controlId": "control164_PWVivl",
          "display": {
            "adapterId": "custom",
            "type": "custom",
            "adapter": {
              "templateType": "react",
              "events": {
                "onDoAction": "doAction_uiControl164_9TR8DQ",
                "onGetTemplate": "getTemplate_uiControl164_9TR8DQ"
              }
            }
          }
        }
      ]
    }
  },
  "matchers": {
    "page/title": {
      "contexts": {
        "context22_wqZObo": [
          "员工异动申请单 - 审批页"
        ]
      }
    },
    "page/urls": {
      "contexts": {
        "context22_wqZObo": [
          "172.16.11.61:8000/Forms/HR/YGYDSQ/Processing.aspx?SN=3ABF8D6C989909BA7FB03EDE5F88AC61&Guid=2caa70d5-fcce-412a-8120-1d705a0d9900"
        ]
      }
    },
    "page/ids": {
      "contexts": {
        "context22_wqZObo": [
          [
            "__EVENTARGUMENT",
            "__EVENTTARGET",
            "__SCROLLPOSITIONX",
            "__SCROLLPOSITIONY",
            "__VIEWSTATE",
            "_myDP",
            "approveMemo",
            "aspnetForm",
            "btnAddLink",
            "btnFileUpload",
            "ctl_ActionBar_Action",
            "ctl_ActionBar_ActionName",
            "ctl_ActionBar_AddApproval",
            "ctl_ActionBar_AddApprover",
            "ctl_ActionBar_AddApproverName",
            "ctl_ActionBar_Approval",
            "ctl_ActionBar_GotoActivityName",
            "ctl_ActionBar_IsReturnBack",
            "ctl_ActionBar_Reject",
            "ctl_ActionBar_ReturnToStart",
            "ctl_ActionBar_UserAction",
            "ctl_ActionBar_btnAddApprover",
            "ctl_ActionBar_btnApprove",
            "ctl_ActionBar_btnClose",
            "ctl_ActionBar_btnInform",
            "ctl_ActionBar_btnRedirect",
            "ctl_ActionBar_btnReject",
            "ctl_ActionBar_btnReturnToStart",
            "ctl_ActionBar_hidJBAffirm",
            "ctl_ApproveControl_lblActivityName",
            "ctl_ApproveControl_txtMemo",
            "ctl_Attachment_fileUpload",
            "ctl_Attachment_hfActivityName",
            "ctl_Attachment_hfGuid",
            "ctl_Attachment_hfIsStart",
            "ctl_Attachment_hfUserLoginName",
            "ctl_Header_hidFlag",
            "ctl_Header_txtCompanyName",
            "ctl_Header_txtDate",
            "ctl_Header_txtDepartName",
            "ctl_Header_txtEmail",
            "ctl_Header_txtPhone",
            "ctl_Header_txtUserName",
            "ctl_LinkedProcInst_hfGuid",
            "ctl_LinkedProcInst_hfStart",
            "ctl_LinkedProcInst_hfUserLoginName",
            "ctl_btnSubmit",
            "ctl_contentForm_ApproverCodes",
            "ctl_contentForm_ApproverNames",
            "ctl_contentForm_P",
            "ctl_contentForm_rptActivity_ctl_hfApproverIds",
            "ctl_contentForm_txt_AdjustType",
            "ctl_contentForm_txt_AfterCompanyCode",
            "ctl_contentForm_txt_AfterCompanyName",
            "ctl_contentForm_txt_AfterDeptCode",
            "ctl_contentForm_txt_AfterDeptName",
            "ctl_contentForm_txt_AfterPositionCode",
            "ctl_contentForm_txt_AfterPositionName",
            "ctl_contentForm_txt_AfterWorkCity",
            "ctl_contentForm_txt_AfterWorkProvince",
            "ctl_contentForm_txt_ApplicantCode",
            "ctl_contentForm_txt_ApplicantName",
            "ctl_contentForm_txt_BeforeCompanyCode",
            "ctl_contentForm_txt_BeforeCompanyName",
            "ctl_contentForm_txt_BeforeDeptCode",
            "ctl_contentForm_txt_BeforeDeptName",
            "ctl_contentForm_txt_BeforePosition",
            "ctl_contentForm_txt_BeforeWorkplace",
            "ctl_contentForm_txt_DashedManagerName",
            "ctl_contentForm_txt_Description",
            "ctl_contentForm_txt_EffectiveDate",
            "ctl_contentForm_txt_IsWP",
            "ctl_contentForm_txt_JoinDate",
            "ctl_contentForm_txt_LineManagerName",
            "ctl_contentForm_txt_Nature",
            "ctl_contentForm_txt_Rank",
            "ctl_contentForm_txt_Reason",
            "fileAttachment",
            "filePanel",
            "file_upload_form",
            "hdActivityName",
            "hdGuid",
            "hdUserLoginName",
            "person_infor",
            "person_infor_trigger",
            "tb_AttachmentList",
            "tb_List",
            "uploadDiv",
            "upload_target"
          ]
        ]
      }
    },
    "page/classes": {
      "contexts": {
        "context22_wqZObo": [
          [
            "action-area",
            "aui_border",
            "aui_buttons",
            "aui_c",
            "aui_close",
            "aui_content",
            "aui_dialog",
            "aui_e",
            "aui_footer",
            "aui_header",
            "aui_icon",
            "aui_iconBg",
            "aui_inner",
            "aui_main",
            "aui_n",
            "aui_ne",
            "aui_nw",
            "aui_outer",
            "aui_s",
            "aui_se",
            "aui_sw",
            "aui_title",
            "aui_titleBar",
            "aui_w",
            "ax",
            "bar-code-rightcorner",
            "big-form",
            "btn",
            "clear",
            "col",
            "col-",
            "fileUpload",
            "font-lightgrey",
            "font-red",
            "font-xxl",
            "form-wrapper",
            "gb",
            "green",
            "grey",
            "icon-cloud-download",
            "icon-paper-clip",
            "layout-data",
            "layout-form",
            "logo-leftcorner",
            "meno",
            "mt-s",
            "none_edit",
            "p-explain",
            "page-shadow",
            "pz",
            "red",
            "shadow",
            "size-l",
            "size-s",
            "swich_btn",
            "title",
            "tj",
            "top",
            "ufoot"
          ],
          [
            "action-area",
            "active",
            "aui_border",
            "aui_buttons",
            "aui_c",
            "aui_close",
            "aui_content",
            "aui_dialog",
            "aui_e",
            "aui_footer",
            "aui_header",
            "aui_icon",
            "aui_iconBg",
            "aui_inner",
            "aui_main",
            "aui_n",
            "aui_ne",
            "aui_nw",
            "aui_outer",
            "aui_s",
            "aui_se",
            "aui_sw",
            "aui_title",
            "aui_titleBar",
            "aui_w",
            "ax",
            "bar-code-rightcorner",
            "big-form",
            "btn",
            "clear",
            "col",
            "col-",
            "fileUpload",
            "font-lightgrey",
            "font-red",
            "font-xxl",
            "form-wrapper",
            "gb",
            "green",
            "grey",
            "icon-cloud-download",
            "icon-paper-clip",
            "layout-data",
            "layout-form",
            "logo-leftcorner",
            "meno",
            "mt-s",
            "none_edit",
            "p-explain",
            "page-shadow",
            "pz",
            "red",
            "shadow",
            "show",
            "size-l",
            "size-s",
            "swich_btn",
            "title",
            "tj",
            "top",
            "ufoot"
          ]
        ]
      }
    },
    "page/tagTriplets": {
      "contexts": {
        "context22_wqZObo": [
          [
            "-/-/DIV",
            "-/-/FORM",
            "-/-/IFRAME",
            "-/-/SCRIPT",
            "-/DIV/DIV",
            "-/DIV/IFRAME",
            "-/FORM/DIV",
            "-/FORM/INPUT-hidden",
            "-/FORM/SCRIPT",
            "-/FORM/SPAN",
            "DIV/DIV/A",
            "DIV/DIV/BR",
            "DIV/DIV/BUTTON",
            "DIV/DIV/DIV",
            "DIV/DIV/H1",
            "DIV/DIV/IMG",
            "DIV/DIV/INPUT-hidden",
            "DIV/DIV/INPUT-submit",
            "DIV/DIV/INPUT-text",
            "DIV/DIV/P",
            "DIV/DIV/SPAN",
            "DIV/DIV/TABLE",
            "DIV/H1/BR",
            "DIV/H1/SPAN",
            "DIV/P/BR",
            "DIV/P/STRONG",
            "DIV/SPAN/INPUT-file",
            "DIV/TABLE/TBODY",
            "DIV/TABLE/THEAD",
            "DIV/UL/LI",
            "FORM/DIV/BR",
            "FORM/DIV/BUTTON",
            "FORM/DIV/DIV",
            "FORM/DIV/INPUT-hidden",
            "FORM/DIV/SCRIPT",
            "FORM/DIV/TABLE",
            "FORM/DIV/UL",
            "LI/SPAN/A",
            "TABLE/TBODY/TR",
            "TABLE/THEAD/TR",
            "TBODY/TR/TD",
            "TBODY/TR/TH",
            "TD/A/I",
            "TD/DIV/A",
            "TD/DIV/DIV",
            "TD/DIV/TABLE",
            "TD/LABEL/BR",
            "TD/LABEL/SPAN",
            "TD/SELECT/OPTION",
            "TD/SPAN/INPUT-radio",
            "TD/SPAN/TEXTAREA",
            "TD/TABLE/TBODY",
            "THEAD/TR/TH",
            "TR/TD/A",
            "TR/TD/BR",
            "TR/TD/DIV",
            "TR/TD/I",
            "TR/TD/IMG",
            "TR/TD/INPUT-hidden",
            "TR/TD/INPUT-text",
            "TR/TD/LABEL",
            "TR/TD/P",
            "TR/TD/SELECT",
            "TR/TD/SPAN",
            "TR/TD/TABLE",
            "TR/TD/TEXTAREA",
            "UL/LI/SPAN"
          ]
        ]
      }
    }
  }
}