{
  "version": "0.1",
  "id": "HaveDoneTravelExpenses",
  "targetURL": "http://172.16.11.61:9995/Workflow/Forms/CLFYBX/View.aspx?ProcInstId=860EC8ABFD63FC5E",
  "jsFile": "index.js",
  "requires": {
    "HaveDoneTravelExpensesAlert": "../HaveDoneTravelExpensesAlert/index.json"
  },
  "chineseName": "已办差旅费用报销流程",
  "description": "",
  "firstPaintEnable": false,
  "controls": {
    "control209_Uc2Uqx": {
      "location": {
        "data": {
          "tagName": "H1"
        },
        "userData": {
          "data": [],
          "force": false
        },
        "locators": [
          {
            "id": "@id/partialWord",
            "prob": 1,
            "disabled": true,
            "value": {
              "elemId": "form1",
              "tagName": "FORM",
              "prefix": "",
              "suffix": "/DIV[3]/DIV[1]/H1[1]",
              "ratio": 0.876
            }
          },
          {
            "id": "@class/word",
            "prob": 1,
            "value": "BODY.formPage DIV.big-form.page-shadow DIV.top H1"
          },
          {
            "id": "path/ordinal",
            "prob": 1,
            "value": "/HTML[1]/BODY[1]/FORM[1]/DIV[3]/DIV[1]/H1[1]"
          }
        ]
      },
      "events": {
        "onGetData": "getData_control209_Uc2Uqx"
      },
      "intendedRole": "custom",
      "roles": "element,custom",
      "monitored": true,
      "frameXPath": "",
      "componentType": "custom"
    },
    "control210_tw2kN4": {
      "location": {
        "data": {
          "tagName": "DIV"
        },
        "userData": {
          "data": [],
          "force": false
        },
        "locators": [
          {
            "id": "@id/word",
            "prob": 3,
            "value": "descendant::DIV[@id=\"person_infor\"]"
          },
          {
            "id": "@class/word",
            "prob": 1,
            "value": "BODY.formPage DIV.big-form.page-shadow DIV.show"
          },
          {
            "id": "path/ordinal",
            "prob": 1,
            "value": "/HTML[1]/BODY[1]/FORM[1]/DIV[3]/DIV[5]"
          }
        ]
      },
      "events": {
        "onGetData": "getData_control210_tw2kN4"
      },
      "intendedRole": "custom",
      "roles": "element,custom",
      "ignoreVisibility": true,
      "monitored": true,
      "frameXPath": "",
      "componentType": "custom"
    },
    "control211_vmwCCs": {
      "location": {
        "data": {
          "tagName": "TABLE"
        },
        "userData": {
          "data": [],
          "force": false
        },
        "locators": [
          {
            "id": "@id/partialWord",
            "prob": 1,
            "disabled": true,
            "value": {
              "elemId": "form1",
              "tagName": "FORM",
              "prefix": "",
              "suffix": "/DIV[3]/DIV[9]/TABLE[1]",
              "ratio": 0.876
            }
          },
          {
            "id": "@class/word",
            "prob": 1,
            "ordinal": [
              1,
              18
            ],
            "value": "DIV.big-form.page-shadow DIV.form-wrapper TABLE.layout-form"
          },
          {
            "id": "path/ordinal",
            "prob": 1,
            "value": "/HTML[1]/BODY[1]/FORM[1]/DIV[3]/DIV[9]/TABLE[1]"
          }
        ]
      },
      "events": {
        "onGetData": "getData_control211_vmwCCs"
      },
      "intendedRole": "custom",
      "roles": "element,link,custom",
      "monitored": false,
      "frameXPath": "",
      "componentType": "custom"
    },
    "control212_TKrauq": {
      "location": {
        "data": {
          "tagName": "BODY"
        },
        "userData": {
          "data": [],
          "force": false
        },
        "locators": [
          {
            "id": "path/ordinal",
            "prob": 1,
            "value": "/HTML[1]/BODY[1]"
          }
        ]
      },
      "intendedRole": "dialog",
      "roles": "element,dialog",
      "monitored": false,
      "frameXPath": "//iframe[@name='OpenShowReport']<<IFRAME>>",
      "componentType": "dialog"
    },
    "control222_aM5o7Q": {
      "location": {
        "data": {
          "tagName": "SPAN"
        },
        "userData": {
          "data": [],
          "force": false
        },
        "locators": [
          {
            "id": "@id/partialWord",
            "prob": 1,
            "disabled": true,
            "value": {
              "elemId": "form1",
              "tagName": "FORM",
              "prefix": "",
              "suffix": "/DIV[3]/DIV[1]/SPAN[1]",
              "ratio": 0.556
            }
          },
          {
            "id": "@class/word",
            "prob": 1,
            "value": "DIV.breadcrumb SPAN"
          },
          {
            "id": "path/ordinal",
            "prob": 1,
            "value": "/HTML[1]/BODY[1]/FORM[1]/DIV[3]/DIV[1]/SPAN[1]"
          },
          {
            "id": "elderLevel",
            "value": {
              "level": 0
            }
          }
        ]
      },
      "events": {
        "onGetData": "getData_control222_aM5o7Q"
      },
      "intendedRole": "custom",
      "roles": "element,custom",
      "monitored": true,
      "frameXPath": "//iframe[@name='OpenShowReport']<<IFRAME>>",
      "componentType": "custom"
    },
    "control223_aeb2yk": {
      "location": {
        "data": {
          "tagName": "TABLE"
        },
        "userData": {
          "data": [],
          "force": false
        },
        "locators": [
          {
            "id": "@id/partialWord",
            "prob": 1,
            "disabled": true,
            "value": {
              "elemId": "form1",
              "tagName": "FORM",
              "prefix": "",
              "suffix": "/DIV[3]/DIV[2]/TABLE[1]",
              "ratio": 0.556
            }
          },
          {
            "id": "@class/word",
            "prob": 1,
            "value": "DIV.advanced-search.form-wrapper TABLE.layout-form"
          },
          {
            "id": "path/ordinal",
            "prob": 1,
            "value": "/HTML[1]/BODY[1]/FORM[1]/DIV[3]/DIV[2]/TABLE[1]"
          }
        ]
      },
      "events": {
        "onGetData": "getData_control223_aeb2yk"
      },
      "intendedRole": "custom",
      "roles": "element,custom",
      "monitored": true,
      "frameXPath": "//iframe[@name='OpenShowReport']<<IFRAME>>",
      "componentType": "custom"
    },
    "control224_1MO8OD": {
      "location": {
        "data": {
          "tagName": "TABLE"
        },
        "userData": {
          "data": [],
          "force": false
        },
        "locators": [
          {
            "id": "@id/word",
            "prob": 2,
            "value": [
              "descendant::DIV[@id=\"MainContent_DivTime\"]/TABLE[1]",
              "descendant::DIV[@id=\"MainContent_DivTime\"]//TABLE"
            ]
          },
          {
            "id": "@class/word",
            "prob": 1,
            "value": "DIV.result-list TABLE.layout-data.hover"
          },
          {
            "id": "path/ordinal",
            "prob": 1,
            "value": "/HTML[1]/BODY[1]/FORM[1]/DIV[3]/DIV[3]/DIV[1]/TABLE[1]"
          }
        ]
      },
      "events": {
        "onGetData": "getData_control224_1MO8OD"
      },
      "intendedRole": "custom",
      "roles": "element,custom",
      "monitored": true,
      "frameXPath": "//iframe[@name='OpenShowReport']<<IFRAME>>",
      "componentType": "custom"
    },
    "control225_2WsiCc": {
      "location": {
        "data": {
          "tagName": "DIV"
        },
        "userData": {
          "data": [],
          "force": false
        },
        "locators": [
          {
            "id": "@id/word",
            "prob": 1,
            "value": [
              "descendant::DIV[@id=\"MainContent_DivTime\"]/DIV[1]/DIV[1]/DIV[1]",
              "descendant::DIV[@id=\"MainContent_DivTime\"]//DIV"
            ]
          },
          {
            "id": "@class/word",
            "prob": 1,
            "value": "DIV.result-list DIV.anpager"
          },
          {
            "id": "path/ordinal",
            "prob": 1,
            "value": "/HTML[1]/BODY[1]/FORM[1]/DIV[3]/DIV[3]/DIV[1]/DIV[1]/DIV[1]/DIV[1]"
          }
        ]
      },
      "events": {
        "onGetData": "getData_control225_2WsiCc"
      },
      "intendedRole": "custom",
      "roles": "element,custom",
      "monitored": true,
      "frameXPath": "//iframe[@name='OpenShowReport']<<IFRAME>>",
      "componentType": "custom"
    },
    "control226_ElA2SA": {
      "location": {
        "data": {
          "tagName": "TABLE"
        },
        "userData": {
          "data": [],
          "force": false
        },
        "locators": [
          {
            "id": "@id/partialWord",
            "prob": 1,
            "disabled": true,
            "value": {
              "elemId": "form1",
              "tagName": "FORM",
              "prefix": "",
              "suffix": "/DIV[3]/DIV[9]/TABLE[2]",
              "ratio": 0.876
            }
          },
          {
            "id": "@class/word",
            "prob": 1,
            "ordinal": [
              3,
              14
            ],
            "value": "DIV.big-form.page-shadow DIV.form-wrapper TABLE.layout-data.layout-form"
          },
          {
            "id": "path/ordinal",
            "prob": 1,
            "value": "/HTML[1]/BODY[1]/FORM[1]/DIV[3]/DIV[9]/TABLE[2]"
          }
        ]
      },
      "events": {
        "onGetData": "getData_control226_ElA2SA"
      },
      "intendedRole": "custom",
      "roles": "element,custom",
      "monitored": true,
      "frameXPath": "",
      "componentType": "custom"
    },
    "control227_Dxv4y6": {
      "location": {
        "data": {
          "tagName": "TABLE"
        },
        "userData": {
          "data": [],
          "force": false
        },
        "locators": [
          {
            "id": "@id/word",
            "prob": 3,
            "value": "descendant::TABLE[@id=\"TravelTable\"]"
          },
          {
            "id": "@class/word",
            "prob": 1,
            "ordinal": [
              4,
              14
            ],
            "value": "DIV.big-form.page-shadow DIV.form-wrapper TABLE.layout-data.layout-form"
          },
          {
            "id": "path/ordinal",
            "prob": 1,
            "value": "/HTML[1]/BODY[1]/FORM[1]/DIV[3]/DIV[9]/TABLE[3]"
          }
        ]
      },
      "events": {
        "onGetData": "getData_control227_Dxv4y6"
      },
      "intendedRole": "custom",
      "roles": "element,custom",
      "monitored": true,
      "frameXPath": "",
      "componentType": "custom"
    },
    "control229_OsbQAy": {
      "location": {
        "data": {
          "tagName": "TABLE"
        },
        "userData": {
          "data": [],
          "force": false
        },
        "locators": [
          {
            "id": "@id/word",
            "prob": 3,
            "value": "descendant::TABLE[@id=\"detailT\"]"
          },
          {
            "id": "@class/word",
            "prob": 1,
            "ordinal": [
              7,
              14
            ],
            "value": "DIV.big-form.page-shadow DIV.form-wrapper TABLE.layout-data.layout-form"
          },
          {
            "id": "path/ordinal",
            "prob": 1,
            "value": "/HTML[1]/BODY[1]/FORM[1]/DIV[3]/DIV[9]/DIV[2]/TABLE[1]"
          }
        ]
      },
      "events": {
        "onGetData": "getData_control229_OsbQAy"
      },
      "intendedRole": "custom",
      "roles": "element,custom",
      "monitored": true,
      "frameXPath": "",
      "componentType": "custom"
    },
    "control230_JQkCpf": {
      "location": {
        "data": {
          "tagName": "TABLE"
        },
        "userData": {
          "data": [],
          "force": false
        },
        "locators": [
          {
            "id": "@id/word",
            "prob": 3,
            "value": "descendant::TABLE[@id=\"tableXiaoJi\"]"
          },
          {
            "id": "@class/word",
            "prob": 1,
            "ordinal": [
              0,
              3
            ],
            "value": "DIV.big-form.page-shadow DIV.form-wrapper TABLE.layout-data.layout-form.trPerson"
          },
          {
            "id": "path/ordinal",
            "prob": 1,
            "value": "/HTML[1]/BODY[1]/FORM[1]/DIV[3]/DIV[9]/TABLE[6]"
          }
        ]
      },
      "events": {
        "onGetData": "getData_control230_JQkCpf"
      },
      "intendedRole": "custom",
      "roles": "element,custom",
      "monitored": true,
      "frameXPath": "",
      "componentType": "custom"
    },
    "control231_rSGrTz": {
      "location": {
        "data": {
          "tagName": "TABLE"
        },
        "userData": {
          "data": [],
          "force": false
        },
        "locators": [
          {
            "id": "@id/partialWord",
            "prob": 1,
            "disabled": true,
            "value": {
              "elemId": "form1",
              "tagName": "FORM",
              "prefix": "",
              "suffix": "/DIV[3]/DIV[9]/TABLE[4]",
              "ratio": 0.876
            }
          },
          {
            "id": "@class/word",
            "prob": 1,
            "ordinal": [
              5,
              14
            ],
            "value": "DIV.big-form.page-shadow DIV.form-wrapper TABLE.layout-data.layout-form"
          },
          {
            "id": "path/ordinal",
            "prob": 1,
            "value": "/HTML[1]/BODY[1]/FORM[1]/DIV[3]/DIV[9]/TABLE[4]"
          }
        ]
      },
      "events": {
        "onGetData": "getData_control231_rSGrTz"
      },
      "intendedRole": "custom",
      "roles": "element,custom",
      "monitored": false,
      "frameXPath": "",
      "componentType": "custom"
    },
    "control228_0UbQLV": {
      "location": {
        "data": {
          "tagName": "TABLE"
        },
        "userData": {
          "data": [],
          "force": false
        },
        "locators": [
          {
            "id": "@id/word",
            "prob": 3,
            "value": "descendant::TABLE[@id=\"detailTR\"]"
          },
          {
            "id": "@class/word",
            "prob": 1,
            "ordinal": [
              10,
              14
            ],
            "value": "DIV.big-form.page-shadow DIV.form-wrapper TABLE.layout-data.layout-form"
          },
          {
            "id": "path/ordinal",
            "prob": 1,
            "value": "/HTML[1]/BODY[1]/FORM[1]/DIV[3]/DIV[9]/TABLE[8]"
          }
        ]
      },
      "events": {
        "onGetData": "getData_control228_0UbQLV"
      },
      "intendedRole": "custom",
      "roles": "element,custom",
      "monitored": true,
      "frameXPath": "",
      "componentType": "custom"
    },
    "control232_JA0THP": {
      "location": {
        "data": {
          "tagName": "TABLE"
        },
        "userData": {
          "data": [],
          "force": false
        },
        "locators": [
          {
            "id": "@class/word",
            "prob": 1,
            "ordinal": [
              11,
              14
            ],
            "value": "DIV.big-form.page-shadow DIV.form-wrapper TABLE.layout-data.layout-form"
          },
          {
            "id": "path/ordinal",
            "prob": 1,
            "value": "/HTML[1]/BODY[1]/FORM[1]/DIV[3]/DIV[9]/TABLE[9]"
          }
        ]
      },
      "events": {
        "onGetData": "getData_control232_JA0THP"
      },
      "intendedRole": "custom",
      "roles": "element,custom",
      "monitored": true,
      "frameXPath": "",
      "componentType": "custom"
    },
    "control233_Be8yKL": {
      "location": {
        "data": {
          "tagName": "TABLE"
        },
        "userData": {
          "data": [
            {
              "method": "XPath",
              "value": "//*[@id=\"form1\"]/div[3]/table[2]"
            }
          ],
          "force": true
        },
        "locators": [
          {
            "id": "@id/partialWord",
            "prob": 1,
            "disabled": true,
            "value": {
              "elemId": "form1",
              "tagName": "FORM",
              "prefix": "",
              "suffix": "/DIV[3]/TABLE[2]",
              "ratio": 0.876
            }
          },
          {
            "id": "@class/word",
            "prob": 1,
            "ordinal": [
              15,
              16
            ],
            "value": "BODY.formPage DIV.big-form.page-shadow TABLE.layout-data"
          },
          {
            "id": "path/ordinal",
            "prob": 1,
            "value": "/HTML[1]/BODY[1]/FORM[1]/DIV[3]/TABLE[2]"
          }
        ]
      },
      "events": {
        "onGetData": "getData_control233_Be8yKL"
      },
      "intendedRole": "custom",
      "roles": "element,custom",
      "monitored": true,
      "frameXPath": "",
      "componentType": "custom"
    },
    "control234_aBPwqw": {
      "location": {
        "data": {
          "tagName": "A"
        },
        "userData": {
          "data": [],
          "force": false
        },
        "locators": [
          {
            "id": "a/@href",
            "prob": 2,
            "ordinal": [
              1,
              2
            ],
            "value": {
              "funcName": "__doPostBack"
            }
          },
          {
            "id": "@class/word",
            "prob": 1,
            "value": "DIV.ufoot UL.ax LI.gb SPAN A"
          },
          {
            "id": "path/ordinal",
            "prob": 1,
            "value": "/HTML[1]/BODY[1]/FORM[1]/DIV[5]/UL[1]/LI[2]/SPAN[1]/A[1]"
          },
          {
            "id": "elderLevel",
            "value": {
              "level": 0
            }
          }
        ]
      },
      "events": {
        "onGetData": "getData_control234_aBPwqw"
      },
      "intendedRole": "custom",
      "roles": "element,link,custom",
      "monitored": true,
      "frameXPath": "",
      "componentType": "custom"
    },
    "control235_xI855b": {
      "location": {
        "data": {
          "tagName": "TABLE"
        },
        "userData": {
          "data": [],
          "force": false
        },
        "locators": [
          {
            "id": "@id/word",
            "prob": 3,
            "value": "descendant::TABLE[@id=\"skrTable\"]"
          },
          {
            "id": "@class/word",
            "prob": 1,
            "ordinal": [
              1,
              3
            ],
            "value": "DIV.big-form.page-shadow DIV.form-wrapper TABLE.layout-data.layout-form.trPerson"
          },
          {
            "id": "path/ordinal",
            "prob": 1,
            "value": "/HTML[1]/BODY[1]/FORM[1]/DIV[3]/DIV[9]/TABLE[10]"
          }
        ]
      },
      "events": {
        "onGetData": "getData_control235_xI855b"
      },
      "intendedRole": "custom",
      "roles": "element,custom",
      "monitored": true,
      "frameXPath": "",
      "componentType": "custom"
    },
    "control236_HWGbDZ": {
      "location": {
        "data": {
          "tagName": "TABLE"
        },
        "userData": {
          "data": [],
          "force": false
        },
        "locators": [
          {
            "id": "@class/word",
            "prob": 1,
            "ordinal": [
              2,
              3
            ],
            "value": "DIV.big-form.page-shadow DIV.form-wrapper TABLE.layout-data.layout-form.trPerson"
          },
          {
            "id": "path/ordinal",
            "prob": 1,
            "value": "/HTML[1]/BODY[1]/FORM[1]/DIV[3]/DIV[9]/TABLE[11]"
          }
        ]
      },
      "events": {
        "onGetData": "getData_control236_HWGbDZ"
      },
      "intendedRole": "custom",
      "roles": "element,custom",
      "monitored": true,
      "frameXPath": "",
      "componentType": "custom"
    },
    "control237_MsmOA1": {
      "location": {
        "data": {
          "tagName": "TABLE"
        },
        "userData": {
          "data": [],
          "force": false
        },
        "locators": [
          {
            "id": "@id/partialWord",
            "prob": 1,
            "disabled": true,
            "value": {
              "elemId": "form1",
              "tagName": "FORM",
              "prefix": "",
              "suffix": "/DIV[3]/DIV[9]/TABLE[12]",
              "ratio": 0.876
            }
          },
          {
            "id": "@class/word",
            "prob": 1,
            "value": "DIV.big-form.page-shadow DIV.form-wrapper TABLE.layout-form.col-3"
          },
          {
            "id": "path/ordinal",
            "prob": 1,
            "value": "/HTML[1]/BODY[1]/FORM[1]/DIV[3]/DIV[9]/TABLE[12]"
          }
        ]
      },
      "events": {
        "onGetData": "getData_control237_MsmOA1"
      },
      "intendedRole": "custom",
      "roles": "element,custom",
      "monitored": true,
      "frameXPath": "",
      "componentType": "custom"
    },
    "control238_7eSHT0": {
      "location": {
        "data": {
          "tagName": "TABLE"
        },
        "userData": {
          "data": [],
          "force": false
        },
        "locators": [
          {
            "id": "@class/word",
            "prob": 1,
            "ordinal": [
              19,
              20
            ],
            "value": "BODY.formPage DIV.big-form.page-shadow DIV.form-wrapper TABLE"
          },
          {
            "id": "path/ordinal",
            "prob": 1,
            "value": "/HTML[1]/BODY[1]/FORM[1]/DIV[3]/DIV[12]/DIV[2]/TABLE[1]"
          }
        ]
      },
      "events": {
        "onGetData": "getData_control238_7eSHT0"
      },
      "intendedRole": "custom",
      "roles": "element,custom",
      "monitored": true,
      "frameXPath": "",
      "componentType": "custom"
    },
    "control239_H6Ap9q": {
      "location": {
        "data": {
          "tagName": "DIV"
        },
        "userData": {
          "data": [],
          "force": false
        },
        "locators": [
          {
            "id": "@id/word",
            "prob": 2,
            "value": [
              "descendant::DIV[@id=\"AppUsersDiv\"]/DIV[3]",
              "descendant::DIV[@id=\"AppUsersDiv\"]//DIV"
            ]
          },
          {
            "id": "@class/word",
            "prob": 1,
            "ordinal": [
              3,
              5
            ],
            "value": "BODY.formPage DIV.big-form.page-shadow DIV.form-wrapper"
          },
          {
            "id": "path/ordinal",
            "prob": 1,
            "value": "/HTML[1]/BODY[1]/FORM[1]/DIV[3]/DIV[11]/DIV[3]"
          }
        ]
      },
      "events": {
        "onGetData": "getData_control239_H6Ap9q"
      },
      "intendedRole": "custom",
      "roles": "element,custom",
      "monitored": true,
      "frameXPath": "",
      "componentType": "custom"
    },
    "control462_N5vtlc": {
      "location": {
        "data": {
          "tagName": "TABLE"
        },
        "locators": [
          {
            "id": "@id/partialWord",
            "prob": 1,
            "disabled": true,
            "value": {
              "elemId": "form1",
              "tagName": "FORM",
              "prefix": "",
              "suffix": "/DIV[3]/TABLE[3]",
              "ratio": 0.88
            }
          },
          {
            "id": "@class/word",
            "prob": 1,
            "ordinal": [
              16,
              17
            ],
            "value": "BODY.formPage DIV.big-form.page-shadow TABLE.layout-data"
          },
          {
            "id": "path/ordinal",
            "prob": 1,
            "value": "/HTML[1]/BODY[1]/FORM[1]/DIV[3]/TABLE[3]"
          }
        ]
      },
      "events": {
        "onGetData": "getData_control462_N5vtlc"
      },
      "intendedRole": "custom",
      "roles": "element,custom",
      "monitored": false,
      "frameXPath": "",
      "componentType": "custom"
    }
  },
  "contexts": {
    "context27_urmBPN": {
      "controls": [
        "control209_Uc2Uqx",
        "control210_tw2kN4",
        "control211_vmwCCs",
        "control212_TKrauq",
        "control222_aM5o7Q",
        "control223_aeb2yk",
        "control224_1MO8OD",
        "control225_2WsiCc",
        "control226_ElA2SA",
        "control227_Dxv4y6",
        "control229_OsbQAy",
        "control230_JQkCpf",
        "control231_rSGrTz",
        "control228_0UbQLV",
        "control232_JA0THP",
        "control233_Be8yKL",
        "control234_aBPwqw",
        "control235_xI855b",
        "control236_HWGbDZ",
        "control237_MsmOA1",
        "control238_7eSHT0",
        "control239_H6Ap9q",
        "control462_N5vtlc"
      ],
      "anchors": [],
      "urlAnchor": [
        "http:\\/\\/172\\.16\\.11\\.61:9995\\/Workflow\\/Forms\\/CLFYBX\\/View\\.aspx\\?.*"
      ]
    }
  },
  "flows": {
    "flow67_m8yxIU": {
      "toContexts": [
        {
          "toContextId": "context27_urmBPN"
        }
      ]
    },
    "flow68_F6M1Es": {
      "fromContextId": "context27_urmBPN",
      "fromAction": "doAction",
      "fromControlId": "control211_vmwCCs",
      "toContexts": [
        {
          "toContextId": "context27_urmBPN"
        },
        {
          "toContextId": "context28_VG9e3W",
          "toModelId": "HaveDoneTravelExpensesAlert"
        }
      ]
    },
    "flow70_WqwlPs": {
      "fromContextId": "context27_urmBPN",
      "fromAction": "click",
      "fromControlId": "control212_TKrauq",
      "toContexts": [
        {
          "toContextId": "context27_urmBPN"
        }
      ]
    },
    "flow71_Lt2yeW": {
      "fromContextId": "context27_urmBPN",
      "fromAction": "doAction",
      "fromControlId": "control230_JQkCpf",
      "toContexts": [
        {
          "toContextId": "context27_urmBPN"
        }
      ]
    }
  },
  "pages": {
    "page27_JyeOwH": {
      "contextId": "context27_urmBPN",
      "layout": [
        {
          "id": "uiControl209_l3x4IL",
          "controlId": "control209_Uc2Uqx",
          "display": {
            "adapterId": "custom",
            "type": "custom",
            "adapter": {
              "templateType": "react",
              "events": {
                "onDoAction": "doAction_uiControl209_l3x4IL",
                "onGetTemplate": "getTemplate_uiControl209_l3x4IL"
              }
            }
          }
        },
        {
          "id": "uiControl210_VOVbca",
          "controlId": "control210_tw2kN4",
          "display": {
            "adapterId": "custom",
            "type": "custom",
            "adapter": {
              "templateType": "react",
              "events": {
                "onDoAction": "doAction_uiControl210_VOVbca",
                "onGetTemplate": "getTemplate_uiControl210_VOVbca"
              }
            }
          }
        },
        {
          "id": "uiControl211_CmRcqG",
          "controlId": "control211_vmwCCs",
          "display": {
            "adapterId": "custom",
            "type": "custom",
            "adapter": {
              "templateType": "react",
              "events": {
                "onDoAction": "doAction_uiControl211_CmRcqG",
                "onGetTemplate": "getTemplate_uiControl211_CmRcqG"
              }
            }
          }
        },
        {
          "id": "uiControl212_qSKhck",
          "controlId": "control212_TKrauq",
          "display": {
            "adapterId": "dialog",
            "type": "dialog",
            "adapter": {
              "templateType": ""
            }
          },
          "layout": [
            {
              "id": "uiControl212_qSKhckbody",
              "display": {
                "type": "dialogBody",
                "adapterId": "dialogBody",
                "adapter": {
                  "templateType": ""
                }
              },
              "layout": [
                {
                  "id": "uiControl222_V1tins",
                  "controlId": "control222_aM5o7Q",
                  "display": {
                    "adapterId": "custom",
                    "type": "custom",
                    "adapter": {
                      "templateType": "react",
                      "events": {
                        "onDoAction": "doAction_uiControl222_V1tins",
                        "onGetTemplate": "getTemplate_uiControl222_V1tins"
                      }
                    }
                  }
                },
                {
                  "id": "uiControl223_4rwBvd",
                  "controlId": "control223_aeb2yk",
                  "display": {
                    "adapterId": "custom",
                    "type": "custom",
                    "adapter": {
                      "templateType": "react",
                      "events": {
                        "onDoAction": "doAction_uiControl223_4rwBvd",
                        "onGetTemplate": "getTemplate_uiControl223_4rwBvd"
                      }
                    }
                  }
                },
                {
                  "id": "uiControl224_9V8vQd",
                  "controlId": "control224_1MO8OD",
                  "display": {
                    "adapterId": "custom",
                    "type": "custom",
                    "adapter": {
                      "templateType": "react",
                      "events": {
                        "onDoAction": "doAction_uiControl224_9V8vQd",
                        "onGetTemplate": "getTemplate_uiControl224_9V8vQd"
                      }
                    }
                  }
                },
                {
                  "id": "uiControl225_idUfrZ",
                  "controlId": "control225_2WsiCc",
                  "display": {
                    "adapterId": "custom",
                    "type": "custom",
                    "adapter": {
                      "templateType": "react",
                      "events": {
                        "onDoAction": "doAction_uiControl225_idUfrZ",
                        "onGetTemplate": "getTemplate_uiControl225_idUfrZ"
                      }
                    }
                  }
                }
              ]
            },
            {
              "id": "uiControl212_qSKhckfooter",
              "display": {
                "type": "dialogFooter",
                "adapterId": "dialogFooter",
                "adapter": {
                  "templateType": ""
                }
              },
              "layout": []
            }
          ]
        },
        {
          "id": "uiControl226_nVpS8E",
          "controlId": "control226_ElA2SA",
          "display": {
            "adapterId": "custom",
            "type": "custom",
            "adapter": {
              "templateType": "react",
              "events": {
                "onDoAction": "doAction_uiControl226_nVpS8E",
                "onGetTemplate": "getTemplate_uiControl226_nVpS8E"
              }
            }
          }
        },
        {
          "id": "uiControl227_bGqmUI",
          "controlId": "control227_Dxv4y6",
          "display": {
            "adapterId": "custom",
            "type": "custom",
            "adapter": {
              "templateType": "react",
              "events": {
                "onDoAction": "doAction_uiControl227_bGqmUI",
                "onGetTemplate": "getTemplate_uiControl227_bGqmUI"
              }
            }
          }
        },
        {
          "id": "uiControl231_RWUOAz",
          "controlId": "control231_rSGrTz",
          "display": {
            "adapterId": "custom",
            "type": "custom",
            "adapter": {
              "templateType": "react",
              "events": {
                "onDoAction": "doAction_uiControl231_RWUOAz",
                "onGetTemplate": "getTemplate_uiControl231_RWUOAz"
              }
            }
          }
        },
        {
          "id": "uiControl229_Nx3vWV",
          "controlId": "control229_OsbQAy",
          "display": {
            "adapterId": "custom",
            "type": "custom",
            "adapter": {
              "templateType": "react",
              "events": {
                "onDoAction": "doAction_uiControl229_Nx3vWV",
                "onGetTemplate": "getTemplate_uiControl229_Nx3vWV"
              }
            }
          }
        },
        {
          "id": "uiControl230_QCgU0F",
          "controlId": "control230_JQkCpf",
          "display": {
            "adapterId": "custom",
            "type": "custom",
            "adapter": {
              "templateType": "react",
              "events": {
                "onDoAction": "doAction_uiControl230_QCgU0F",
                "onGetTemplate": "getTemplate_uiControl230_QCgU0F"
              }
            }
          }
        },
        {
          "id": "uiControl228_PDncG6",
          "controlId": "control228_0UbQLV",
          "display": {
            "adapterId": "custom",
            "type": "custom",
            "adapter": {
              "templateType": "react",
              "events": {
                "onDoAction": "doAction_uiControl228_PDncG6",
                "onGetTemplate": "getTemplate_uiControl228_PDncG6"
              }
            }
          }
        },
        {
          "id": "uiControl232_tm8nV5",
          "controlId": "control232_JA0THP",
          "display": {
            "adapterId": "custom",
            "type": "custom",
            "adapter": {
              "templateType": "react",
              "events": {
                "onDoAction": "doAction_uiControl232_tm8nV5",
                "onGetTemplate": "getTemplate_uiControl232_tm8nV5"
              }
            }
          }
        },
        {
          "id": "uiControl235_3qu9Aq",
          "controlId": "control235_xI855b",
          "display": {
            "adapterId": "custom",
            "type": "custom",
            "adapter": {
              "templateType": "react",
              "events": {
                "onDoAction": "doAction_uiControl235_3qu9Aq",
                "onGetTemplate": "getTemplate_uiControl235_3qu9Aq"
              }
            }
          }
        },
        {
          "id": "uiControl236_RcEyrQ",
          "controlId": "control236_HWGbDZ",
          "display": {
            "adapterId": "custom",
            "type": "custom",
            "adapter": {
              "templateType": "react",
              "events": {
                "onDoAction": "doAction_uiControl236_RcEyrQ",
                "onGetTemplate": "getTemplate_uiControl236_RcEyrQ"
              }
            }
          }
        },
        {
          "id": "uiControl237_tKTh5b",
          "controlId": "control237_MsmOA1",
          "display": {
            "adapterId": "custom",
            "type": "custom",
            "adapter": {
              "templateType": "react",
              "events": {
                "onDoAction": "doAction_uiControl237_tKTh5b",
                "onGetTemplate": "getTemplate_uiControl237_tKTh5b"
              }
            }
          }
        },
        {
          "id": "uiControl239_toaEpB",
          "controlId": "control239_H6Ap9q",
          "display": {
            "adapterId": "custom",
            "type": "custom",
            "adapter": {
              "templateType": "react",
              "events": {
                "onDoAction": "doAction_uiControl239_toaEpB",
                "onGetTemplate": "getTemplate_uiControl239_toaEpB"
              }
            }
          }
        },
        {
          "id": "uiControl238_B2Gqf3",
          "controlId": "control238_7eSHT0",
          "display": {
            "adapterId": "custom",
            "type": "custom",
            "adapter": {
              "templateType": "react",
              "events": {
                "onDoAction": "doAction_uiControl238_B2Gqf3",
                "onGetTemplate": "getTemplate_uiControl238_B2Gqf3"
              }
            }
          }
        },
        {
          "id": "uiControl233_vmP1Je",
          "controlId": "control233_Be8yKL",
          "display": {
            "adapterId": "custom",
            "type": "custom",
            "adapter": {
              "templateType": "react",
              "events": {
                "onDoAction": "doAction_uiControl233_vmP1Je",
                "onGetTemplate": "getTemplate_uiControl233_vmP1Je"
              }
            }
          }
        },
        {
          "id": "uiControl462_OTSUx3",
          "controlId": "control462_N5vtlc",
          "display": {
            "adapterId": "custom",
            "type": "custom",
            "adapter": {
              "templateType": "react",
              "events": {
                "onDoAction": "doAction_uiControl462_OTSUx3",
                "onGetTemplate": "getTemplate_uiControl462_OTSUx3"
              }
            }
          }
        },
        {
          "id": "uiControl234_XlWpsF",
          "controlId": "control234_aBPwqw",
          "display": {
            "adapterId": "custom",
            "type": "custom",
            "adapter": {
              "templateType": "react",
              "events": {
                "onDoAction": "doAction_uiControl234_XlWpsF",
                "onGetTemplate": "getTemplate_uiControl234_XlWpsF"
              }
            }
          }
        }
      ]
    }
  },
  "matchers": {
    "page/title": {
      "contexts": {
        "context27_urmBPN": [
          "查看流程"
        ]
      }
    },
    "page/urls": {
      "contexts": {
        "context27_urmBPN": [
          "172.16.11.61:9995/Workflow/Forms/CLFYBX/View.aspx?ProcInstId=860EC8ABFD63FC5E",
          "172.16.11.61:9995/Workflow/Forms/CLFYBX/View.aspx?ProcInstId=FB22041B6D4B61F3"
        ]
      }
    },
    "page/ids": {
      "contexts": {
        "context27_urmBPN": [
          [
            "AppUsersDiv",
            "Header_hidFlag",
            "Header_txtCompanyName",
            "Header_txtDate",
            "Header_txtDepartName",
            "Header_txtEmail",
            "Header_txtPhone",
            "Header_txtUserName",
            "LinkedProcInst_hfGuid",
            "LinkedProcInst_hfStart",
            "LinkedProcInst_hfUserLoginName",
            "TravelTable",
            "__EVENTARGUMENT",
            "__EVENTTARGET",
            "__EVENTVALIDATION",
            "__VIEWSTATE",
            "btnAddLink",
            "contentActionBar_ActionBar_Action",
            "contentActionBar_ActionBar_ActionName",
            "contentActionBar_ActionBar_AddApprover",
            "contentActionBar_ActionBar_AddApproverName",
            "contentActionBar_ActionBar_GotoActivityName",
            "contentActionBar_ActionBar_IsReturnBack",
            "contentActionBar_ActionBar_Print",
            "contentActionBar_ActionBar_UserAction",
            "contentActionBar_ActionBar_btnAddApprover",
            "contentActionBar_ActionBar_btnClose",
            "contentActionBar_ActionBar_btnPrint",
            "contentActionBar_ActionBar_btnRedirect",
            "contentActionBar_ActionBar_hidJBAffirm",
            "contentForm_HLink_Report",
            "contentForm_btn_JIZhang",
            "contentForm_txtBXSY",
            "contentForm_txtReimbursementTotal",
            "contentForm_txtRemarks",
            "contentForm_txtSKRMoneyTotal",
            "contentForm_txtSupplier",
            "contentForm_txtSupplierApplyMoney",
            "contentForm_txtSupplierBankCode",
            "contentForm_txtSupplierOpenBank",
            "contentForm_txtVirtualDepart",
            "contentForm_txt_ActualMoneyToal",
            "contentForm_txt_AllTaxTotal",
            "contentForm_txt_ApplicantDeptName",
            "contentForm_txt_ApplyCompany",
            "contentForm_txt_ApplyEmployeeCode",
            "contentForm_txt_ApplyEmployeeName",
            "contentForm_txt_BELNR",
            "contentForm_txt_BudgetNo",
            "contentForm_txt_CPBCRate",
            "contentForm_txt_Currency",
            "contentForm_txt_ExchangeRate",
            "contentForm_txt_GuoZhangDate",
            "contentForm_txt_InformName",
            "contentForm_txt_InvoiceNum",
            "contentForm_txt_IsAsset",
            "contentForm_txt_IsConstruction",
            "contentForm_txt_JiZhangDate",
            "contentForm_txt_LendTotal",
            "contentForm_txt_PayeeTotal",
            "contentForm_txt_Project",
            "contentForm_txt_Summary",
            "contentForm_txt_SupplierActualPay",
            "contentForm_txt_TravelMethod",
            "contentForm_txt_TravelType",
            "detailT",
            "detailTR",
            "div",
            "form",
            "jkTable",
            "person_infor",
            "person_infor_trigger",
            "skrTable",
            "spanProject",
            "table",
            "tableXiaoJi",
            "tb_List",
            "txt_ACCApplyMoney_SKR",
            "txt_ApplyMoney_SKR",
            "txt_CompanyCode_SKR",
            "txt_Company_SKR",
            "txt_DeptCode_SKR",
            "txt_Dept_SKR",
            "txt_Summary_SKR"
          ],
          [
            "AppUsersDiv",
            "Header_hidFlag",
            "Header_txtCompanyName",
            "Header_txtDate",
            "Header_txtDepartName",
            "Header_txtEmail",
            "Header_txtPhone",
            "Header_txtUserName",
            "LinkedProcInst_hfGuid",
            "LinkedProcInst_hfStart",
            "LinkedProcInst_hfUserLoginName",
            "TravelTable",
            "__EVENTARGUMENT",
            "__EVENTTARGET",
            "__EVENTVALIDATION",
            "__VIEWSTATE",
            "_myDP",
            "btnAddLink",
            "contentActionBar_ActionBar_Action",
            "contentActionBar_ActionBar_ActionName",
            "contentActionBar_ActionBar_AddApprover",
            "contentActionBar_ActionBar_AddApproverName",
            "contentActionBar_ActionBar_GotoActivityName",
            "contentActionBar_ActionBar_IsReturnBack",
            "contentActionBar_ActionBar_Print",
            "contentActionBar_ActionBar_UserAction",
            "contentActionBar_ActionBar_btnAddApprover",
            "contentActionBar_ActionBar_btnClose",
            "contentActionBar_ActionBar_btnPrint",
            "contentActionBar_ActionBar_btnRedirect",
            "contentActionBar_ActionBar_hidJBAffirm",
            "contentForm_HLink_Report",
            "contentForm_btn_JIZhang",
            "contentForm_txtBXSY",
            "contentForm_txtReimbursementTotal",
            "contentForm_txtRemarks",
            "contentForm_txtSKRMoneyTotal",
            "contentForm_txtSupplier",
            "contentForm_txtSupplierApplyMoney",
            "contentForm_txtSupplierBankCode",
            "contentForm_txtSupplierOpenBank",
            "contentForm_txtVirtualDepart",
            "contentForm_txt_ActualMoneyToal",
            "contentForm_txt_AllTaxTotal",
            "contentForm_txt_ApplicantDeptName",
            "contentForm_txt_ApplyCompany",
            "contentForm_txt_ApplyEmployeeCode",
            "contentForm_txt_ApplyEmployeeName",
            "contentForm_txt_BELNR",
            "contentForm_txt_BudgetNo",
            "contentForm_txt_CPBCRate",
            "contentForm_txt_Currency",
            "contentForm_txt_ExchangeRate",
            "contentForm_txt_GuoZhangDate",
            "contentForm_txt_InformName",
            "contentForm_txt_InvoiceNum",
            "contentForm_txt_IsAsset",
            "contentForm_txt_IsConstruction",
            "contentForm_txt_JiZhangDate",
            "contentForm_txt_LendTotal",
            "contentForm_txt_PayeeTotal",
            "contentForm_txt_Project",
            "contentForm_txt_Summary",
            "contentForm_txt_SupplierActualPay",
            "contentForm_txt_TravelMethod",
            "contentForm_txt_TravelType",
            "detailT",
            "detailTR",
            "div",
            "form",
            "jkTable",
            "person_infor",
            "person_infor_trigger",
            "skrTable",
            "spanProject",
            "table",
            "tableXiaoJi",
            "tb_List",
            "txt_ACCApplyMoney_SKR",
            "txt_ApplyMoney_SKR",
            "txt_CompanyCode_SKR",
            "txt_Company_SKR",
            "txt_DeptCode_SKR",
            "txt_Dept_SKR",
            "txt_Summary_SKR"
          ],
          [
            "AppUsersDiv",
            "Attachment_fileUpload",
            "Attachment_hfActivityName",
            "Attachment_hfGuid",
            "Attachment_hfIsStart",
            "Attachment_hfUserLoginName",
            "Header_hidFlag",
            "Header_txtCompanyName",
            "Header_txtDate",
            "Header_txtDepartName",
            "Header_txtEmail",
            "Header_txtPhone",
            "Header_txtUserName",
            "LinkedProcInst_hfGuid",
            "LinkedProcInst_hfStart",
            "LinkedProcInst_hfUserLoginName",
            "TravelTable",
            "__EVENTARGUMENT",
            "__EVENTTARGET",
            "__EVENTVALIDATION",
            "__VIEWSTATE",
            "btnAddLink",
            "btnFileUpload",
            "contentActionBar_ActionBar_Action",
            "contentActionBar_ActionBar_ActionName",
            "contentActionBar_ActionBar_AddApprover",
            "contentActionBar_ActionBar_AddApproverName",
            "contentActionBar_ActionBar_GotoActivityName",
            "contentActionBar_ActionBar_IsReturnBack",
            "contentActionBar_ActionBar_Print",
            "contentActionBar_ActionBar_UserAction",
            "contentActionBar_ActionBar_btnAddApprover",
            "contentActionBar_ActionBar_btnClose",
            "contentActionBar_ActionBar_btnPrint",
            "contentActionBar_ActionBar_btnRedirect",
            "contentActionBar_ActionBar_hidJBAffirm",
            "contentForm_HLink_Report",
            "contentForm_txtBXSY",
            "contentForm_txtReimbursementTotal",
            "contentForm_txtRemarks",
            "contentForm_txtSKRMoneyTotal",
            "contentForm_txtSupplier",
            "contentForm_txtSupplierApplyMoney",
            "contentForm_txtSupplierBankCode",
            "contentForm_txtSupplierOpenBank",
            "contentForm_txtVirtualDepart",
            "contentForm_txt_ActualMoneyToal",
            "contentForm_txt_AllTaxTotal",
            "contentForm_txt_ApplicantDeptName",
            "contentForm_txt_ApplyCompany",
            "contentForm_txt_ApplyEmployeeCode",
            "contentForm_txt_ApplyEmployeeName",
            "contentForm_txt_BELNR",
            "contentForm_txt_BudgetNo",
            "contentForm_txt_CPBCRate",
            "contentForm_txt_Currency",
            "contentForm_txt_ExchangeRate",
            "contentForm_txt_GuoZhangDate",
            "contentForm_txt_InformName",
            "contentForm_txt_InvoiceNum",
            "contentForm_txt_IsAsset",
            "contentForm_txt_IsConstruction",
            "contentForm_txt_JiZhangDate",
            "contentForm_txt_LendTotal",
            "contentForm_txt_PayeeTotal",
            "contentForm_txt_Project",
            "contentForm_txt_Summary",
            "contentForm_txt_SupplierActualPay",
            "contentForm_txt_TravelMethod",
            "contentForm_txt_TravelType",
            "detailT",
            "detailTR",
            "div",
            "filePanel",
            "form",
            "jkTable",
            "person_infor",
            "person_infor_trigger",
            "skrTable",
            "spanProject",
            "table",
            "tableXiaoJi",
            "tb_AttachmentList",
            "tb_List",
            "txt_ACCApplyMoney_SKR",
            "txt_ApplyMoney_SKR",
            "txt_CompanyCode_SKR",
            "txt_Company_SKR",
            "txt_DeptCode_SKR",
            "txt_Dept_SKR",
            "txt_Summary_SKR",
            "uploadDiv"
          ]
        ]
      }
    },
    "page/classes": {
      "contexts": {
        "context27_urmBPN": [
          [
            "Beforehand",
            "ConstructionClass",
            "Wdate",
            "aspNetHidden",
            "aui_border",
            "aui_buttons",
            "aui_c",
            "aui_close",
            "aui_content",
            "aui_dialog",
            "aui_e",
            "aui_footer",
            "aui_header",
            "aui_icon",
            "aui_iconBg",
            "aui_inner",
            "aui_main",
            "aui_n",
            "aui_ne",
            "aui_nw",
            "aui_outer",
            "aui_s",
            "aui_se",
            "aui_sw",
            "aui_title",
            "aui_titleBar",
            "aui_w",
            "ax",
            "bar-code-rightcorner",
            "big-form",
            "btn",
            "clear",
            "col",
            "col-",
            "font-lightgrey",
            "font-xxl",
            "form-wrapper",
            "gb",
            "labelwidth",
            "layout-data",
            "layout-form",
            "logo-leftcorner",
            "mt-s",
            "none_edit",
            "p-explain",
            "page-shadow",
            "red",
            "required",
            "size-s",
            "swich_btn",
            "title",
            "tj",
            "top",
            "trCWShow",
            "trPerson",
            "trPublic",
            "ufoot"
          ],
          [
            "Beforehand",
            "ConstructionClass",
            "Wdate",
            "active",
            "aspNetHidden",
            "aui_border",
            "aui_buttons",
            "aui_c",
            "aui_close",
            "aui_content",
            "aui_dialog",
            "aui_e",
            "aui_footer",
            "aui_header",
            "aui_icon",
            "aui_iconBg",
            "aui_inner",
            "aui_main",
            "aui_n",
            "aui_ne",
            "aui_nw",
            "aui_outer",
            "aui_s",
            "aui_se",
            "aui_sw",
            "aui_title",
            "aui_titleBar",
            "aui_w",
            "ax",
            "bar-code-rightcorner",
            "big-form",
            "btn",
            "clear",
            "col",
            "col-",
            "font-lightgrey",
            "font-xxl",
            "form-wrapper",
            "gb",
            "labelwidth",
            "layout-data",
            "layout-form",
            "logo-leftcorner",
            "mt-s",
            "none_edit",
            "p-explain",
            "page-shadow",
            "red",
            "required",
            "show",
            "size-s",
            "swich_btn",
            "title",
            "tj",
            "top",
            "trCWShow",
            "trPerson",
            "trPublic",
            "ufoot"
          ],
          [
            "Beforehand",
            "ConstructionClass",
            "Wdate",
            "aspNetHidden",
            "aui_border",
            "aui_buttons",
            "aui_c",
            "aui_close",
            "aui_content",
            "aui_dialog",
            "aui_e",
            "aui_footer",
            "aui_header",
            "aui_icon",
            "aui_iconBg",
            "aui_inner",
            "aui_loading",
            "aui_main",
            "aui_n",
            "aui_ne",
            "aui_nw",
            "aui_outer",
            "aui_s",
            "aui_se",
            "aui_state_focus",
            "aui_state_full",
            "aui_state_lock",
            "aui_sw",
            "aui_title",
            "aui_titleBar",
            "aui_w",
            "ax",
            "bar-code-rightcorner",
            "big-form",
            "btn",
            "clear",
            "col",
            "col-",
            "font-lightgrey",
            "font-xxl",
            "form-wrapper",
            "gb",
            "labelwidth",
            "layout-data",
            "layout-form",
            "logo-leftcorner",
            "mt-s",
            "none_edit",
            "p-explain",
            "page-shadow",
            "red",
            "required",
            "size-s",
            "swich_btn",
            "title",
            "tj",
            "top",
            "trCWShow",
            "trPerson",
            "trPublic",
            "ufoot"
          ],
          [
            "Beforehand",
            "ConstructionClass",
            "Wdate",
            "aspNetHidden",
            "aui_border",
            "aui_buttons",
            "aui_c",
            "aui_close",
            "aui_content",
            "aui_dialog",
            "aui_e",
            "aui_footer",
            "aui_header",
            "aui_icon",
            "aui_iconBg",
            "aui_inner",
            "aui_main",
            "aui_n",
            "aui_ne",
            "aui_nw",
            "aui_outer",
            "aui_s",
            "aui_se",
            "aui_sw",
            "aui_title",
            "aui_titleBar",
            "aui_w",
            "ax",
            "bar-code-rightcorner",
            "big-form",
            "btn",
            "clear",
            "col",
            "col-",
            "fileUpload",
            "font-lightgrey",
            "font-xxl",
            "form-wrapper",
            "gb",
            "icon-cloud-download",
            "icon-paper-clip",
            "labelwidth",
            "layout-data",
            "layout-form",
            "logo-leftcorner",
            "mt-s",
            "none_edit",
            "p-explain",
            "page-shadow",
            "red",
            "required",
            "size-s",
            "swich_btn",
            "title",
            "tj",
            "top",
            "trCWShow",
            "trPerson",
            "trPublic",
            "ufoot"
          ]
        ]
      }
    },
    "page/tagTriplets": {
      "contexts": {
        "context27_urmBPN": [
          [
            "-/-/DIV",
            "-/-/FORM",
            "-/-/SCRIPT",
            "-/DIV/DIV",
            "-/FORM/DIV",
            "-/FORM/SCRIPT",
            "DIV/DIV/A",
            "DIV/DIV/BR",
            "DIV/DIV/DIV",
            "DIV/DIV/H1",
            "DIV/DIV/IMG",
            "DIV/DIV/INPUT-hidden",
            "DIV/DIV/INPUT-submit",
            "DIV/DIV/INPUT-text",
            "DIV/DIV/TABLE",
            "DIV/H1/BR",
            "DIV/H1/SPAN",
            "DIV/TABLE/TBODY",
            "DIV/TABLE/THEAD",
            "DIV/UL/LI",
            "FORM/DIV/BR",
            "FORM/DIV/BUTTON",
            "FORM/DIV/DIV",
            "FORM/DIV/INPUT-hidden",
            "FORM/DIV/SCRIPT",
            "FORM/DIV/TABLE",
            "FORM/DIV/UL",
            "LI/SPAN/A",
            "TABLE/TBODY/TR",
            "TABLE/THEAD/TR",
            "TBODY/TR/TD",
            "TBODY/TR/TH",
            "TD/DIV/A",
            "TD/DIV/DIV",
            "TD/DIV/TABLE",
            "TD/SPAN/INPUT-text",
            "TD/SPAN/LABEL",
            "THEAD/TR/TH",
            "TR/TD/A",
            "TR/TD/DIV",
            "TR/TD/INPUT-hidden",
            "TR/TD/INPUT-submit",
            "TR/TD/INPUT-text",
            "TR/TD/LABEL",
            "TR/TD/SPAN",
            "TR/TD/TABLE",
            "TR/TD/TEXTAREA",
            "TR/TH/SPAN",
            "UL/LI/SPAN"
          ],
          [
            "-/-/DIV",
            "-/-/FORM",
            "-/-/SCRIPT",
            "-/DIV/DIV",
            "-/DIV/IFRAME",
            "-/FORM/DIV",
            "-/FORM/SCRIPT",
            "DIV/DIV/A",
            "DIV/DIV/BR",
            "DIV/DIV/DIV",
            "DIV/DIV/H1",
            "DIV/DIV/IMG",
            "DIV/DIV/INPUT-hidden",
            "DIV/DIV/INPUT-submit",
            "DIV/DIV/INPUT-text",
            "DIV/DIV/SPAN",
            "DIV/DIV/TABLE",
            "DIV/H1/BR",
            "DIV/H1/SPAN",
            "DIV/TABLE/TBODY",
            "DIV/TABLE/THEAD",
            "DIV/UL/LI",
            "FORM/DIV/BR",
            "FORM/DIV/BUTTON",
            "FORM/DIV/DIV",
            "FORM/DIV/INPUT-hidden",
            "FORM/DIV/SCRIPT",
            "FORM/DIV/TABLE",
            "FORM/DIV/UL",
            "LI/SPAN/A",
            "TABLE/TBODY/TR",
            "TABLE/THEAD/TR",
            "TBODY/TR/TD",
            "TBODY/TR/TH",
            "TD/DIV/A",
            "TD/DIV/DIV",
            "TD/DIV/IFRAME",
            "TD/DIV/TABLE",
            "TD/SPAN/INPUT-text",
            "TD/SPAN/LABEL",
            "THEAD/TR/TH",
            "TR/TD/A",
            "TR/TD/DIV",
            "TR/TD/INPUT-hidden",
            "TR/TD/INPUT-submit",
            "TR/TD/INPUT-text",
            "TR/TD/LABEL",
            "TR/TD/SPAN",
            "TR/TD/TABLE",
            "TR/TD/TEXTAREA",
            "TR/TH/SPAN",
            "UL/LI/SPAN"
          ],
          [
            "-/-/DIV",
            "-/-/FORM",
            "-/-/SCRIPT",
            "-/DIV/DIV",
            "-/FORM/DIV",
            "-/FORM/SCRIPT",
            "DIV/DIV/A",
            "DIV/DIV/BR",
            "DIV/DIV/BUTTON",
            "DIV/DIV/DIV",
            "DIV/DIV/H1",
            "DIV/DIV/IMG",
            "DIV/DIV/INPUT-hidden",
            "DIV/DIV/INPUT-submit",
            "DIV/DIV/INPUT-text",
            "DIV/DIV/P",
            "DIV/DIV/SPAN",
            "DIV/DIV/TABLE",
            "DIV/H1/BR",
            "DIV/H1/SPAN",
            "DIV/P/BR",
            "DIV/P/STRONG",
            "DIV/SPAN/INPUT-file",
            "DIV/TABLE/TBODY",
            "DIV/TABLE/THEAD",
            "DIV/UL/LI",
            "FORM/DIV/BR",
            "FORM/DIV/BUTTON",
            "FORM/DIV/DIV",
            "FORM/DIV/INPUT-hidden",
            "FORM/DIV/SCRIPT",
            "FORM/DIV/TABLE",
            "FORM/DIV/UL",
            "LI/SPAN/A",
            "TABLE/TBODY/TR",
            "TABLE/THEAD/TR",
            "TBODY/TR/TD",
            "TBODY/TR/TH",
            "TD/A/I",
            "TD/DIV/A",
            "TD/DIV/DIV",
            "TD/DIV/TABLE",
            "TD/SPAN/INPUT-text",
            "TD/SPAN/LABEL",
            "THEAD/TR/TH",
            "TR/TD/A",
            "TR/TD/DIV",
            "TR/TD/I",
            "TR/TD/INPUT-hidden",
            "TR/TD/INPUT-text",
            "TR/TD/LABEL",
            "TR/TD/SPAN",
            "TR/TD/TABLE",
            "TR/TD/TEXTAREA",
            "TR/TH/SPAN",
            "UL/LI/SPAN"
          ]
        ]
      }
    }
  }
}