{
  "version": "0.1",
  "id": "train",
  "targetURL": "http://172.16.11.61:8000/Forms/HR/PXSQ/Processing.aspx?SN=7F1887BFC775777E40462209C765888A&Guid=47b9c2f9-fe37-401c-a176-40a28dc41781",
  "jsFile": "index.js",
  "chineseName": "待办培训申请单",
  "description": "",
  "firstPaintEnable": false,
  "controls": {
    "control122_uanXTH": {
      "location": {
        "data": {
          "tagName": "H1"
        },
        "userData": {
          "data": [],
          "force": false
        },
        "locators": [
          {
            "id": "@id/word",
            "prob": 2,
            "value": [
              "descendant::FORM[@id=\"aspnetForm\"]/DIV[3]/DIV[1]/H1[1]",
              "descendant::FORM[@id=\"aspnetForm\"]//H1"
            ]
          },
          {
            "id": "@class/word",
            "prob": 1,
            "value": "DIV.big-form.page-shadow DIV.top H1"
          },
          {
            "id": "path/ordinal",
            "prob": 1,
            "value": "/HTML[1]/BODY[1]/FORM[1]/DIV[3]/DIV[1]/H1[1]"
          }
        ]
      },
      "events": {
        "onGetData": "getData_control122_uanXTH"
      },
      "intendedRole": "custom",
      "roles": "element,custom",
      "monitored": false,
      "frameXPath": "",
      "componentType": "custom"
    },
    "control165_RFkSUf": {
      "location": {
        "data": {
          "tagName": "DIV"
        },
        "userData": {
          "data": [],
          "force": false
        },
        "locators": [
          {
            "id": "@id/word",
            "prob": 3,
            "value": [
              "descendant::FORM[@id=\"aspnetForm\"]//DIV[@id=\"person_infor\"]",
              "descendant::DIV[@id=\"person_infor\"]"
            ]
          },
          {
            "id": "@class/word",
            "prob": 1,
            "value": "DIV.big-form.page-shadow DIV.show"
          },
          {
            "id": "path/ordinal",
            "prob": 1,
            "value": "/HTML[1]/BODY[1]/FORM[1]/DIV[3]/DIV[5]"
          }
        ]
      },
      "events": {
        "onGetData": "getData_control165_RFkSUf"
      },
      "intendedRole": "custom",
      "roles": "element,custom",
      "ignoreVisibility": true,
      "monitored": true,
      "frameXPath": "",
      "componentType": "custom"
    },
    "control166_X3KzP3": {
      "location": {
        "data": {
          "tagName": "TABLE"
        },
        "userData": {
          "data": [],
          "force": false
        },
        "locators": [
          {
            "id": "@id/word",
            "prob": 1,
            "value": [
              "descendant::FORM[@id=\"aspnetForm\"]/DIV[3]/DIV[9]/DIV[1]/TABLE[1]",
              "descendant::FORM[@id=\"aspnetForm\"]//TABLE"
            ]
          },
          {
            "id": "@class/word",
            "prob": 1,
            "value": "DIV.big-form.page-shadow DIV.form-wrapper TABLE.layout-form.col-3"
          },
          {
            "id": "path/ordinal",
            "prob": 1,
            "value": "/HTML[1]/BODY[1]/FORM[1]/DIV[3]/DIV[9]/DIV[1]/TABLE[1]"
          }
        ]
      },
      "events": {
        "onGetData": "getData_control166_X3KzP3"
      },
      "intendedRole": "custom",
      "roles": "element,custom",
      "monitored": true,
      "frameXPath": "",
      "componentType": "custom"
    },
    "control167_uW2rH5": {
      "location": {
        "data": {
          "tagName": "TABLE"
        },
        "userData": {
          "data": [],
          "force": false
        },
        "locators": [
          {
            "id": "@id/word",
            "prob": 1,
            "value": [
              "descendant::FORM[@id=\"aspnetForm\"]/DIV[3]/DIV[9]/DIV[1]/TABLE[2]",
              "descendant::FORM[@id=\"aspnetForm\"]//TABLE"
            ]
          },
          {
            "id": "@class/word",
            "prob": 1,
            "value": "DIV.big-form.page-shadow DIV.form-wrapper TABLE.layout-data.layout-form"
          },
          {
            "id": "path/ordinal",
            "prob": 1,
            "value": "/HTML[1]/BODY[1]/FORM[1]/DIV[3]/DIV[9]/DIV[1]/TABLE[2]"
          }
        ]
      },
      "events": {
        "onGetData": "getData_control167_uW2rH5"
      },
      "intendedRole": "custom",
      "roles": "element,custom",
      "monitored": true,
      "frameXPath": "",
      "componentType": "custom"
    },
    "control168_5BFgBK": {
      "location": {
        "data": {
          "tagName": "TABLE"
        },
        "userData": {
          "data": [],
          "force": false
        },
        "locators": [
          {
            "id": "@id/word",
            "prob": 2,
            "value": [
              "descendant::FORM[@id=\"aspnetForm\"]/DIV[3]/TABLE[2]",
              "descendant::FORM[@id=\"aspnetForm\"]//TABLE"
            ]
          },
          {
            "id": "@class/word",
            "prob": 1,
            "ordinal": [
              2,
              4
            ],
            "value": "DIV.big-form.page-shadow TABLE.layout-data"
          },
          {
            "id": "path/ordinal",
            "prob": 1,
            "value": "/HTML[1]/BODY[1]/FORM[1]/DIV[3]/TABLE[2]"
          }
        ]
      },
      "events": {
        "onGetData": "getData_control168_5BFgBK"
      },
      "intendedRole": "custom",
      "roles": "element,custom",
      "monitored": true,
      "frameXPath": "",
      "componentType": "custom"
    },
    "control169_mr3Or3": {
      "location": {
        "data": {
          "tagName": "TABLE"
        },
        "userData": {
          "data": [],
          "force": false
        },
        "locators": [
          {
            "id": "@id/word",
            "prob": 2,
            "value": [
              "descendant::FORM[@id=\"aspnetForm\"]/DIV[3]/TABLE[3]",
              "descendant::FORM[@id=\"aspnetForm\"]//TABLE"
            ]
          },
          {
            "id": "@class/word",
            "prob": 1,
            "ordinal": [
              3,
              4
            ],
            "value": "DIV.big-form.page-shadow TABLE.layout-data"
          },
          {
            "id": "path/ordinal",
            "prob": 1,
            "value": "/HTML[1]/BODY[1]/FORM[1]/DIV[3]/TABLE[3]"
          }
        ]
      },
      "events": {
        "onGetData": "getData_control169_mr3Or3"
      },
      "intendedRole": "custom",
      "roles": "element,custom",
      "monitored": true,
      "frameXPath": "",
      "componentType": "custom"
    },
    "control170_qT92ls": {
      "location": {
        "data": {
          "tagName": "TABLE"
        },
        "userData": {
          "data": [],
          "force": false
        },
        "locators": [
          {
            "id": "@id/word",
            "prob": 2,
            "value": [
              "descendant::FORM[@id=\"aspnetForm\"]/DIV[3]/DIV[25]/TABLE[1]",
              "descendant::FORM[@id=\"aspnetForm\"]//TABLE"
            ]
          },
          {
            "id": "@class/word",
            "prob": 1,
            "ordinal": [
              4,
              5
            ],
            "value": "DIV.big-form.page-shadow DIV.form-wrapper TABLE.layout-form"
          },
          {
            "id": "path/ordinal",
            "prob": 1,
            "value": "/HTML[1]/BODY[1]/FORM[1]/DIV[3]/DIV[25]/TABLE[1]"
          }
        ]
      },
      "events": {
        "onGetData": "getData_control170_qT92ls"
      },
      "intendedRole": "custom",
      "roles": "element,custom",
      "monitored": true,
      "frameXPath": "",
      "componentType": "custom"
    },
    "control171_BrtEMA": {
      "location": {
        "data": {
          "tagName": "UL"
        },
        "userData": {
          "data": [],
          "force": false
        },
        "locators": [
          {
            "id": "@id/word",
            "prob": 2,
            "value": [
              "descendant::FORM[@id=\"aspnetForm\"]/DIV[5]/UL[1]",
              "descendant::FORM[@id=\"aspnetForm\"]//UL"
            ]
          },
          {
            "id": "@class/word",
            "prob": 1,
            "value": "DIV.ufoot UL.ax"
          },
          {
            "id": "path/ordinal",
            "prob": 1,
            "value": "/HTML[1]/BODY[1]/FORM[1]/DIV[5]/UL[1]"
          }
        ]
      },
      "events": {
        "onGetData": "getData_control171_BrtEMA"
      },
      "intendedRole": "custom",
      "roles": "element,custom",
      "monitored": true,
      "frameXPath": "",
      "componentType": "custom"
    }
  },
  "contexts": {
    "context16_Kn6Bzh": {
      "controls": [
        "control122_uanXTH",
        "control165_RFkSUf",
        "control166_X3KzP3",
        "control167_uW2rH5",
        "control168_5BFgBK",
        "control169_mr3Or3",
        "control170_qT92ls",
        "control171_BrtEMA"
      ],
      "anchors": [],
      "urlAnchor": [
        "http:\\/\\/172\\.16\\.11\\.61:8000\\/Forms/HR\\/PXSQ\\/Processing\\.aspx\\?.*"
      ]
    }
  },
  "flows": {
    "flow37_9BU2tE": {
      "toContexts": [
        {
          "toContextId": "context16_Kn6Bzh"
        }
      ]
    },
    "flow95_EIBb4I": {
      "fromContextId": "context16_Kn6Bzh",
      "fromAction": "doAction",
      "fromControlId": "control170_qT92ls",
      "toContexts": [
        {
          "toContextId": "context16_Kn6Bzh"
        }
      ]
    },
    "flow96_4ImNU7": {
      "fromContextId": "context16_Kn6Bzh",
      "fromAction": "doAction",
      "fromControlId": "control168_5BFgBK",
      "toContexts": [
        {
          "toContextId": "context16_Kn6Bzh"
        }
      ]
    }
  },
  "pages": {
    "page16_5pygzR": {
      "contextId": "context16_Kn6Bzh",
      "layout": [
        {
          "id": "uiControl122_maLROt",
          "controlId": "control122_uanXTH",
          "display": {
            "adapterId": "custom",
            "type": "custom",
            "adapter": {
              "templateType": "react",
              "events": {
                "onDoAction": "doAction_uiControl122_maLROt",
                "onGetTemplate": "getTemplate_uiControl122_maLROt"
              }
            }
          }
        },
        {
          "id": "uiControl165_N4sWXp",
          "controlId": "control165_RFkSUf",
          "display": {
            "adapterId": "custom",
            "type": "custom",
            "adapter": {
              "templateType": "react",
              "events": {
                "onDoAction": "doAction_uiControl165_N4sWXp",
                "onGetTemplate": "getTemplate_uiControl165_N4sWXp"
              }
            }
          }
        },
        {
          "id": "uiControl166_9PdUEN",
          "controlId": "control166_X3KzP3",
          "display": {
            "adapterId": "custom",
            "type": "custom",
            "adapter": {
              "templateType": "react",
              "events": {
                "onDoAction": "doAction_uiControl166_9PdUEN",
                "onGetTemplate": "getTemplate_uiControl166_9PdUEN"
              }
            }
          }
        },
        {
          "id": "uiControl167_lTh8Ky",
          "controlId": "control167_uW2rH5",
          "display": {
            "adapterId": "custom",
            "type": "custom",
            "adapter": {
              "templateType": "react",
              "events": {
                "onDoAction": "doAction_uiControl167_lTh8Ky",
                "onGetTemplate": "getTemplate_uiControl167_lTh8Ky"
              }
            }
          }
        },
        {
          "id": "uiControl168_evO0md",
          "controlId": "control168_5BFgBK",
          "display": {
            "adapterId": "custom",
            "type": "custom",
            "adapter": {
              "templateType": "react",
              "events": {
                "onDoAction": "doAction_uiControl168_evO0md",
                "onGetTemplate": "getTemplate_uiControl168_evO0md"
              }
            }
          }
        },
        {
          "id": "uiControl169_LUxP3a",
          "controlId": "control169_mr3Or3",
          "display": {
            "adapterId": "custom",
            "type": "custom",
            "adapter": {
              "templateType": "react",
              "events": {
                "onDoAction": "doAction_uiControl169_LUxP3a",
                "onGetTemplate": "getTemplate_uiControl169_LUxP3a"
              }
            }
          }
        },
        {
          "id": "uiControl170_Lyur2F",
          "controlId": "control170_qT92ls",
          "display": {
            "adapterId": "custom",
            "type": "custom",
            "adapter": {
              "templateType": "react",
              "events": {
                "onDoAction": "doAction_uiControl170_Lyur2F",
                "onGetTemplate": "getTemplate_uiControl170_Lyur2F"
              }
            }
          }
        },
        {
          "id": "uiControl171_LkGLIv",
          "controlId": "control171_BrtEMA",
          "display": {
            "adapterId": "custom",
            "type": "custom",
            "adapter": {
              "templateType": "react",
              "events": {
                "onDoAction": "doAction_uiControl171_LkGLIv",
                "onGetTemplate": "getTemplate_uiControl171_LkGLIv"
              }
            }
          }
        }
      ]
    }
  },
  "matchers": {
    "page/title": {
      "contexts": {
        "context16_Kn6Bzh": [
          "培训申请单 - 审批页"
        ]
      }
    },
    "page/urls": {
      "contexts": {
        "context16_Kn6Bzh": [
          "172.16.11.61:8000/Forms/HR/PXSQ/Processing.aspx?SN=7F1887BFC775777E40462209C765888A&Guid=47b9c2f9-fe37-401c-a176-40a28dc41781",
          "172.16.11.61:8000/Forms/HR/PXSQ/Processing.aspx?SN=FD7CB28165D2CC3278E83E62B8C59D42&Guid=0494f422-6719-48c8-9c83-a94f84d300d7"
        ]
      }
    },
    "page/ids": {
      "contexts": {
        "context16_Kn6Bzh": [
          [
            "AppUsersDiv",
            "__EVENTARGUMENT",
            "__EVENTTARGET",
            "__SCROLLPOSITIONX",
            "__SCROLLPOSITIONY",
            "__VIEWSTATE",
            "_myDP",
            "approveMemo",
            "aspnetForm",
            "btnAddLink",
            "btnFileUpload",
            "ctl_ActionBar_Action",
            "ctl_ActionBar_ActionName",
            "ctl_ActionBar_AddApproval",
            "ctl_ActionBar_AddApprover",
            "ctl_ActionBar_AddApproverName",
            "ctl_ActionBar_Approval",
            "ctl_ActionBar_GotoActivityName",
            "ctl_ActionBar_IsReturnBack",
            "ctl_ActionBar_Reject",
            "ctl_ActionBar_UserAction",
            "ctl_ActionBar_WorkFlow",
            "ctl_ActionBar_btnAddApprover",
            "ctl_ActionBar_btnApprove",
            "ctl_ActionBar_btnClose",
            "ctl_ActionBar_btnInform",
            "ctl_ActionBar_btnRedirect",
            "ctl_ActionBar_btnReject",
            "ctl_ActionBar_btnWorkFlow",
            "ctl_ActionBar_hidJBAffirm",
            "ctl_ApproveControl_lblActivityName",
            "ctl_ApproveControl_txtMemo",
            "ctl_Attachment_fileUpload",
            "ctl_Attachment_hfActivityName",
            "ctl_Attachment_hfGuid",
            "ctl_Attachment_hfIsStart",
            "ctl_Attachment_hfUserLoginName",
            "ctl_Header_hidFlag",
            "ctl_Header_txtCompanyName",
            "ctl_Header_txtDate",
            "ctl_Header_txtDepartName",
            "ctl_Header_txtEmail",
            "ctl_Header_txtPhone",
            "ctl_Header_txtUserName",
            "ctl_LinkedProcInst_hfGuid",
            "ctl_LinkedProcInst_hfStart",
            "ctl_LinkedProcInst_hfUserLoginName",
            "ctl_btnSubmit",
            "ctl_contentForm_P",
            "ctl_contentForm_rbtn_oneself",
            "ctl_contentForm_rbtn_project",
            "ctl_contentForm_txt_DollarsBonus",
            "ctl_contentForm_txt_EndTime",
            "ctl_contentForm_txt_PercapitaDollarsBonus",
            "ctl_contentForm_txt_PercapitaResourcePurchase",
            "ctl_contentForm_txt_PercapitaTableMoney",
            "ctl_contentForm_txt_PercapitaTotal",
            "ctl_contentForm_txt_PercapitaTravelCharge",
            "ctl_contentForm_txt_Remark",
            "ctl_contentForm_txt_ResourcePurchase",
            "ctl_contentForm_txt_StartTime",
            "ctl_contentForm_txt_TableMoney",
            "ctl_contentForm_txt_Total",
            "ctl_contentForm_txt_TrainAddress",
            "ctl_contentForm_txt_TrainAim",
            "ctl_contentForm_txt_TrainLevel",
            "ctl_contentForm_txt_TrainNature",
            "ctl_contentForm_txt_TrainNumber",
            "ctl_contentForm_txt_TrainShape",
            "ctl_contentForm_txt_TrainTitle",
            "ctl_contentForm_txt_TrainType",
            "ctl_contentForm_txt_TravelCharge",
            "fileAttachment",
            "filePanel",
            "file_upload_form",
            "hdActivityName",
            "hdGuid",
            "hdUserLoginName",
            "person_infor",
            "person_infor_trigger",
            "tb_AttachmentList",
            "tb_List",
            "uploadDiv",
            "upload_target"
          ],
          [
            "AppUsersDiv",
            "__EVENTARGUMENT",
            "__EVENTTARGET",
            "__SCROLLPOSITIONX",
            "__SCROLLPOSITIONY",
            "__VIEWSTATE",
            "_myDP",
            "approveMemo",
            "aspnetForm",
            "btnAddLink",
            "btnFileUpload",
            "ctl_ActionBar_Action",
            "ctl_ActionBar_ActionName",
            "ctl_ActionBar_AddApproval",
            "ctl_ActionBar_AddApprover",
            "ctl_ActionBar_AddApproverName",
            "ctl_ActionBar_Approval",
            "ctl_ActionBar_GotoActivityName",
            "ctl_ActionBar_IsReturnBack",
            "ctl_ActionBar_Reject",
            "ctl_ActionBar_UserAction",
            "ctl_ActionBar_WorkFlow",
            "ctl_ActionBar_btnAddApprover",
            "ctl_ActionBar_btnApprove",
            "ctl_ActionBar_btnClose",
            "ctl_ActionBar_btnInform",
            "ctl_ActionBar_btnRedirect",
            "ctl_ActionBar_btnReject",
            "ctl_ActionBar_btnWorkFlow",
            "ctl_ActionBar_hidJBAffirm",
            "ctl_ApproveControl_lblActivityName",
            "ctl_ApproveControl_txtMemo",
            "ctl_Attachment_fileUpload",
            "ctl_Attachment_hfActivityName",
            "ctl_Attachment_hfGuid",
            "ctl_Attachment_hfIsStart",
            "ctl_Attachment_hfUserLoginName",
            "ctl_Header_hidFlag",
            "ctl_Header_txtCompanyName",
            "ctl_Header_txtDate",
            "ctl_Header_txtDepartName",
            "ctl_Header_txtEmail",
            "ctl_Header_txtPhone",
            "ctl_Header_txtUserName",
            "ctl_LinkedProcInst_hfGuid",
            "ctl_LinkedProcInst_hfStart",
            "ctl_LinkedProcInst_hfUserLoginName",
            "ctl_btnSubmit",
            "ctl_contentForm_P",
            "ctl_contentForm_rbtn_oneself",
            "ctl_contentForm_rbtn_project",
            "ctl_contentForm_txt_AimStudent",
            "ctl_contentForm_txt_DollarsBonus",
            "ctl_contentForm_txt_EndTime",
            "ctl_contentForm_txt_PercapitaDollarsBonus",
            "ctl_contentForm_txt_PercapitaResourcePurchase",
            "ctl_contentForm_txt_PercapitaTableMoney",
            "ctl_contentForm_txt_PercapitaTotal",
            "ctl_contentForm_txt_PercapitaTravelCharge",
            "ctl_contentForm_txt_Remark",
            "ctl_contentForm_txt_ResourcePurchase",
            "ctl_contentForm_txt_StartTime",
            "ctl_contentForm_txt_TableMoney",
            "ctl_contentForm_txt_Total",
            "ctl_contentForm_txt_TrainAddress",
            "ctl_contentForm_txt_TrainAim",
            "ctl_contentForm_txt_TrainItem",
            "ctl_contentForm_txt_TrainLevel",
            "ctl_contentForm_txt_TrainNature",
            "ctl_contentForm_txt_TrainNumber",
            "ctl_contentForm_txt_TrainShape",
            "ctl_contentForm_txt_TrainType",
            "ctl_contentForm_txt_TravelCharge",
            "fileAttachment",
            "filePanel",
            "file_upload_form",
            "hdActivityName",
            "hdGuid",
            "hdUserLoginName",
            "person_infor",
            "person_infor_trigger",
            "tb_AttachmentList",
            "tb_List",
            "uploadDiv",
            "upload_target"
          ]
        ]
      }
    },
    "page/classes": {
      "contexts": {
        "context16_Kn6Bzh": [
          [
            "action-area",
            "aui_border",
            "aui_buttons",
            "aui_c",
            "aui_close",
            "aui_content",
            "aui_dialog",
            "aui_e",
            "aui_footer",
            "aui_header",
            "aui_icon",
            "aui_iconBg",
            "aui_inner",
            "aui_main",
            "aui_n",
            "aui_ne",
            "aui_nw",
            "aui_outer",
            "aui_s",
            "aui_se",
            "aui_sw",
            "aui_title",
            "aui_titleBar",
            "aui_w",
            "ax",
            "bar-code-rightcorner",
            "big-form",
            "btn",
            "clear",
            "col",
            "col-",
            "fileUpload",
            "font-lightgrey",
            "font-red",
            "font-xxl",
            "form-wrapper",
            "gb",
            "green",
            "grey",
            "icon-cloud-download",
            "icon-paper-clip",
            "layout-data",
            "layout-form",
            "logo-leftcorner",
            "meno",
            "mt-s",
            "none_edit",
            "p-explain",
            "page-shadow",
            "pz",
            "red",
            "shadow",
            "size-l",
            "size-s",
            "swich_btn",
            "title",
            "tj",
            "top",
            "ufoot"
          ],
          [
            "action-area",
            "aui_border",
            "aui_buttons",
            "aui_c",
            "aui_close",
            "aui_content",
            "aui_dialog",
            "aui_e",
            "aui_footer",
            "aui_header",
            "aui_icon",
            "aui_iconBg",
            "aui_inner",
            "aui_loading",
            "aui_main",
            "aui_n",
            "aui_ne",
            "aui_nw",
            "aui_outer",
            "aui_s",
            "aui_se",
            "aui_state_focus",
            "aui_sw",
            "aui_title",
            "aui_titleBar",
            "aui_w",
            "ax",
            "bar-code-rightcorner",
            "big-form",
            "btn",
            "clear",
            "col",
            "col-",
            "fileUpload",
            "font-lightgrey",
            "font-red",
            "font-xxl",
            "form-wrapper",
            "gb",
            "green",
            "grey",
            "icon-cloud-download",
            "icon-paper-clip",
            "layout-data",
            "layout-form",
            "logo-leftcorner",
            "meno",
            "mt-s",
            "none_edit",
            "p-explain",
            "page-shadow",
            "pz",
            "red",
            "shadow",
            "size-l",
            "size-s",
            "swich_btn",
            "title",
            "tj",
            "top",
            "ufoot"
          ],
          [
            "action-area",
            "active",
            "aui_border",
            "aui_buttons",
            "aui_c",
            "aui_close",
            "aui_content",
            "aui_dialog",
            "aui_e",
            "aui_footer",
            "aui_header",
            "aui_icon",
            "aui_iconBg",
            "aui_inner",
            "aui_main",
            "aui_n",
            "aui_ne",
            "aui_nw",
            "aui_outer",
            "aui_s",
            "aui_se",
            "aui_sw",
            "aui_title",
            "aui_titleBar",
            "aui_w",
            "ax",
            "bar-code-rightcorner",
            "big-form",
            "btn",
            "clear",
            "col",
            "col-",
            "fileUpload",
            "font-lightgrey",
            "font-red",
            "font-xxl",
            "form-wrapper",
            "gb",
            "green",
            "grey",
            "layout-data",
            "layout-form",
            "logo-leftcorner",
            "meno",
            "mt-s",
            "none_edit",
            "p-explain",
            "page-shadow",
            "pz",
            "red",
            "shadow",
            "show",
            "size-l",
            "size-s",
            "swich_btn",
            "title",
            "tj",
            "top",
            "ufoot"
          ],
          [
            "action-area",
            "aui_border",
            "aui_buttons",
            "aui_c",
            "aui_close",
            "aui_content",
            "aui_dialog",
            "aui_e",
            "aui_footer",
            "aui_header",
            "aui_icon",
            "aui_iconBg",
            "aui_inner",
            "aui_main",
            "aui_n",
            "aui_ne",
            "aui_nw",
            "aui_outer",
            "aui_s",
            "aui_se",
            "aui_sw",
            "aui_title",
            "aui_titleBar",
            "aui_w",
            "ax",
            "bar-code-rightcorner",
            "big-form",
            "btn",
            "clear",
            "col",
            "col-",
            "fileUpload",
            "font-lightgrey",
            "font-red",
            "font-xxl",
            "form-wrapper",
            "gb",
            "green",
            "grey",
            "layout-data",
            "layout-form",
            "logo-leftcorner",
            "meno",
            "mt-s",
            "none_edit",
            "p-explain",
            "page-shadow",
            "pz",
            "red",
            "shadow",
            "size-l",
            "size-s",
            "swich_btn",
            "title",
            "tj",
            "top",
            "ufoot"
          ],
          [
            "action-area",
            "aui_border",
            "aui_buttons",
            "aui_c",
            "aui_close",
            "aui_content",
            "aui_dialog",
            "aui_e",
            "aui_footer",
            "aui_header",
            "aui_icon",
            "aui_iconBg",
            "aui_inner",
            "aui_loading",
            "aui_main",
            "aui_n",
            "aui_ne",
            "aui_nw",
            "aui_outer",
            "aui_s",
            "aui_se",
            "aui_state_focus",
            "aui_sw",
            "aui_title",
            "aui_titleBar",
            "aui_w",
            "ax",
            "bar-code-rightcorner",
            "big-form",
            "btn",
            "clear",
            "col",
            "col-",
            "del",
            "fileUpload",
            "font-lightgrey",
            "font-red",
            "font-xxl",
            "form-wrapper",
            "gb",
            "green",
            "grey",
            "icon-cloud-download",
            "icon-paper-clip",
            "icon-trash",
            "layout-data",
            "layout-form",
            "logo-leftcorner",
            "meno",
            "mt-s",
            "none_edit",
            "p-explain",
            "page-shadow",
            "pz",
            "red",
            "shadow",
            "size-l",
            "size-s",
            "swich_btn",
            "title",
            "tj",
            "top",
            "ufoot"
          ],
          [
            "action-area",
            "aui_border",
            "aui_buttons",
            "aui_c",
            "aui_close",
            "aui_content",
            "aui_dialog",
            "aui_e",
            "aui_footer",
            "aui_header",
            "aui_icon",
            "aui_iconBg",
            "aui_inner",
            "aui_main",
            "aui_n",
            "aui_ne",
            "aui_nw",
            "aui_outer",
            "aui_s",
            "aui_se",
            "aui_sw",
            "aui_title",
            "aui_titleBar",
            "aui_w",
            "ax",
            "bar-code-rightcorner",
            "big-form",
            "btn",
            "clear",
            "col",
            "col-",
            "del",
            "fileUpload",
            "font-lightgrey",
            "font-red",
            "font-xxl",
            "form-wrapper",
            "gb",
            "green",
            "grey",
            "icon-cloud-download",
            "icon-paper-clip",
            "icon-trash",
            "layout-data",
            "layout-form",
            "logo-leftcorner",
            "meno",
            "mt-s",
            "none_edit",
            "p-explain",
            "page-shadow",
            "pz",
            "red",
            "shadow",
            "size-l",
            "size-s",
            "swich_btn",
            "title",
            "tj",
            "top",
            "ufoot"
          ]
        ]
      }
    },
    "page/tagTriplets": {
      "contexts": {
        "context16_Kn6Bzh": [
          [
            "-/-/DIV",
            "-/-/FORM",
            "-/-/IFRAME",
            "-/-/SCRIPT",
            "-/DIV/DIV",
            "-/DIV/IFRAME",
            "-/FORM/DIV",
            "-/FORM/INPUT-hidden",
            "-/FORM/SCRIPT",
            "-/FORM/SPAN",
            "DIV/DIV/A",
            "DIV/DIV/BR",
            "DIV/DIV/BUTTON",
            "DIV/DIV/DIV",
            "DIV/DIV/H1",
            "DIV/DIV/IMG",
            "DIV/DIV/INPUT-hidden",
            "DIV/DIV/INPUT-submit",
            "DIV/DIV/INPUT-text",
            "DIV/DIV/P",
            "DIV/DIV/SPAN",
            "DIV/DIV/TABLE",
            "DIV/H1/BR",
            "DIV/H1/SPAN",
            "DIV/P/BR",
            "DIV/P/STRONG",
            "DIV/SPAN/INPUT-file",
            "DIV/TABLE/TBODY",
            "DIV/TABLE/THEAD",
            "DIV/UL/LI",
            "FORM/DIV/BR",
            "FORM/DIV/BUTTON",
            "FORM/DIV/DIV",
            "FORM/DIV/INPUT-hidden",
            "FORM/DIV/SCRIPT",
            "FORM/DIV/TABLE",
            "FORM/DIV/UL",
            "LI/SPAN/A",
            "TABLE/TBODY/TR",
            "TABLE/THEAD/TR",
            "TBODY/TR/TD",
            "TBODY/TR/TH",
            "TD/A/I",
            "TD/DIV/A",
            "TD/DIV/DIV",
            "TD/DIV/TABLE",
            "TD/SPAN/INPUT-radio",
            "TD/SPAN/TEXTAREA",
            "THEAD/TR/TH",
            "TR/TD/A",
            "TR/TD/BR",
            "TR/TD/DIV",
            "TR/TD/I",
            "TR/TD/INPUT-text",
            "TR/TD/LABEL",
            "TR/TD/P",
            "TR/TD/SPAN",
            "TR/TD/TABLE",
            "TR/TD/TEXTAREA",
            "UL/LI/SPAN"
          ],
          [
            "-/-/DIV",
            "-/-/FORM",
            "-/-/IFRAME",
            "-/-/SCRIPT",
            "-/DIV/DIV",
            "-/DIV/IFRAME",
            "-/FORM/DIV",
            "-/FORM/INPUT-hidden",
            "-/FORM/SCRIPT",
            "-/FORM/SPAN",
            "DIV/DIV/A",
            "DIV/DIV/BR",
            "DIV/DIV/BUTTON",
            "DIV/DIV/DIV",
            "DIV/DIV/H1",
            "DIV/DIV/IMG",
            "DIV/DIV/INPUT-hidden",
            "DIV/DIV/INPUT-submit",
            "DIV/DIV/INPUT-text",
            "DIV/DIV/P",
            "DIV/DIV/SPAN",
            "DIV/DIV/TABLE",
            "DIV/H1/BR",
            "DIV/H1/SPAN",
            "DIV/P/BR",
            "DIV/P/STRONG",
            "DIV/SPAN/INPUT-file",
            "DIV/TABLE/TBODY",
            "DIV/TABLE/THEAD",
            "DIV/UL/LI",
            "FORM/DIV/BR",
            "FORM/DIV/BUTTON",
            "FORM/DIV/DIV",
            "FORM/DIV/INPUT-hidden",
            "FORM/DIV/SCRIPT",
            "FORM/DIV/TABLE",
            "FORM/DIV/UL",
            "LI/SPAN/A",
            "TABLE/TBODY/TR",
            "TABLE/THEAD/TR",
            "TBODY/TR/TD",
            "TBODY/TR/TH",
            "TD/DIV/A",
            "TD/DIV/DIV",
            "TD/DIV/TABLE",
            "TD/SPAN/INPUT-radio",
            "TD/SPAN/TEXTAREA",
            "THEAD/TR/TH",
            "TR/TD/BR",
            "TR/TD/DIV",
            "TR/TD/INPUT-text",
            "TR/TD/LABEL",
            "TR/TD/P",
            "TR/TD/SPAN",
            "TR/TD/TABLE",
            "TR/TD/TEXTAREA",
            "UL/LI/SPAN"
          ]
        ]
      }
    }
  }
}