{
  "version": "0.1",
  "id": "purchase",
  "targetURL": "http://172.16.11.61:9992/Forms/DME/SCYPCG/Processing.aspx?SN=418F009FD31887F2D0025A40111A5EE8&Guid=58f20823-8968-477a-a8b3-de2017004aa6",
  "jsFile": "index.js",
  "chineseName": "市场用品采购流程",
  "description": "",
  "firstPaintEnable": false,
  "controls": {
    "control267_FypSEz": {
      "location": {
        "data": {
          "tagName": "H1"
        },
        "userData": {
          "data": [],
          "force": false
        },
        "locators": [
          {
            "id": "@id/partialWord",
            "prob": 1,
            "disabled": true,
            "value": {
              "elemId": "form1",
              "tagName": "FORM",
              "prefix": "",
              "suffix": "/DIV[3]/DIV[1]/H1[1]",
              "ratio": 0.808
            }
          },
          {
            "id": "@class/word",
            "prob": 1,
            "value": "DIV.big-form.page-shadow DIV.top H1"
          },
          {
            "id": "path/ordinal",
            "prob": 1,
            "value": "/HTML[1]/BODY[1]/FORM[1]/DIV[3]/DIV[1]/H1[1]"
          }
        ]
      },
      "events": {
        "onGetData": "getData_control267_FypSEz"
      },
      "intendedRole": "custom",
      "roles": "element,custom",
      "monitored": true,
      "frameXPath": "",
      "componentType": "custom"
    },
    "control268_LewfaG": {
      "location": {
        "data": {
          "tagName": "DIV"
        },
        "userData": {
          "data": [],
          "force": false
        },
        "locators": [
          {
            "id": "@id/word",
            "prob": 3,
            "value": "descendant::DIV[@id=\"person_infor\"]"
          },
          {
            "id": "@class/word",
            "prob": 1,
            "value": "DIV.big-form.page-shadow DIV.show"
          },
          {
            "id": "path/ordinal",
            "prob": 1,
            "value": "/HTML[1]/BODY[1]/FORM[1]/DIV[3]/DIV[5]"
          }
        ]
      },
      "events": {
        "onGetData": "getData_control268_LewfaG"
      },
      "intendedRole": "custom",
      "roles": "element,custom",
      "ignoreVisibility": true,
      "monitored": true,
      "frameXPath": "",
      "componentType": "custom"
    },
    "control269_yRxF4T": {
      "location": {
        "data": {
          "tagName": "UL"
        },
        "userData": {
          "data": [],
          "force": false
        },
        "locators": [
          {
            "id": "@id/partialWord",
            "prob": 1,
            "disabled": true,
            "value": {
              "elemId": "form1",
              "tagName": "FORM",
              "prefix": "",
              "suffix": "/DIV[5]/UL[1]",
              "ratio": 0.808
            }
          },
          {
            "id": "@class/word",
            "prob": 1,
            "value": "DIV.ufoot UL.ax"
          },
          {
            "id": "path/ordinal",
            "prob": 1,
            "value": "/HTML[1]/BODY[1]/FORM[1]/DIV[5]/UL[1]"
          }
        ]
      },
      "events": {
        "onGetData": "getData_control269_yRxF4T"
      },
      "intendedRole": "custom",
      "roles": "element,custom",
      "monitored": true,
      "frameXPath": "",
      "componentType": "custom"
    },
    "control270_ACgo4y": {
      "location": {
        "data": {
          "tagName": "DIV"
        },
        "userData": {
          "data": [],
          "force": false
        },
        "locators": [
          {
            "id": "@id/partialWord",
            "prob": 1,
            "disabled": true,
            "value": {
              "elemId": "form1",
              "tagName": "FORM",
              "prefix": "",
              "suffix": "/DIV[3]/DIV[28]",
              "ratio": 0.808
            }
          },
          {
            "id": "@class/word",
            "prob": 1,
            "ordinal": [
              5,
              6
            ],
            "value": "DIV.big-form.page-shadow DIV.form-wrapper"
          },
          {
            "id": "path/ordinal",
            "prob": 1,
            "value": "/HTML[1]/BODY[1]/FORM[1]/DIV[3]/DIV[28]"
          }
        ]
      },
      "events": {
        "onGetData": "getData_control270_ACgo4y"
      },
      "intendedRole": "custom",
      "roles": "element,custom",
      "monitored": true,
      "frameXPath": "",
      "componentType": "custom"
    },
    "control271_uA3E74": {
      "location": {
        "data": {
          "tagName": "TABLE"
        },
        "userData": {
          "data": [],
          "force": false
        },
        "locators": [
          {
            "id": "@id/partialWord",
            "prob": 1,
            "disabled": true,
            "value": {
              "elemId": "form1",
              "tagName": "FORM",
              "prefix": "",
              "suffix": "/DIV[3]/TABLE[3]",
              "ratio": 0.808
            }
          },
          {
            "id": "@class/word",
            "prob": 1,
            "ordinal": [
              4,
              5
            ],
            "value": "DIV.big-form.page-shadow TABLE.layout-data"
          },
          {
            "id": "path/ordinal",
            "prob": 1,
            "value": "/HTML[1]/BODY[1]/FORM[1]/DIV[3]/TABLE[3]"
          }
        ]
      },
      "events": {
        "onGetData": "getData_control271_uA3E74"
      },
      "intendedRole": "custom",
      "roles": "element,custom",
      "monitored": true,
      "frameXPath": "",
      "componentType": "custom"
    },
    "control272_aiP5i5": {
      "location": {
        "data": {
          "tagName": "TABLE"
        },
        "userData": {
          "data": [],
          "force": false
        },
        "locators": [
          {
            "id": "@id/partialWord",
            "prob": 1,
            "disabled": true,
            "value": {
              "elemId": "form1",
              "tagName": "FORM",
              "prefix": "",
              "suffix": "/DIV[3]/TABLE[2]",
              "ratio": 0.808
            }
          },
          {
            "id": "@class/word",
            "prob": 1,
            "ordinal": [
              3,
              5
            ],
            "value": "DIV.big-form.page-shadow TABLE.layout-data"
          },
          {
            "id": "path/ordinal",
            "prob": 1,
            "value": "/HTML[1]/BODY[1]/FORM[1]/DIV[3]/TABLE[2]"
          }
        ]
      },
      "events": {
        "onGetData": "getData_control272_aiP5i5"
      },
      "intendedRole": "custom",
      "roles": "element,custom",
      "monitored": true,
      "frameXPath": "",
      "componentType": "custom"
    },
    "control273_mmTZ0s": {
      "location": {
        "data": {
          "tagName": "DIV"
        },
        "userData": {
          "data": [],
          "force": false
        },
        "locators": [
          {
            "id": "@class/word",
            "prob": 1,
            "ordinal": [
              4,
              6
            ],
            "value": "DIV.big-form.page-shadow DIV.form-wrapper"
          },
          {
            "id": "path/ordinal",
            "prob": 1,
            "value": "/HTML[1]/BODY[1]/FORM[1]/DIV[3]/DIV[14]/DIV[2]"
          }
        ]
      },
      "events": {
        "onGetData": "getData_control273_mmTZ0s"
      },
      "intendedRole": "custom",
      "roles": "element,custom",
      "monitored": true,
      "frameXPath": "",
      "componentType": "custom"
    },
    "control274_nbhnOe": {
      "location": {
        "data": {
          "tagName": "DIV"
        },
        "userData": {
          "data": [],
          "force": false
        },
        "locators": [
          {
            "id": "@id/partialWord",
            "prob": 1,
            "disabled": true,
            "value": {
              "elemId": "form1",
              "tagName": "FORM",
              "prefix": "",
              "suffix": "/DIV[3]/DIV[13]",
              "ratio": 0.808
            }
          },
          {
            "id": "@class/word",
            "prob": 1,
            "ordinal": [
              3,
              6
            ],
            "value": "DIV.big-form.page-shadow DIV.form-wrapper"
          },
          {
            "id": "path/ordinal",
            "prob": 1,
            "value": "/HTML[1]/BODY[1]/FORM[1]/DIV[3]/DIV[13]"
          }
        ]
      },
      "events": {
        "onGetData": "getData_control274_nbhnOe"
      },
      "intendedRole": "custom",
      "roles": "element,custom",
      "monitored": true,
      "frameXPath": "",
      "componentType": "custom"
    },
    "control276_Je8t1O": {
      "location": {
        "data": {
          "tagName": "TABLE"
        },
        "userData": {
          "data": [],
          "force": false
        },
        "locators": [
          {
            "id": "@class/word",
            "prob": 1,
            "ordinal": [
              1,
              2
            ],
            "value": "DIV.big-form.page-shadow DIV.form-wrapper TABLE.layout-data.layout-form"
          },
          {
            "id": "path/ordinal",
            "prob": 1,
            "value": "/HTML[1]/BODY[1]/FORM[1]/DIV[3]/DIV[9]/DIV[1]/DIV[1]/TABLE[3]"
          }
        ]
      },
      "events": {
        "onGetData": "getData_control276_Je8t1O"
      },
      "intendedRole": "custom",
      "roles": "element,custom",
      "monitored": true,
      "frameXPath": "",
      "componentType": "custom"
    },
    "control278_vFlTgB": {
      "location": {
        "data": {
          "tagName": "TABLE"
        },
        "userData": {
          "force": false,
          "data": []
        },
        "locators": [
          {
            "id": "@class/word",
            "prob": 1,
            "ordinal": [
              0,
              2
            ],
            "value": "DIV.big-form.page-shadow DIV.form-wrapper TABLE.layout-data.layout-form"
          },
          {
            "id": "path/ordinal",
            "prob": 1,
            "value": "/HTML[1]/BODY[1]/FORM[1]/DIV[3]/DIV[9]/DIV[1]/DIV[1]/TABLE[2]"
          }
        ]
      },
      "events": {
        "onGetData": "getData_control278_vFlTgB"
      },
      "intendedRole": "custom",
      "roles": "element,custom",
      "monitored": true,
      "frameXPath": "",
      "componentType": "custom"
    },
    "control282_yes24I": {
      "location": {
        "data": {
          "tagName": "DIV"
        },
        "locators": [
          {
            "id": "@id/partialWord",
            "prob": 1,
            "disabled": true,
            "value": {
              "elemId": "form1",
              "tagName": "FORM",
              "prefix": "",
              "suffix": "/DIV[3]/DIV[9]",
              "ratio": 0.817
            }
          },
          {
            "id": "@class/word",
            "prob": 1,
            "ordinal": [
              2,
              6
            ],
            "value": "DIV.big-form.page-shadow DIV.form-wrapper"
          },
          {
            "id": "path/ordinal",
            "prob": 1,
            "value": "/HTML[1]/BODY[1]/FORM[1]/DIV[3]/DIV[9]"
          }
        ]
      },
      "events": {
        "onGetData": "getData_control282_yes24I"
      },
      "intendedRole": "custom",
      "roles": "element,custom",
      "monitored": true,
      "frameXPath": "",
      "componentType": "custom"
    }
  },
  "contexts": {
    "context33_sAXJax": {
      "controls": [
        "control267_FypSEz",
        "control268_LewfaG",
        "control269_yRxF4T",
        "control270_ACgo4y",
        "control271_uA3E74",
        "control272_aiP5i5",
        "control273_mmTZ0s",
        "control274_nbhnOe",
        "control276_Je8t1O",
        "control278_vFlTgB",
        "control282_yes24I"
      ],
      "anchors": [],
      "urlAnchor": [
        "http:\\/\\/172\\.16\\.11\\.61:9992\\/Forms\\/DME\\/SCYPCG\\/Processing\\.aspx\\?.*"
      ]
    }
  },
  "flows": {
    "flow81_1iAp27": {
      "toContexts": [
        {
          "toContextId": "context33_sAXJax"
        }
      ]
    },
    "flow82_8yOa1U": {
      "fromContextId": "context33_sAXJax",
      "fromAction": "doAction",
      "fromControlId": "control278_vFlTgB",
      "toContexts": [
        {
          "toContextId": "context33_sAXJax"
        }
      ]
    },
    "flow84_pa9Sik": {
      "fromContextId": "context33_sAXJax",
      "fromAction": "doAction",
      "fromControlId": "control272_aiP5i5",
      "toContexts": [
        {
          "toContextId": "context33_sAXJax"
        }
      ]
    }
  },
  "pages": {
    "page33_Owuogq": {
      "contextId": "context33_sAXJax",
      "layout": [
        {
          "id": "uiControl267_GS6pPX",
          "controlId": "control267_FypSEz",
          "display": {
            "adapterId": "custom",
            "type": "custom",
            "adapter": {
              "templateType": "react",
              "events": {
                "onDoAction": "doAction_uiControl267_GS6pPX",
                "onGetTemplate": "getTemplate_uiControl267_GS6pPX"
              }
            }
          }
        },
        {
          "id": "uiControl268_cUhVET",
          "controlId": "control268_LewfaG",
          "display": {
            "adapterId": "custom",
            "type": "custom",
            "adapter": {
              "templateType": "react",
              "events": {
                "onDoAction": "doAction_uiControl268_cUhVET",
                "onGetTemplate": "getTemplate_uiControl268_cUhVET"
              }
            }
          }
        },
        {
          "id": "uiControl282_PanlEq",
          "controlId": "control282_yes24I",
          "display": {
            "adapterId": "custom",
            "type": "custom",
            "adapter": {
              "templateType": "react",
              "events": {
                "onDoAction": "doAction_uiControl282_PanlEq",
                "onGetTemplate": "getTemplate_uiControl282_PanlEq"
              }
            }
          }
        },
        {
          "id": "uiControl278_neNcMc",
          "controlId": "control278_vFlTgB",
          "display": {
            "adapterId": "custom",
            "type": "custom",
            "adapter": {
              "templateType": "react",
              "events": {
                "onDoAction": "doAction_uiControl278_neNcMc",
                "onGetTemplate": "getTemplate_uiControl278_neNcMc"
              }
            }
          }
        },
        {
          "id": "uiControl276_DAWxCW",
          "controlId": "control276_Je8t1O",
          "display": {
            "adapterId": "custom",
            "type": "custom",
            "adapter": {
              "templateType": "react",
              "events": {
                "onDoAction": "doAction_uiControl276_DAWxCW",
                "onGetTemplate": "getTemplate_uiControl276_DAWxCW"
              }
            }
          }
        },
        {
          "id": "uiControl274_r4mW8O",
          "controlId": "control274_nbhnOe",
          "display": {
            "adapterId": "custom",
            "type": "custom",
            "adapter": {
              "templateType": "react",
              "events": {
                "onDoAction": "doAction_uiControl274_r4mW8O",
                "onGetTemplate": "getTemplate_uiControl274_r4mW8O"
              }
            }
          }
        },
        {
          "id": "uiControl273_RBdEUm",
          "controlId": "control273_mmTZ0s",
          "display": {
            "adapterId": "custom",
            "type": "custom",
            "adapter": {
              "templateType": "react",
              "events": {
                "onDoAction": "doAction_uiControl273_RBdEUm",
                "onGetTemplate": "getTemplate_uiControl273_RBdEUm"
              }
            }
          }
        },
        {
          "id": "uiControl272_NXgMfn",
          "controlId": "control272_aiP5i5",
          "display": {
            "adapterId": "custom",
            "type": "custom",
            "adapter": {
              "templateType": "react",
              "events": {
                "onDoAction": "doAction_uiControl272_NXgMfn",
                "onGetTemplate": "getTemplate_uiControl272_NXgMfn"
              }
            }
          }
        },
        {
          "id": "uiControl271_RJxDNQ",
          "controlId": "control271_uA3E74",
          "display": {
            "adapterId": "custom",
            "type": "custom",
            "adapter": {
              "templateType": "react",
              "events": {
                "onDoAction": "doAction_uiControl271_RJxDNQ",
                "onGetTemplate": "getTemplate_uiControl271_RJxDNQ"
              }
            }
          }
        },
        {
          "id": "uiControl270_1QOfRf",
          "controlId": "control270_ACgo4y",
          "display": {
            "adapterId": "custom",
            "type": "custom",
            "adapter": {
              "templateType": "react",
              "events": {
                "onDoAction": "doAction_uiControl270_1QOfRf",
                "onGetTemplate": "getTemplate_uiControl270_1QOfRf"
              }
            }
          }
        },
        {
          "id": "uiControl269_pcJfXF",
          "controlId": "control269_yRxF4T",
          "display": {
            "adapterId": "custom",
            "type": "custom",
            "adapter": {
              "templateType": "react",
              "events": {
                "onDoAction": "doAction_uiControl269_pcJfXF",
                "onGetTemplate": "getTemplate_uiControl269_pcJfXF"
              }
            }
          }
        }
      ]
    }
  },
  "matchers": {
    "page/title": {
      "contexts": {
        "context33_sAXJax": [
          "市场用品采购流程-审批页面"
        ]
      }
    },
    "page/urls": {
      "contexts": {
        "context33_sAXJax": [
          "172.16.11.61:9992/Forms/DME/SCYPCG/Processing.aspx?SN=418F009FD31887F2D0025A40111A5EE8&Guid=58f20823-8968-477a-a8b3-de2017004aa6",
          "172.16.11.61:9992/Forms/DME/SCYPCG/Processing.aspx?SN=DBC157524269017638F22084B6D795C3&Guid=e7b29e97-f28a-4e8d-b23c-4f5a382cfc5c"
        ]
      }
    },
    "page/ids": {
      "contexts": {
        "context33_sAXJax": [
          [
            "ActionBar_Action",
            "ActionBar_ActionName",
            "ActionBar_AddApproval",
            "ActionBar_AddApprover",
            "ActionBar_AddApproverName",
            "ActionBar_Approval",
            "ActionBar_GotoActivityName",
            "ActionBar_IsReturnBack",
            "ActionBar_Reject",
            "ActionBar_UserAction",
            "ActionBar_WorkFlow",
            "ActionBar_btnAddApprover",
            "ActionBar_btnApprove",
            "ActionBar_btnClose",
            "ActionBar_btnRedirect",
            "ActionBar_btnReject",
            "ActionBar_btnWorkFlow",
            "ActionBar_hidJBAffirm",
            "ApproveControl_lblActivityName",
            "ApproveControl_p",
            "Attachment_fileUpload",
            "Attachment_hfActivityName",
            "Attachment_hfGuid",
            "Attachment_hfIsStart",
            "Attachment_hfUserLoginName",
            "Header_hidFlag",
            "Header_txtCompanyName",
            "Header_txtDate",
            "Header_txtDepartName",
            "Header_txtEmail",
            "Header_txtPhone",
            "Header_txtUserName",
            "LinkedProcInst_hfGuid",
            "LinkedProcInst_hfStart",
            "LinkedProcInst_hfUserLoginName",
            "__EVENTARGUMENT",
            "__EVENTTARGET",
            "__EVENTVALIDATION",
            "__VIEWSTATE",
            "_myDP",
            "approveMemo",
            "btnAddLink",
            "btnFileUpload",
            "btnSubmit",
            "contentForm_P",
            "contentForm_UpdatePanel",
            "contentForm_ddlJC",
            "contentForm_hidGuid",
            "contentForm_hidLaunchDate",
            "contentForm_rbMaterialTypeCH",
            "contentForm_rbMaterialTypeFY",
            "contentForm_rptDetail_hidDetailNo_",
            "contentForm_rptDetail_txtBrandName_",
            "contentForm_rptDetail_txtCostCategory_",
            "contentForm_rptDetail_txtMaterialName_",
            "contentForm_rptDetail_txtMoney_",
            "contentForm_rptDetail_txtRemarks_",
            "contentForm_txtSCHD",
            "contentForm_txtSCHDFee",
            "contentForm_txtSCHDFiscal",
            "contentForm_txtSCHDMarket",
            "contentForm_txtSCHDNo",
            "contentForm_txtSupplier",
            "contentForm_txtSupplierCode",
            "contentForm_txt_AccountCompanyCode",
            "contentForm_txt_AppCompanyCode_Ext",
            "contentForm_txt_ApplicantDeptCode",
            "contentForm_txt_ApplicantDeptName",
            "contentForm_txt_ApplyCompany",
            "contentForm_txt_ApplyCompanyCode",
            "contentForm_txt_ApplyEmployeeCode",
            "contentForm_txt_ApplyEmployeeName",
            "contentForm_txt_ApplyJob",
            "contentForm_txt_ApplyReason",
            "contentForm_txt_InformName",
            "contentForm_txt_MoneySum",
            "contentForm_txt_PurchaseOrg",
            "contentForm_txt_SCHDFiscal",
            "contentForm_txt_SCHDMarketName",
            "ctl_ApproveControl_txtMemo",
            "div",
            "fileAttachment",
            "filePanel",
            "file_upload_form",
            "form",
            "hdActivityName",
            "hdGuid",
            "hdUserLoginName",
            "person_infor",
            "person_infor_trigger",
            "tb_AttachmentList",
            "tb_List",
            "uploadDiv",
            "upload_target"
          ],
          [
            "ActionBar_Action",
            "ActionBar_ActionName",
            "ActionBar_AddApproval",
            "ActionBar_AddApprover",
            "ActionBar_AddApproverName",
            "ActionBar_Approval",
            "ActionBar_GotoActivityName",
            "ActionBar_IsReturnBack",
            "ActionBar_Reject",
            "ActionBar_UserAction",
            "ActionBar_WorkFlow",
            "ActionBar_btnAddApprover",
            "ActionBar_btnApprove",
            "ActionBar_btnClose",
            "ActionBar_btnRedirect",
            "ActionBar_btnReject",
            "ActionBar_btnWorkFlow",
            "ActionBar_hidJBAffirm",
            "ApproveControl_lblActivityName",
            "ApproveControl_p",
            "Attachment_fileUpload",
            "Attachment_hfActivityName",
            "Attachment_hfGuid",
            "Attachment_hfIsStart",
            "Attachment_hfUserLoginName",
            "Header_hidFlag",
            "Header_txtCompanyName",
            "Header_txtDate",
            "Header_txtDepartName",
            "Header_txtEmail",
            "Header_txtPhone",
            "Header_txtUserName",
            "LinkedProcInst_hfGuid",
            "LinkedProcInst_hfStart",
            "LinkedProcInst_hfUserLoginName",
            "__EVENTARGUMENT",
            "__EVENTTARGET",
            "__EVENTVALIDATION",
            "__VIEWSTATE",
            "_myDP",
            "approveMemo",
            "btnAddLink",
            "btnFileUpload",
            "btnSubmit",
            "contentForm_P",
            "contentForm_UpdatePanel",
            "contentForm_ddlJC",
            "contentForm_hidGuid",
            "contentForm_hidLaunchDate",
            "contentForm_rbMaterialTypeCH",
            "contentForm_rbMaterialTypeFY",
            "contentForm_rptDetail_hidCalcMode_",
            "contentForm_rptDetail_hidDetailNo_",
            "contentForm_rptDetail_txtCalcMode_",
            "contentForm_rptDetail_txtFeeDescription_",
            "contentForm_rptDetail_txtFeeMoney_",
            "contentForm_rptDetail_txtMaterialCode_",
            "contentForm_rptDetail_txtMaterialName_",
            "contentForm_rptDetail_txtMoney_",
            "contentForm_rptDetail_txtRemarks_",
            "contentForm_txtSCHD",
            "contentForm_txtSCHDFee",
            "contentForm_txtSCHDFiscal",
            "contentForm_txtSCHDMarket",
            "contentForm_txtSCHDNo",
            "contentForm_txtSupplier",
            "contentForm_txtSupplierCode",
            "contentForm_txt_AccountCompanyCode",
            "contentForm_txt_AppCompanyCode_Ext",
            "contentForm_txt_ApplicantDeptCode",
            "contentForm_txt_ApplicantDeptName",
            "contentForm_txt_ApplyCompany",
            "contentForm_txt_ApplyCompanyCode",
            "contentForm_txt_ApplyEmployeeCode",
            "contentForm_txt_ApplyEmployeeName",
            "contentForm_txt_ApplyJob",
            "contentForm_txt_ApplyReason",
            "contentForm_txt_InformName",
            "contentForm_txt_MoneySum",
            "contentForm_txt_PurchaseOrg",
            "contentForm_txt_SCHDFiscal",
            "contentForm_txt_SCHDMarketName",
            "ctl_ApproveControl_txtMemo",
            "div",
            "fileAttachment",
            "filePanel",
            "file_upload_form",
            "form",
            "hdActivityName",
            "hdGuid",
            "hdUserLoginName",
            "person_infor",
            "person_infor_trigger",
            "tb_AttachmentList",
            "tb_List",
            "uploadDiv",
            "upload_target"
          ]
        ]
      }
    },
    "page/classes": {
      "contexts": {
        "context33_sAXJax": [
          [
            "action-area",
            "aspNetDisabled",
            "aspNetHidden",
            "aui_border",
            "aui_buttons",
            "aui_c",
            "aui_close",
            "aui_content",
            "aui_dialog",
            "aui_e",
            "aui_footer",
            "aui_header",
            "aui_icon",
            "aui_iconBg",
            "aui_inner",
            "aui_main",
            "aui_n",
            "aui_ne",
            "aui_nw",
            "aui_outer",
            "aui_s",
            "aui_se",
            "aui_sw",
            "aui_title",
            "aui_titleBar",
            "aui_w",
            "ax",
            "bar-code-rightcorner",
            "big-form",
            "btn",
            "clear",
            "col",
            "fileUpload",
            "font-lightgrey",
            "font-red",
            "font-xxl",
            "form-wrapper",
            "gb",
            "green",
            "grey",
            "layout-data",
            "layout-form",
            "logo-leftcorner",
            "meno",
            "mt-s",
            "none_edit",
            "p-explain",
            "padding-small",
            "page-shadow",
            "pz",
            "red",
            "required",
            "shadow",
            "size-l",
            "size-s",
            "swich_btn",
            "title",
            "tj",
            "top",
            "ufoot"
          ],
          [
            "action-area",
            "active",
            "aspNetDisabled",
            "aspNetHidden",
            "aui_border",
            "aui_buttons",
            "aui_c",
            "aui_close",
            "aui_content",
            "aui_dialog",
            "aui_e",
            "aui_footer",
            "aui_header",
            "aui_icon",
            "aui_iconBg",
            "aui_inner",
            "aui_main",
            "aui_n",
            "aui_ne",
            "aui_nw",
            "aui_outer",
            "aui_s",
            "aui_se",
            "aui_sw",
            "aui_title",
            "aui_titleBar",
            "aui_w",
            "ax",
            "bar-code-rightcorner",
            "big-form",
            "btn",
            "clear",
            "col",
            "fileUpload",
            "font-lightgrey",
            "font-red",
            "font-xxl",
            "form-wrapper",
            "gb",
            "green",
            "grey",
            "layout-data",
            "layout-form",
            "logo-leftcorner",
            "meno",
            "mt-s",
            "none_edit",
            "p-explain",
            "padding-small",
            "page-shadow",
            "pz",
            "red",
            "required",
            "shadow",
            "show",
            "size-l",
            "size-s",
            "swich_btn",
            "title",
            "tj",
            "top",
            "ufoot"
          ],
          [
            "action-area",
            "aspNetDisabled",
            "aspNetHidden",
            "aui_border",
            "aui_buttons",
            "aui_c",
            "aui_close",
            "aui_content",
            "aui_dialog",
            "aui_e",
            "aui_footer",
            "aui_header",
            "aui_icon",
            "aui_iconBg",
            "aui_inner",
            "aui_main",
            "aui_n",
            "aui_ne",
            "aui_nw",
            "aui_outer",
            "aui_s",
            "aui_se",
            "aui_sw",
            "aui_title",
            "aui_titleBar",
            "aui_w",
            "ax",
            "bar-code-rightcorner",
            "big-form",
            "btn",
            "clear",
            "col",
            "fileUpload",
            "font-lightgrey",
            "font-red",
            "font-xxl",
            "form-wrapper",
            "gb",
            "green",
            "grey",
            "icon-cloud-download",
            "icon-paper-clip",
            "layout-data",
            "layout-form",
            "logo-leftcorner",
            "meno",
            "mt-s",
            "none_edit",
            "p-explain",
            "padding-small",
            "page-shadow",
            "pz",
            "red",
            "required",
            "shadow",
            "size-l",
            "size-s",
            "swich_btn",
            "title",
            "tj",
            "top",
            "ufoot"
          ]
        ]
      }
    },
    "page/tagTriplets": {
      "contexts": {
        "context33_sAXJax": [
          [
            "-/-/DIV",
            "-/-/FORM",
            "-/-/IFRAME",
            "-/-/SCRIPT",
            "-/DIV/DIV",
            "-/DIV/IFRAME",
            "-/FORM/DIV",
            "-/FORM/INPUT-hidden",
            "-/FORM/SCRIPT",
            "-/FORM/SPAN",
            "DIV/DIV/A",
            "DIV/DIV/BR",
            "DIV/DIV/BUTTON",
            "DIV/DIV/DIV",
            "DIV/DIV/H1",
            "DIV/DIV/IMG",
            "DIV/DIV/INPUT-hidden",
            "DIV/DIV/INPUT-submit",
            "DIV/DIV/INPUT-text",
            "DIV/DIV/P",
            "DIV/DIV/SCRIPT",
            "DIV/DIV/SPAN",
            "DIV/DIV/TABLE",
            "DIV/H1/BR",
            "DIV/H1/SPAN",
            "DIV/P/BR",
            "DIV/P/SPAN",
            "DIV/P/STRONG",
            "DIV/SPAN/INPUT-file",
            "DIV/TABLE/TBODY",
            "DIV/TABLE/THEAD",
            "DIV/UL/LI",
            "FORM/DIV/BR",
            "FORM/DIV/BUTTON",
            "FORM/DIV/DIV",
            "FORM/DIV/INPUT-hidden",
            "FORM/DIV/SCRIPT",
            "FORM/DIV/TABLE",
            "FORM/DIV/UL",
            "LI/SPAN/A",
            "TABLE/TBODY/TR",
            "TABLE/THEAD/TR",
            "TBODY/TR/TD",
            "TBODY/TR/TH",
            "TD/DIV/A",
            "TD/DIV/DIV",
            "TD/DIV/TABLE",
            "TD/LABEL/SPAN",
            "TD/SELECT/OPTION",
            "TD/SPAN/INPUT-radio",
            "TD/SPAN/INPUT-text",
            "TD/SPAN/TEXTAREA",
            "TD/TABLE/TBODY",
            "THEAD/TR/TH",
            "TR/TD/BR",
            "TR/TD/DIV",
            "TR/TD/IMG",
            "TR/TD/INPUT-hidden",
            "TR/TD/INPUT-text",
            "TR/TD/LABEL",
            "TR/TD/P",
            "TR/TD/SELECT",
            "TR/TD/SPAN",
            "TR/TD/TABLE",
            "TR/TD/TEXTAREA",
            "TR/TH/SPAN",
            "UL/LI/SPAN"
          ],
          [
            "-/-/DIV",
            "-/-/FORM",
            "-/-/IFRAME",
            "-/-/SCRIPT",
            "-/DIV/DIV",
            "-/DIV/IFRAME",
            "-/FORM/DIV",
            "-/FORM/INPUT-hidden",
            "-/FORM/SCRIPT",
            "-/FORM/SPAN",
            "DIV/DIV/A",
            "DIV/DIV/BR",
            "DIV/DIV/BUTTON",
            "DIV/DIV/DIV",
            "DIV/DIV/H1",
            "DIV/DIV/IMG",
            "DIV/DIV/INPUT-hidden",
            "DIV/DIV/INPUT-submit",
            "DIV/DIV/INPUT-text",
            "DIV/DIV/P",
            "DIV/DIV/SCRIPT",
            "DIV/DIV/SPAN",
            "DIV/DIV/TABLE",
            "DIV/H1/BR",
            "DIV/H1/SPAN",
            "DIV/P/BR",
            "DIV/P/SPAN",
            "DIV/P/STRONG",
            "DIV/SPAN/INPUT-file",
            "DIV/TABLE/TBODY",
            "DIV/TABLE/THEAD",
            "DIV/UL/LI",
            "FORM/DIV/BR",
            "FORM/DIV/BUTTON",
            "FORM/DIV/DIV",
            "FORM/DIV/INPUT-hidden",
            "FORM/DIV/SCRIPT",
            "FORM/DIV/TABLE",
            "FORM/DIV/UL",
            "LI/SPAN/A",
            "TABLE/TBODY/TR",
            "TABLE/THEAD/TR",
            "TBODY/TR/TD",
            "TBODY/TR/TH",
            "TD/A/I",
            "TD/DIV/A",
            "TD/DIV/DIV",
            "TD/DIV/TABLE",
            "TD/LABEL/SPAN",
            "TD/SELECT/OPTION",
            "TD/SPAN/INPUT-radio",
            "TD/SPAN/INPUT-text",
            "TD/SPAN/TEXTAREA",
            "TD/TABLE/TBODY",
            "THEAD/TR/TH",
            "TR/TD/A",
            "TR/TD/BR",
            "TR/TD/DIV",
            "TR/TD/I",
            "TR/TD/IMG",
            "TR/TD/INPUT-hidden",
            "TR/TD/INPUT-text",
            "TR/TD/LABEL",
            "TR/TD/P",
            "TR/TD/SELECT",
            "TR/TD/SPAN",
            "TR/TD/TABLE",
            "TR/TD/TEXTAREA",
            "TR/TH/SPAN",
            "UL/LI/SPAN"
          ]
        ]
      }
    }
  }
}