{
  "version": "0.1",
  "id": "recruit",
  "targetURL": "http://172.16.11.61:8000/Forms/Hr/ZPSQ/Processing.aspx?SN=51C88304FB6ED1433ACA9C692F4E9E58&Guid=3718d077-b1b6-43be-bd68-21bde726d0f6",
  "jsFile": "index.js",
  "chineseName": "招聘申请单",
  "description": "",
  "controls": {
    "control155_wBW2Z7": {
      "location": {
        "data": {
          "tagName": "H1"
        },
        "locators": [
          {
            "id": "@id/word",
            "prob": 2,
            "value": [
              "descendant::FORM[@id=\"aspnetForm\"]/DIV[3]/DIV[1]/H1[1]",
              "descendant::FORM[@id=\"aspnetForm\"]//H1"
            ]
          },
          {
            "id": "@class/word",
            "prob": 1,
            "value": "DIV.big-form.page-shadow DIV.top H1"
          },
          {
            "id": "path/ordinal",
            "prob": 1,
            "value": "/HTML[1]/BODY[1]/FORM[1]/DIV[3]/DIV[1]/H1[1]"
          }
        ]
      },
      "events": {
        "onGetData": "getData_control155_wBW2Z7"
      },
      "intendedRole": "custom",
      "roles": "element,custom",
      "monitored": true,
      "frameXPath": "",
      "componentType": "custom"
    },
    "control156_05vTUr": {
      "location": {
        "data": {
          "tagName": "DIV"
        },
        "locators": [
          {
            "id": "@id/word",
            "prob": 3,
            "value": [
              "descendant::FORM[@id=\"aspnetForm\"]//DIV[@id=\"person_infor\"]",
              "descendant::DIV[@id=\"person_infor\"]"
            ]
          },
          {
            "id": "@class/word",
            "prob": 1,
            "value": "DIV.big-form.page-shadow DIV.show"
          },
          {
            "id": "path/ordinal",
            "prob": 1,
            "value": "/HTML[1]/BODY[1]/FORM[1]/DIV[3]/DIV[5]"
          }
        ]
      },
      "events": {
        "onGetData": "getData_control156_05vTUr"
      },
      "intendedRole": "custom",
      "roles": "element,custom",
      "ignoreVisibility": true,
      "monitored": true,
      "frameXPath": "",
      "componentType": "custom"
    },
    "control157_RlIxBb": {
      "location": {
        "data": {
          "tagName": "DIV"
        },
        "locators": [
          {
            "id": "@id/word",
            "prob": 1,
            "value": "descendant::FORM[@id=\"aspnetForm\"]/DIV[3]/DIV[7]/DIV[3]"
          },
          {
            "id": "@class/word",
            "prob": 1,
            "ordinal": [
              2,
              6
            ],
            "value": "DIV.big-form.page-shadow DIV.form-wrapper"
          },
          {
            "id": "path/ordinal",
            "prob": 1,
            "value": "/HTML[1]/BODY[1]/FORM[1]/DIV[3]/DIV[7]/DIV[3]"
          }
        ]
      },
      "events": {
        "onGetData": "getData_control157_RlIxBb"
      },
      "intendedRole": "custom",
      "roles": "element,custom",
      "monitored": true,
      "frameXPath": "",
      "componentType": "custom"
    },
    "control158_HuT3T3": {
      "location": {
        "data": {
          "tagName": "DIV"
        },
        "locators": [
          {
            "id": "@id/word",
            "prob": 1,
            "value": "descendant::FORM[@id=\"aspnetForm\"]/DIV[3]/DIV[7]/DIV[6]"
          },
          {
            "id": "@class/word",
            "prob": 1,
            "ordinal": [
              3,
              6
            ],
            "value": "DIV.big-form.page-shadow DIV.form-wrapper"
          },
          {
            "id": "path/ordinal",
            "prob": 1,
            "value": "/HTML[1]/BODY[1]/FORM[1]/DIV[3]/DIV[7]/DIV[6]"
          }
        ]
      },
      "events": {
        "onGetData": "getData_control158_HuT3T3"
      },
      "intendedRole": "custom",
      "roles": "element,custom",
      "monitored": true,
      "frameXPath": "",
      "componentType": "custom"
    },
    "control159_UdSH55": {
      "location": {
        "data": {
          "tagName": "TABLE"
        },
        "locators": [
          {
            "id": "@id/word",
            "prob": 2,
            "value": [
              "descendant::FORM[@id=\"aspnetForm\"]/DIV[3]/TABLE[2]",
              "descendant::FORM[@id=\"aspnetForm\"]//TABLE"
            ]
          },
          {
            "id": "@class/word",
            "prob": 1,
            "ordinal": [
              1,
              3
            ],
            "value": "DIV.big-form.page-shadow TABLE.layout-data"
          },
          {
            "id": "path/ordinal",
            "prob": 1,
            "value": "/HTML[1]/BODY[1]/FORM[1]/DIV[3]/TABLE[2]"
          }
        ]
      },
      "events": {
        "onGetData": "getData_control159_UdSH55"
      },
      "intendedRole": "custom",
      "roles": "element,custom",
      "monitored": true,
      "frameXPath": "",
      "componentType": "custom"
    },
    "control160_gRtmoN": {
      "location": {
        "data": {
          "tagName": "TABLE"
        },
        "locators": [
          {
            "id": "@id/word",
            "prob": 2,
            "value": [
              "descendant::FORM[@id=\"aspnetForm\"]/DIV[3]/TABLE[3]",
              "descendant::FORM[@id=\"aspnetForm\"]//TABLE"
            ]
          },
          {
            "id": "@class/word",
            "prob": 1,
            "ordinal": [
              2,
              3
            ],
            "value": "DIV.big-form.page-shadow TABLE.layout-data"
          },
          {
            "id": "path/ordinal",
            "prob": 1,
            "value": "/HTML[1]/BODY[1]/FORM[1]/DIV[3]/TABLE[3]"
          }
        ]
      },
      "events": {
        "onGetData": "getData_control160_gRtmoN"
      },
      "intendedRole": "custom",
      "roles": "element,custom",
      "monitored": true,
      "frameXPath": "",
      "componentType": "custom"
    },
    "control161_emHi1b": {
      "location": {
        "data": {
          "tagName": "TABLE"
        },
        "locators": [
          {
            "id": "@id/word",
            "prob": 2,
            "value": [
              "descendant::FORM[@id=\"aspnetForm\"]/DIV[3]/DIV[22]/TABLE[1]",
              "descendant::FORM[@id=\"aspnetForm\"]//TABLE"
            ]
          },
          {
            "id": "@class/word",
            "prob": 1,
            "ordinal": [
              4,
              5
            ],
            "value": "DIV.big-form.page-shadow DIV.form-wrapper TABLE.layout-form"
          },
          {
            "id": "path/ordinal",
            "prob": 1,
            "value": "/HTML[1]/BODY[1]/FORM[1]/DIV[3]/DIV[22]/TABLE[1]"
          }
        ]
      },
      "events": {
        "onGetData": "getData_control161_emHi1b"
      },
      "intendedRole": "custom",
      "roles": "element,custom",
      "monitored": true,
      "frameXPath": "",
      "componentType": "custom"
    },
    "control162_JZanfk": {
      "location": {
        "data": {
          "tagName": "UL"
        },
        "locators": [
          {
            "id": "@id/word",
            "prob": 2,
            "value": [
              "descendant::FORM[@id=\"aspnetForm\"]/DIV[5]/UL[1]",
              "descendant::FORM[@id=\"aspnetForm\"]//UL"
            ]
          },
          {
            "id": "@class/word",
            "prob": 1,
            "value": "DIV.ufoot UL.ax"
          },
          {
            "id": "path/ordinal",
            "prob": 1,
            "value": "/HTML[1]/BODY[1]/FORM[1]/DIV[5]/UL[1]"
          }
        ]
      },
      "events": {
        "onGetData": "getData_control162_JZanfk"
      },
      "intendedRole": "custom",
      "roles": "element,custom",
      "monitored": true,
      "frameXPath": "",
      "componentType": "custom"
    }
  },
  "contexts": {
    "context21_qa2E2Z": {
      "controls": [
        "control155_wBW2Z7",
        "control156_05vTUr",
        "control157_RlIxBb",
        "control158_HuT3T3",
        "control159_UdSH55",
        "control160_gRtmoN",
        "control161_emHi1b",
        "control162_JZanfk"
      ],
      "anchors": [],
      "urlAnchor": []
    }
  },
  "flows": {
    "flow44_zuIcLV": {
      "toContexts": [
        {
          "toContextId": "context21_qa2E2Z"
        }
      ]
    },
    "flow45_LgQBUV": {
      "fromContextId": "context21_qa2E2Z",
      "fromAction": "doAction",
      "fromControlId": "control162_JZanfk",
      "toContexts": [
        {
          "toContextId": "context21_qa2E2Z"
        }
      ]
    },
    "flow46_ihuAIl": {
      "fromContextId": "context21_qa2E2Z",
      "fromAction": "doAction",
      "fromControlId": "control159_UdSH55",
      "toContexts": [
        {
          "toContextId": "context21_qa2E2Z"
        }
      ]
    }
  },
  "pages": {
    "page21_wTKBvK": {
      "contextId": "context21_qa2E2Z",
      "layout": [
        {
          "id": "uiControl155_d5isdv",
          "controlId": "control155_wBW2Z7",
          "display": {
            "adapterId": "custom",
            "type": "custom",
            "adapter": {
              "templateType": "react",
              "events": {
                "onDoAction": "doAction_uiControl155_d5isdv",
                "onGetTemplate": "getTemplate_uiControl155_d5isdv"
              }
            }
          }
        },
        {
          "id": "uiControl156_h02PI1",
          "controlId": "control156_05vTUr",
          "display": {
            "adapterId": "custom",
            "type": "custom",
            "adapter": {
              "templateType": "react",
              "events": {
                "onDoAction": "doAction_uiControl156_h02PI1",
                "onGetTemplate": "getTemplate_uiControl156_h02PI1"
              }
            }
          }
        },
        {
          "id": "uiControl157_SiPDNo",
          "controlId": "control157_RlIxBb",
          "display": {
            "adapterId": "custom",
            "type": "custom",
            "adapter": {
              "templateType": "react",
              "events": {
                "onDoAction": "doAction_uiControl157_SiPDNo",
                "onGetTemplate": "getTemplate_uiControl157_SiPDNo"
              }
            }
          }
        },
        {
          "id": "uiControl158_ptyGSE",
          "controlId": "control158_HuT3T3",
          "display": {
            "adapterId": "custom",
            "type": "custom",
            "adapter": {
              "templateType": "react",
              "events": {
                "onDoAction": "doAction_uiControl158_ptyGSE",
                "onGetTemplate": "getTemplate_uiControl158_ptyGSE"
              }
            }
          }
        },
        {
          "id": "uiControl159_ddBM7s",
          "controlId": "control159_UdSH55",
          "display": {
            "adapterId": "custom",
            "type": "custom",
            "adapter": {
              "templateType": "react",
              "events": {
                "onDoAction": "doAction_uiControl159_ddBM7s",
                "onGetTemplate": "getTemplate_uiControl159_ddBM7s"
              }
            }
          }
        },
        {
          "id": "uiControl160_hJJJNq",
          "controlId": "control160_gRtmoN",
          "display": {
            "adapterId": "custom",
            "type": "custom",
            "adapter": {
              "templateType": "react",
              "events": {
                "onDoAction": "doAction_uiControl160_hJJJNq",
                "onGetTemplate": "getTemplate_uiControl160_hJJJNq"
              }
            }
          }
        },
        {
          "id": "uiControl161_qGFcDR",
          "controlId": "control161_emHi1b",
          "display": {
            "adapterId": "custom",
            "type": "custom",
            "adapter": {
              "templateType": "react",
              "events": {
                "onDoAction": "doAction_uiControl161_qGFcDR",
                "onGetTemplate": "getTemplate_uiControl161_qGFcDR"
              }
            }
          }
        },
        {
          "id": "uiControl162_hFmP4R",
          "controlId": "control162_JZanfk",
          "display": {
            "adapterId": "custom",
            "type": "custom",
            "adapter": {
              "templateType": "react",
              "events": {
                "onDoAction": "doAction_uiControl162_hFmP4R",
                "onGetTemplate": "getTemplate_uiControl162_hFmP4R"
              }
            }
          }
        }
      ]
    }
  },
  "matchers": {
    "page/title": {
      "contexts": {
        "context21_qa2E2Z": [
          "招聘申请单 - 审批页"
        ]
      }
    },
    "page/urls": {
      "contexts": {
        "context21_qa2E2Z": [
          "172.16.11.61:8000/Forms/Hr/ZPSQ/Processing.aspx?SN=51C88304FB6ED1433ACA9C692F4E9E58&Guid=3718d077-b1b6-43be-bd68-21bde726d0f6"
        ]
      }
    },
    "page/ids": {
      "contexts": {
        "context21_qa2E2Z": [
          [
            "AppUsersDiv",
            "__EVENTARGUMENT",
            "__EVENTTARGET",
            "__SCROLLPOSITIONX",
            "__SCROLLPOSITIONY",
            "__VIEWSTATE",
            "_myDP",
            "approveMemo",
            "aspnetForm",
            "btnAddLink",
            "btnFileUpload",
            "ctl_ActionBar_Action",
            "ctl_ActionBar_ActionName",
            "ctl_ActionBar_AddApproval",
            "ctl_ActionBar_AddApprover",
            "ctl_ActionBar_AddApproverName",
            "ctl_ActionBar_Approval",
            "ctl_ActionBar_GotoActivityName",
            "ctl_ActionBar_IsReturnBack",
            "ctl_ActionBar_Reject",
            "ctl_ActionBar_UserAction",
            "ctl_ActionBar_WorkFlow",
            "ctl_ActionBar_btnAddApprover",
            "ctl_ActionBar_btnApprove",
            "ctl_ActionBar_btnClose",
            "ctl_ActionBar_btnInform",
            "ctl_ActionBar_btnRedirect",
            "ctl_ActionBar_btnReject",
            "ctl_ActionBar_btnWorkFlow",
            "ctl_ActionBar_hidJBAffirm",
            "ctl_ApproveControl_lblActivityName",
            "ctl_ApproveControl_txtMemo",
            "ctl_Attachment_fileUpload",
            "ctl_Attachment_hfActivityName",
            "ctl_Attachment_hfGuid",
            "ctl_Attachment_hfIsStart",
            "ctl_Attachment_hfUserLoginName",
            "ctl_Header_hidFlag",
            "ctl_Header_txtCompanyName",
            "ctl_Header_txtDate",
            "ctl_Header_txtDepartName",
            "ctl_Header_txtEmail",
            "ctl_Header_txtPhone",
            "ctl_Header_txtUserName",
            "ctl_LinkedProcInst_hfGuid",
            "ctl_LinkedProcInst_hfStart",
            "ctl_LinkedProcInst_hfUserLoginName",
            "ctl_btnSubmit",
            "ctl_contentForm_P",
            "ctl_contentForm_txt_BudgetInfo",
            "ctl_contentForm_txt_CommpanyName",
            "ctl_contentForm_txt_DepartmentName",
            "ctl_contentForm_txt_EducationType",
            "ctl_contentForm_txt_EmployCharacter",
            "ctl_contentForm_txt_HigherManager",
            "ctl_contentForm_txt_HolpEnteringDate",
            "ctl_contentForm_txt_JobQualification",
            "ctl_contentForm_txt_Language",
            "ctl_contentForm_txt_Other",
            "ctl_contentForm_txt_PostName",
            "ctl_contentForm_txt_ProcessType",
            "ctl_contentForm_txt_ProfessionalSkill",
            "ctl_contentForm_txt_RecruitmentResult",
            "ctl_contentForm_txt_RecruitmentType",
            "ctl_contentForm_txt_Responsibilities",
            "ctl_contentForm_txt_TheNewType",
            "ctl_contentForm_txt_WorkAbility",
            "ctl_contentForm_txt_WorkExperience",
            "ctl_contentForm_txt_WorkPlaceCity",
            "ctl_contentForm_txt_WorkPlaceProvince",
            "ctl_contentForm_txt_WorkPlaceXian",
            "fileAttachment",
            "filePanel",
            "file_upload_form",
            "hdActivityName",
            "hdGuid",
            "hdUserLoginName",
            "person_infor",
            "person_infor_trigger",
            "tb_AttachmentList",
            "tb_List",
            "uploadDiv",
            "upload_target"
          ]
        ]
      }
    },
    "page/classes": {
      "contexts": {
        "context21_qa2E2Z": [
          [
            "action-area",
            "aui_border",
            "aui_buttons",
            "aui_c",
            "aui_close",
            "aui_content",
            "aui_dialog",
            "aui_e",
            "aui_footer",
            "aui_header",
            "aui_icon",
            "aui_iconBg",
            "aui_inner",
            "aui_main",
            "aui_n",
            "aui_ne",
            "aui_nw",
            "aui_outer",
            "aui_s",
            "aui_se",
            "aui_sw",
            "aui_title",
            "aui_titleBar",
            "aui_w",
            "ax",
            "bar-code-rightcorner",
            "big-form",
            "btn",
            "clear",
            "col",
            "col-",
            "fileUpload",
            "font-lightgrey",
            "font-red",
            "font-xxl",
            "form-wrapper",
            "gb",
            "green",
            "grey",
            "layout-data",
            "layout-form",
            "logo-leftcorner",
            "meno",
            "mt-s",
            "none_edit",
            "p-explain",
            "page-shadow",
            "pz",
            "red",
            "shadow",
            "size-l",
            "size-s",
            "swich_btn",
            "title",
            "tj",
            "top",
            "ufoot"
          ],
          [
            "action-area",
            "active",
            "aui_border",
            "aui_buttons",
            "aui_c",
            "aui_close",
            "aui_content",
            "aui_dialog",
            "aui_e",
            "aui_footer",
            "aui_header",
            "aui_icon",
            "aui_iconBg",
            "aui_inner",
            "aui_main",
            "aui_n",
            "aui_ne",
            "aui_nw",
            "aui_outer",
            "aui_s",
            "aui_se",
            "aui_sw",
            "aui_title",
            "aui_titleBar",
            "aui_w",
            "ax",
            "bar-code-rightcorner",
            "big-form",
            "btn",
            "clear",
            "col",
            "col-",
            "fileUpload",
            "font-lightgrey",
            "font-red",
            "font-xxl",
            "form-wrapper",
            "gb",
            "green",
            "grey",
            "layout-data",
            "layout-form",
            "logo-leftcorner",
            "meno",
            "mt-s",
            "none_edit",
            "p-explain",
            "page-shadow",
            "pz",
            "red",
            "shadow",
            "show",
            "size-l",
            "size-s",
            "swich_btn",
            "title",
            "tj",
            "top",
            "ufoot"
          ]
        ]
      }
    },
    "page/tagTriplets": {
      "contexts": {
        "context21_qa2E2Z": [
          [
            "-/-/DIV",
            "-/-/FORM",
            "-/-/IFRAME",
            "-/-/SCRIPT",
            "-/DIV/DIV",
            "-/DIV/IFRAME",
            "-/FORM/DIV",
            "-/FORM/INPUT-hidden",
            "-/FORM/SCRIPT",
            "-/FORM/SPAN",
            "DIV/DIV/A",
            "DIV/DIV/BR",
            "DIV/DIV/BUTTON",
            "DIV/DIV/DIV",
            "DIV/DIV/H1",
            "DIV/DIV/IMG",
            "DIV/DIV/INPUT-hidden",
            "DIV/DIV/INPUT-submit",
            "DIV/DIV/INPUT-text",
            "DIV/DIV/P",
            "DIV/DIV/SPAN",
            "DIV/DIV/TABLE",
            "DIV/H1/BR",
            "DIV/H1/SPAN",
            "DIV/P/BR",
            "DIV/P/STRONG",
            "DIV/SPAN/INPUT-file",
            "DIV/TABLE/TBODY",
            "DIV/TABLE/THEAD",
            "DIV/UL/LI",
            "FORM/DIV/BR",
            "FORM/DIV/BUTTON",
            "FORM/DIV/DIV",
            "FORM/DIV/INPUT-hidden",
            "FORM/DIV/SCRIPT",
            "FORM/DIV/TABLE",
            "FORM/DIV/UL",
            "LI/SPAN/A",
            "TABLE/TBODY/TR",
            "TABLE/THEAD/TR",
            "TBODY/TR/TD",
            "TBODY/TR/TH",
            "TD/DIV/A",
            "TD/DIV/DIV",
            "TD/DIV/TABLE",
            "TD/SPAN/TEXTAREA",
            "THEAD/TR/TH",
            "TR/TD/BR",
            "TR/TD/DIV",
            "TR/TD/INPUT-text",
            "TR/TD/LABEL",
            "TR/TD/P",
            "TR/TD/SPAN",
            "TR/TD/TABLE",
            "TR/TD/TEXTAREA",
            "UL/LI/SPAN"
          ]
        ]
      }
    }
  }
}