{
  "version": "0.1",
  "id": "haveDoneRecruit",
  "targetURL": "http://172.16.11.61:8000/Forms/Hr/ZPSQ/View.aspx?ProcInstId=471D64BAAFFC5A74",
  "jsFile": "index.js",
  "chineseName": "已办招聘申请单",
  "description": "",
  "firstPaintEnable": false,
  "controls": {
    "control315_5l2gI2": {
      "location": {
        "data": {
          "tagName": "H1"
        },
        "locators": [
          {
            "id": "@id/word",
            "prob": 2,
            "value": [
              "descendant::FORM[@id=\"aspnetForm\"]/DIV[3]/DIV[1]/H1[1]",
              "descendant::FORM[@id=\"aspnetForm\"]//H1"
            ]
          },
          {
            "id": "@class/word",
            "prob": 1,
            "value": "BODY.formPage DIV.big-form.page-shadow DIV.top H1"
          },
          {
            "id": "path/ordinal",
            "prob": 1,
            "value": "/HTML[1]/BODY[1]/FORM[1]/DIV[3]/DIV[1]/H1[1]"
          }
        ]
      },
      "events": {
        "onGetData": "getData_control315_5l2gI2"
      },
      "intendedRole": "custom",
      "roles": "element,custom",
      "monitored": true,
      "frameXPath": "",
      "componentType": "custom"
    },
    "control316_LvEP4C": {
      "location": {
        "data": {
          "tagName": "DIV"
        },
        "locators": [
          {
            "id": "@id/word",
            "prob": 3,
            "value": [
              "descendant::FORM[@id=\"aspnetForm\"]//DIV[@id=\"person_infor\"]",
              "descendant::DIV[@id=\"person_infor\"]"
            ]
          },
          {
            "id": "@class/word",
            "prob": 1,
            "value": "BODY.formPage DIV.big-form.page-shadow DIV.show"
          },
          {
            "id": "path/ordinal",
            "prob": 1,
            "value": "/HTML[1]/BODY[1]/FORM[1]/DIV[3]/DIV[5]"
          }
        ]
      },
      "events": {
        "onGetData": "getData_control316_LvEP4C"
      },
      "intendedRole": "custom",
      "roles": "element,custom",
      "ignoreVisibility": true,
      "monitored": true,
      "frameXPath": "",
      "componentType": "custom"
    },
    "control317_WUZCKe": {
      "location": {
        "data": {
          "tagName": "TABLE"
        },
        "locators": [
          {
            "id": "@id/word",
            "prob": 1,
            "value": [
              "descendant::FORM[@id=\"aspnetForm\"]/DIV[3]/DIV[7]/DIV[3]/TABLE[1]",
              "descendant::FORM[@id=\"aspnetForm\"]//TABLE"
            ]
          },
          {
            "id": "@id/partialWord",
            "prob": 1,
            "disabled": true,
            "value": {
              "elemId": "ctl00_contentForm_P1",
              "tagName": "DIV",
              "prefix": "FORM[@id=\"aspnetForm\"]//",
              "suffix": "/DIV[3]/TABLE[1]",
              "ratio": 0.316
            }
          },
          {
            "id": "@class/word",
            "prob": 1,
            "ordinal": [
              0,
              2
            ],
            "value": "DIV.big-form.page-shadow DIV.form-wrapper TABLE.layout-form.col-3"
          },
          {
            "id": "path/ordinal",
            "prob": 1,
            "value": "/HTML[1]/BODY[1]/FORM[1]/DIV[3]/DIV[7]/DIV[3]/TABLE[1]"
          }
        ]
      },
      "events": {
        "onGetData": "getData_control317_WUZCKe"
      },
      "intendedRole": "custom",
      "roles": "element,custom",
      "monitored": true,
      "frameXPath": "",
      "componentType": "custom"
    },
    "control318_F5xsPm": {
      "location": {
        "data": {
          "tagName": "TABLE"
        },
        "locators": [
          {
            "id": "@id/word",
            "prob": 1,
            "value": [
              "descendant::FORM[@id=\"aspnetForm\"]/DIV[3]/DIV[7]/DIV[6]/TABLE[1]",
              "descendant::FORM[@id=\"aspnetForm\"]//TABLE"
            ]
          },
          {
            "id": "@id/partialWord",
            "prob": 1,
            "disabled": true,
            "value": {
              "elemId": "ctl00_contentForm_P1",
              "tagName": "DIV",
              "prefix": "FORM[@id=\"aspnetForm\"]//",
              "suffix": "/DIV[6]/TABLE[1]",
              "ratio": 0.316
            }
          },
          {
            "id": "@class/word",
            "prob": 1,
            "ordinal": [
              1,
              2
            ],
            "value": "DIV.big-form.page-shadow DIV.form-wrapper TABLE.layout-form.col-3"
          },
          {
            "id": "path/ordinal",
            "prob": 1,
            "value": "/HTML[1]/BODY[1]/FORM[1]/DIV[3]/DIV[7]/DIV[6]/TABLE[1]"
          }
        ]
      },
      "events": {
        "onGetData": "getData_control318_F5xsPm"
      },
      "intendedRole": "custom",
      "roles": "element,custom",
      "monitored": true,
      "frameXPath": "",
      "componentType": "custom"
    },
    "control319_O2RzWw": {
      "location": {
        "data": {
          "tagName": "TABLE"
        },
        "locators": [
          {
            "id": "@id/word",
            "prob": 2,
            "value": [
              "descendant::FORM[@id=\"aspnetForm\"]/DIV[3]/TABLE[2]",
              "descendant::FORM[@id=\"aspnetForm\"]//TABLE"
            ]
          },
          {
            "id": "@class/word",
            "prob": 1,
            "ordinal": [
              1,
              2
            ],
            "value": "BODY.formPage DIV.big-form.page-shadow TABLE.layout-data"
          },
          {
            "id": "path/ordinal",
            "prob": 1,
            "value": "/HTML[1]/BODY[1]/FORM[1]/DIV[3]/TABLE[2]"
          }
        ]
      },
      "events": {
        "onGetData": "getData_control319_O2RzWw"
      },
      "intendedRole": "custom",
      "roles": "element,custom",
      "monitored": true,
      "frameXPath": "",
      "componentType": "custom"
    },
    "control320_mnASp5": {
      "location": {
        "data": {
          "tagName": "A"
        },
        "locators": [
          {
            "id": "a/@href",
            "prob": 2,
            "ordinal": [
              1,
              2
            ],
            "value": {
              "funcName": "__doPostBack"
            }
          },
          {
            "id": "@class/word",
            "prob": 1,
            "value": "DIV.ufoot UL.ax LI.gb SPAN A"
          },
          {
            "id": "path/ordinal",
            "prob": 1,
            "value": "/HTML[1]/BODY[1]/FORM[1]/DIV[5]/UL[1]/LI[2]/SPAN[1]/A[1]"
          },
          {
            "id": "elderLevel",
            "value": {
              "level": 0
            }
          }
        ]
      },
      "events": {
        "onGetData": "getData_control320_mnASp5"
      },
      "intendedRole": "custom",
      "roles": "element,link,custom",
      "monitored": true,
      "frameXPath": "",
      "componentType": "custom"
    }
  },
  "contexts": {
    "context37_NfZaHT": {
      "controls": [
        "control315_5l2gI2",
        "control316_LvEP4C",
        "control317_WUZCKe",
        "control318_F5xsPm",
        "control319_O2RzWw",
        "control320_mnASp5"
      ],
      "anchors": [],
      "urlAnchor": [
        "http://172.16.11.61:8000/Forms/Hr/ZPSQ/View.aspx?.*"
      ]
    }
  },
  "flows": {
    "flow92_euexow": {
      "toContexts": [
        {
          "toContextId": "context37_NfZaHT"
        }
      ]
    }
  },
  "pages": {
    "page37_7ZqO4E": {
      "contextId": "context37_NfZaHT",
      "layout": [
        {
          "id": "uiControl315_RUbUAk",
          "controlId": "control315_5l2gI2",
          "display": {
            "adapterId": "custom",
            "type": "custom",
            "adapter": {
              "templateType": "react",
              "events": {
                "onDoAction": "doAction_uiControl315_RUbUAk",
                "onGetTemplate": "getTemplate_uiControl315_RUbUAk"
              }
            }
          }
        },
        {
          "id": "uiControl316_f6ea0v",
          "controlId": "control316_LvEP4C",
          "display": {
            "adapterId": "custom",
            "type": "custom",
            "adapter": {
              "templateType": "react",
              "events": {
                "onDoAction": "doAction_uiControl316_f6ea0v",
                "onGetTemplate": "getTemplate_uiControl316_f6ea0v"
              }
            }
          }
        },
        {
          "id": "uiControl317_VikvW5",
          "controlId": "control317_WUZCKe",
          "display": {
            "adapterId": "custom",
            "type": "custom",
            "adapter": {
              "templateType": "react",
              "events": {
                "onDoAction": "doAction_uiControl317_VikvW5",
                "onGetTemplate": "getTemplate_uiControl317_VikvW5"
              }
            }
          }
        },
        {
          "id": "uiControl318_RPHqDb",
          "controlId": "control318_F5xsPm",
          "display": {
            "adapterId": "custom",
            "type": "custom",
            "adapter": {
              "templateType": "react",
              "events": {
                "onDoAction": "doAction_uiControl318_RPHqDb",
                "onGetTemplate": "getTemplate_uiControl318_RPHqDb"
              }
            }
          }
        },
        {
          "id": "uiControl319_PT6Gdw",
          "controlId": "control319_O2RzWw",
          "display": {
            "adapterId": "custom",
            "type": "custom",
            "adapter": {
              "templateType": "react",
              "events": {
                "onDoAction": "doAction_uiControl319_PT6Gdw",
                "onGetTemplate": "getTemplate_uiControl319_PT6Gdw"
              }
            }
          }
        },
        {
          "id": "uiControl320_QUwEmN",
          "controlId": "control320_mnASp5",
          "display": {
            "adapterId": "custom",
            "type": "custom",
            "adapter": {
              "templateType": "react",
              "events": {
                "onDoAction": "doAction_uiControl320_QUwEmN",
                "onGetTemplate": "getTemplate_uiControl320_QUwEmN"
              }
            }
          }
        }
      ]
    }
  },
  "matchers": {
    "page/title": {
      "contexts": {
        "context37_NfZaHT": [
          "招聘申请单 - 查看页"
        ]
      }
    },
    "page/urls": {
      "contexts": {
        "context37_NfZaHT": [
          "172.16.11.61:8000/Forms/Hr/ZPSQ/View.aspx?ProcInstId=471D64BAAFFC5A74"
        ]
      }
    },
    "page/ids": {
      "contexts": {
        "context37_NfZaHT": [
          [
            "AppUsersDiv",
            "__EVENTARGUMENT",
            "__EVENTTARGET",
            "__SCROLLPOSITIONX",
            "__SCROLLPOSITIONY",
            "__VIEWSTATE",
            "aspnetForm",
            "btnAddLink",
            "ctl_Header_hidFlag",
            "ctl_Header_txtCompanyName",
            "ctl_Header_txtDate",
            "ctl_Header_txtDepartName",
            "ctl_Header_txtEmail",
            "ctl_Header_txtPhone",
            "ctl_Header_txtUserName",
            "ctl_LinkedProcInst_hfGuid",
            "ctl_LinkedProcInst_hfStart",
            "ctl_LinkedProcInst_hfUserLoginName",
            "ctl_contentActionBar_ActionBar_Action",
            "ctl_contentActionBar_ActionBar_ActionName",
            "ctl_contentActionBar_ActionBar_AddApprover",
            "ctl_contentActionBar_ActionBar_AddApproverName",
            "ctl_contentActionBar_ActionBar_GotoActivityName",
            "ctl_contentActionBar_ActionBar_IsReturnBack",
            "ctl_contentActionBar_ActionBar_Print",
            "ctl_contentActionBar_ActionBar_UserAction",
            "ctl_contentActionBar_ActionBar_btnAddApprover",
            "ctl_contentActionBar_ActionBar_btnClose",
            "ctl_contentActionBar_ActionBar_btnInform",
            "ctl_contentActionBar_ActionBar_btnPrint",
            "ctl_contentActionBar_ActionBar_btnRedirect",
            "ctl_contentActionBar_ActionBar_hidJBAffirm",
            "ctl_contentForm_P",
            "ctl_contentForm_txt_BudgetInfo",
            "ctl_contentForm_txt_CommpanyName",
            "ctl_contentForm_txt_DepartmentName",
            "ctl_contentForm_txt_EducationType",
            "ctl_contentForm_txt_EmployCharacter",
            "ctl_contentForm_txt_HigherManager",
            "ctl_contentForm_txt_HolpEnteringDate",
            "ctl_contentForm_txt_JobQualification",
            "ctl_contentForm_txt_Language",
            "ctl_contentForm_txt_Other",
            "ctl_contentForm_txt_PostName",
            "ctl_contentForm_txt_ProcessType",
            "ctl_contentForm_txt_ProfessionalSkill",
            "ctl_contentForm_txt_RecruitmentResult",
            "ctl_contentForm_txt_RecruitmentType",
            "ctl_contentForm_txt_ReplaceMenName",
            "ctl_contentForm_txt_Responsibilities",
            "ctl_contentForm_txt_TheNewType",
            "ctl_contentForm_txt_WorkAbility",
            "ctl_contentForm_txt_WorkExperience",
            "ctl_contentForm_txt_WorkPlaceCity",
            "ctl_contentForm_txt_WorkPlaceProvince",
            "ctl_contentForm_txt_WorkPlaceXian",
            "person_infor",
            "person_infor_trigger",
            "tb_List"
          ]
        ]
      }
    },
    "page/classes": {
      "contexts": {
        "context37_NfZaHT": [
          [
            "aui_border",
            "aui_buttons",
            "aui_c",
            "aui_close",
            "aui_content",
            "aui_dialog",
            "aui_e",
            "aui_footer",
            "aui_header",
            "aui_icon",
            "aui_iconBg",
            "aui_inner",
            "aui_main",
            "aui_n",
            "aui_ne",
            "aui_nw",
            "aui_outer",
            "aui_s",
            "aui_se",
            "aui_sw",
            "aui_title",
            "aui_titleBar",
            "aui_w",
            "ax",
            "bar-code-rightcorner",
            "big-form",
            "btn",
            "clear",
            "col",
            "col-",
            "font-lightgrey",
            "font-xxl",
            "form-wrapper",
            "gb",
            "layout-data",
            "layout-form",
            "logo-leftcorner",
            "mt-s",
            "none_edit",
            "p-explain",
            "page-shadow",
            "red",
            "size-s",
            "swich_btn",
            "title",
            "tj",
            "top",
            "ufoot"
          ],
          [
            "active",
            "aui_border",
            "aui_buttons",
            "aui_c",
            "aui_close",
            "aui_content",
            "aui_dialog",
            "aui_e",
            "aui_footer",
            "aui_header",
            "aui_icon",
            "aui_iconBg",
            "aui_inner",
            "aui_main",
            "aui_n",
            "aui_ne",
            "aui_nw",
            "aui_outer",
            "aui_s",
            "aui_se",
            "aui_sw",
            "aui_title",
            "aui_titleBar",
            "aui_w",
            "ax",
            "bar-code-rightcorner",
            "big-form",
            "btn",
            "clear",
            "col",
            "col-",
            "font-lightgrey",
            "font-xxl",
            "form-wrapper",
            "gb",
            "layout-data",
            "layout-form",
            "logo-leftcorner",
            "mt-s",
            "none_edit",
            "p-explain",
            "page-shadow",
            "red",
            "show",
            "size-s",
            "swich_btn",
            "title",
            "tj",
            "top",
            "ufoot"
          ]
        ]
      }
    },
    "page/tagTriplets": {
      "contexts": {
        "context37_NfZaHT": [
          [
            "-/-/DIV",
            "-/-/FORM",
            "-/-/SCRIPT",
            "-/DIV/DIV",
            "-/FORM/DIV",
            "-/FORM/SCRIPT",
            "DIV/DIV/A",
            "DIV/DIV/BR",
            "DIV/DIV/DIV",
            "DIV/DIV/H1",
            "DIV/DIV/IMG",
            "DIV/DIV/INPUT-hidden",
            "DIV/DIV/INPUT-submit",
            "DIV/DIV/INPUT-text",
            "DIV/DIV/SPAN",
            "DIV/DIV/TABLE",
            "DIV/H1/BR",
            "DIV/H1/SPAN",
            "DIV/TABLE/TBODY",
            "DIV/TABLE/THEAD",
            "DIV/UL/LI",
            "FORM/DIV/BR",
            "FORM/DIV/BUTTON",
            "FORM/DIV/DIV",
            "FORM/DIV/INPUT-hidden",
            "FORM/DIV/SCRIPT",
            "FORM/DIV/TABLE",
            "FORM/DIV/UL",
            "LI/SPAN/A",
            "TABLE/TBODY/TR",
            "TABLE/THEAD/TR",
            "TBODY/TR/TD",
            "TBODY/TR/TH",
            "TD/DIV/A",
            "TD/DIV/DIV",
            "TD/DIV/TABLE",
            "THEAD/TR/TH",
            "TR/TD/DIV",
            "TR/TD/INPUT-text",
            "TR/TD/LABEL",
            "TR/TD/SPAN",
            "TR/TD/TABLE",
            "TR/TD/TEXTAREA",
            "UL/LI/SPAN"
          ]
        ]
      }
    }
  }
}