{
  "version": "0.1",
  "id": "haveDoneChanges",
  "targetURL": "http://172.16.11.61:8000/Forms/HR/YGYDSQ/View.aspx?ProcInstId=30B27A4C1F81A5F5",
  "jsFile": "index.js",
  "chineseName": "已办员工异动申请单",
  "description": "已办员工异动申请单",
  "firstPaintEnable": false,
  "controls": {
    "control370_x0sBbf": {
      "location": {
        "data": {
          "tagName": "H1"
        },
        "locators": [
          {
            "id": "@id/word",
            "prob": 2,
            "value": [
              "descendant::FORM[@id=\"aspnetForm\"]/DIV[3]/DIV[1]/H1[1]",
              "descendant::FORM[@id=\"aspnetForm\"]//H1"
            ]
          },
          {
            "id": "@class/word",
            "prob": 1,
            "value": "BODY.formPage DIV.big-form.page-shadow DIV.top H1"
          },
          {
            "id": "path/ordinal",
            "prob": 1,
            "value": "/HTML[1]/BODY[1]/FORM[1]/DIV[3]/DIV[1]/H1[1]"
          }
        ]
      },
      "events": {
        "onGetData": "getData_control370_x0sBbf"
      },
      "intendedRole": "custom",
      "roles": "element,custom",
      "ignoreVisibility": true,
      "monitored": true,
      "frameXPath": "",
      "componentType": "custom"
    },
    "control371_C7AwUO": {
      "location": {
        "data": {
          "tagName": "DIV"
        },
        "locators": [
          {
            "id": "@id/word",
            "prob": 3,
            "value": [
              "descendant::FORM[@id=\"aspnetForm\"]//DIV[@id=\"person_infor\"]",
              "descendant::DIV[@id=\"person_infor\"]"
            ]
          },
          {
            "id": "@class/word",
            "prob": 1,
            "value": "BODY.formPage DIV.big-form.page-shadow DIV.show"
          },
          {
            "id": "path/ordinal",
            "prob": 1,
            "value": "/HTML[1]/BODY[1]/FORM[1]/DIV[3]/DIV[5]"
          }
        ]
      },
      "events": {
        "onGetData": "getData_control371_C7AwUO"
      },
      "intendedRole": "custom",
      "roles": "element,custom",
      "ignoreVisibility": true,
      "monitored": true,
      "frameXPath": "",
      "componentType": "custom"
    },
    "control372_swLQWu": {
      "location": {
        "data": {
          "tagName": "TABLE"
        },
        "locators": [
          {
            "id": "@id/word",
            "prob": 1,
            "value": "descendant::FORM[@id=\"aspnetForm\"]/DIV[3]/DIV[9]/DIV[1]/TABLE[1]"
          },
          {
            "id": "@id/partialWord",
            "prob": 1,
            "disabled": true,
            "value": {
              "elemId": "ctl00_contentForm_P1",
              "tagName": "DIV",
              "prefix": "FORM[@id=\"aspnetForm\"]//",
              "suffix": "/DIV[1]/TABLE[1]",
              "ratio": 0.38
            }
          },
          {
            "id": "@class/word",
            "prob": 1,
            "value": "DIV.big-form.page-shadow DIV.form-wrapper TABLE.layout-form.col-3"
          },
          {
            "id": "path/ordinal",
            "prob": 1,
            "value": "/HTML[1]/BODY[1]/FORM[1]/DIV[3]/DIV[9]/DIV[1]/TABLE[1]"
          }
        ]
      },
      "events": {
        "onGetData": "getData_control372_swLQWu"
      },
      "intendedRole": "custom",
      "roles": "element,custom",
      "ignoreVisibility": true,
      "monitored": true,
      "frameXPath": "",
      "componentType": "custom"
    },
    "control373_9vBkiK": {
      "location": {
        "data": {
          "tagName": "TABLE"
        },
        "locators": [
          {
            "id": "@id/word",
            "prob": 1,
            "value": "descendant::FORM[@id=\"aspnetForm\"]/DIV[3]/DIV[9]/DIV[1]/TABLE[2]"
          },
          {
            "id": "@id/partialWord",
            "prob": 1,
            "disabled": true,
            "value": {
              "elemId": "ctl00_contentForm_P1",
              "tagName": "DIV",
              "prefix": "FORM[@id=\"aspnetForm\"]//",
              "suffix": "/DIV[1]/TABLE[2]",
              "ratio": 0.38
            }
          },
          {
            "id": "@class/word",
            "prob": 1,
            "value": "DIV.big-form.page-shadow DIV.form-wrapper TABLE.layout-data.layout-form"
          },
          {
            "id": "path/ordinal",
            "prob": 1,
            "value": "/HTML[1]/BODY[1]/FORM[1]/DIV[3]/DIV[9]/DIV[1]/TABLE[2]"
          }
        ]
      },
      "events": {
        "onGetData": "getData_control373_9vBkiK"
      },
      "intendedRole": "custom",
      "roles": "element,custom",
      "ignoreVisibility": true,
      "monitored": true,
      "frameXPath": "",
      "componentType": "custom"
    },
    "control374_oqnDID": {
      "location": {
        "data": {
          "tagName": "TABLE"
        },
        "locators": [
          {
            "id": "@id/partialWord",
            "prob": 1,
            "disabled": true,
            "value": {
              "elemId": "ctl00_contentForm_P1",
              "tagName": "DIV",
              "prefix": "FORM[@id=\"aspnetForm\"]//",
              "suffix": "/DIV[1]/TABLE[3]/TBODY[1]/TR[1]/TD[1]/TABLE[1]",
              "ratio": 0.38
            }
          },
          {
            "id": "@class/word",
            "prob": 1,
            "ordinal": [
              1,
              3
            ],
            "value": "DIV.big-form.page-shadow DIV.form-wrapper TABLE.layout-data"
          },
          {
            "id": "path/ordinal",
            "prob": 1,
            "value": "/HTML[1]/BODY[1]/FORM[1]/DIV[3]/DIV[9]/DIV[1]/TABLE[3]/TBODY[1]/TR[1]/TD[1]/TABLE[1]"
          }
        ]
      },
      "events": {
        "onGetData": "getData_control374_oqnDID"
      },
      "intendedRole": "custom",
      "roles": "element,custom",
      "ignoreVisibility": true,
      "monitored": true,
      "frameXPath": "",
      "componentType": "custom"
    },
    "control375_S9ktAI": {
      "location": {
        "data": {
          "tagName": "TABLE"
        },
        "locators": [
          {
            "id": "@id/word",
            "prob": 2,
            "value": "descendant::FORM[@id=\"aspnetForm\"]/DIV[3]/TABLE[2]"
          },
          {
            "id": "@class/word",
            "prob": 1,
            "ordinal": [
              4,
              6
            ],
            "value": "BODY.formPage DIV.big-form.page-shadow TABLE.layout-data"
          },
          {
            "id": "path/ordinal",
            "prob": 1,
            "value": "/HTML[1]/BODY[1]/FORM[1]/DIV[3]/TABLE[2]"
          }
        ]
      },
      "events": {
        "onGetData": "getData_control375_S9ktAI"
      },
      "intendedRole": "custom",
      "roles": "element,custom",
      "ignoreVisibility": true,
      "monitored": true,
      "frameXPath": "",
      "componentType": "custom"
    },
    "control376_znG1I3": {
      "location": {
        "data": {
          "tagName": "TABLE"
        },
        "locators": [
          {
            "id": "@id/word",
            "prob": 2,
            "value": "descendant::FORM[@id=\"aspnetForm\"]/DIV[3]/TABLE[3]"
          },
          {
            "id": "@class/word",
            "prob": 1,
            "ordinal": [
              5,
              6
            ],
            "value": "BODY.formPage DIV.big-form.page-shadow TABLE.layout-data"
          },
          {
            "id": "path/ordinal",
            "prob": 1,
            "value": "/HTML[1]/BODY[1]/FORM[1]/DIV[3]/TABLE[3]"
          }
        ]
      },
      "events": {
        "onGetData": "getData_control376_znG1I3"
      },
      "intendedRole": "custom",
      "roles": "element,custom",
      "ignoreVisibility": true,
      "monitored": true,
      "frameXPath": "",
      "componentType": "custom"
    },
    "control377_2Jvduu": {
      "location": {
        "data": {
          "tagName": "A"
        },
        "locators": [
          {
            "id": "a/@href",
            "prob": 2,
            "ordinal": [
              1,
              2
            ],
            "value": {
              "funcName": "__doPostBack"
            }
          },
          {
            "id": "@class/word",
            "prob": 1,
            "value": "DIV.ufoot UL.ax LI.gb SPAN A"
          },
          {
            "id": "path/ordinal",
            "prob": 1,
            "value": "/HTML[1]/BODY[1]/FORM[1]/DIV[5]/UL[1]/LI[2]/SPAN[1]/A[1]"
          },
          {
            "id": "elderLevel",
            "value": {
              "level": 0
            }
          }
        ]
      },
      "events": {
        "onGetData": "getData_control377_2Jvduu"
      },
      "intendedRole": "custom",
      "roles": "element,link,custom",
      "ignoreVisibility": true,
      "monitored": true,
      "frameXPath": "",
      "componentType": "custom"
    },
    "control378_hoBMiO": {
      "location": {
        "data": {
          "tagName": "TABLE"
        },
        "locators": [
          {
            "id": "@id/partialWord",
            "prob": 1,
            "disabled": true,
            "value": {
              "elemId": "ctl00_contentForm_P1",
              "tagName": "DIV",
              "prefix": "FORM[@id=\"aspnetForm\"]//",
              "suffix": "/DIV[1]/TABLE[3]/TBODY[1]/TR[1]/TD[3]/TABLE[1]",
              "ratio": 0.38
            }
          },
          {
            "id": "@class/word",
            "prob": 1,
            "ordinal": [
              2,
              3
            ],
            "value": "DIV.big-form.page-shadow DIV.form-wrapper TABLE.layout-data"
          },
          {
            "id": "path/ordinal",
            "prob": 1,
            "value": "/HTML[1]/BODY[1]/FORM[1]/DIV[3]/DIV[9]/DIV[1]/TABLE[3]/TBODY[1]/TR[1]/TD[3]/TABLE[1]"
          }
        ]
      },
      "events": {
        "onGetData": "getData_control378_hoBMiO"
      },
      "intendedRole": "custom",
      "roles": "element,custom",
      "ignoreVisibility": true,
      "monitored": true,
      "frameXPath": "",
      "componentType": "custom"
    },
    "control379_TzKf5I": {
      "location": {
        "data": {
          "tagName": "TABLE"
        },
        "locators": [
          {
            "id": "@id/word",
            "prob": 2,
            "value": "descendant::FORM[@id=\"aspnetForm\"]/DIV[3]/DIV[12]/TABLE[1]"
          },
          {
            "id": "@class/word",
            "prob": 1,
            "ordinal": [
              3,
              4
            ],
            "value": "DIV.big-form.page-shadow DIV.form-wrapper TABLE.layout-form"
          },
          {
            "id": "path/ordinal",
            "prob": 1,
            "value": "/HTML[1]/BODY[1]/FORM[1]/DIV[3]/DIV[12]/TABLE[1]"
          }
        ]
      },
      "events": {
        "onGetData": "getData_control379_TzKf5I"
      },
      "intendedRole": "custom",
      "roles": "element,custom",
      "ignoreVisibility": true,
      "monitored": true,
      "frameXPath": "",
      "componentType": "custom"
    }
  },
  "contexts": {
    "context44_60uz5O": {
      "controls": [
        "control370_x0sBbf",
        "control371_C7AwUO",
        "control372_swLQWu",
        "control373_9vBkiK",
        "control374_oqnDID",
        "control375_S9ktAI",
        "control376_znG1I3",
        "control377_2Jvduu",
        "control378_hoBMiO",
        "control379_TzKf5I"
      ],
      "anchors": [],
      "urlAnchor": [
        "http:\\/\\/172\\.16\\.11\\.61:8000\\/Forms\\/HR\\/YGYDSQ\\/View\\.aspx"
      ]
    }
  },
  "flows": {
    "flow104_cUDKWE": {
      "toContexts": [
        {
          "toContextId": "context44_60uz5O"
        }
      ]
    }
  },
  "pages": {
    "page44_KowVhw": {
      "contextId": "context44_60uz5O",
      "layout": [
        {
          "id": "uiControl370_KkpSid",
          "controlId": "control370_x0sBbf",
          "display": {
            "adapterId": "custom",
            "type": "custom",
            "adapter": {
              "templateType": "react",
              "events": {
                "onDoAction": "doAction_uiControl370_KkpSid",
                "onGetTemplate": "getTemplate_uiControl370_KkpSid"
              }
            }
          }
        },
        {
          "id": "uiControl371_gHQ4zS",
          "controlId": "control371_C7AwUO",
          "display": {
            "adapterId": "custom",
            "type": "custom",
            "adapter": {
              "templateType": "react",
              "events": {
                "onDoAction": "doAction_uiControl371_gHQ4zS",
                "onGetTemplate": "getTemplate_uiControl371_gHQ4zS"
              }
            }
          }
        },
        {
          "id": "uiControl372_l7B5IH",
          "controlId": "control372_swLQWu",
          "display": {
            "adapterId": "custom",
            "type": "custom",
            "adapter": {
              "templateType": "react",
              "events": {
                "onDoAction": "doAction_uiControl372_l7B5IH",
                "onGetTemplate": "getTemplate_uiControl372_l7B5IH"
              }
            }
          }
        },
        {
          "id": "uiControl373_AfxkdX",
          "controlId": "control373_9vBkiK",
          "display": {
            "adapterId": "custom",
            "type": "custom",
            "adapter": {
              "templateType": "react",
              "events": {
                "onDoAction": "doAction_uiControl373_AfxkdX",
                "onGetTemplate": "getTemplate_uiControl373_AfxkdX"
              }
            }
          }
        },
        {
          "id": "uiControl374_JJgVc0",
          "controlId": "control374_oqnDID",
          "display": {
            "adapterId": "custom",
            "type": "custom",
            "adapter": {
              "templateType": "react",
              "events": {
                "onDoAction": "doAction_uiControl374_JJgVc0",
                "onGetTemplate": "getTemplate_uiControl374_JJgVc0"
              }
            }
          }
        },
        {
          "id": "uiControl378_Lw4kTw",
          "controlId": "control378_hoBMiO",
          "display": {
            "adapterId": "custom",
            "type": "custom",
            "adapter": {
              "templateType": "react",
              "events": {
                "onDoAction": "doAction_uiControl378_Lw4kTw",
                "onGetTemplate": "getTemplate_uiControl378_Lw4kTw"
              }
            }
          }
        },
        {
          "id": "uiControl379_TDBcJt",
          "controlId": "control379_TzKf5I",
          "display": {
            "adapterId": "custom",
            "type": "custom",
            "adapter": {
              "templateType": "react",
              "events": {
                "onDoAction": "doAction_uiControl379_TDBcJt",
                "onGetTemplate": "getTemplate_uiControl379_TDBcJt"
              }
            }
          }
        },
        {
          "id": "uiControl375_1RcBsn",
          "controlId": "control375_S9ktAI",
          "display": {
            "adapterId": "custom",
            "type": "custom",
            "adapter": {
              "templateType": "react",
              "events": {
                "onDoAction": "doAction_uiControl375_1RcBsn",
                "onGetTemplate": "getTemplate_uiControl375_1RcBsn"
              }
            }
          }
        },
        {
          "id": "uiControl376_JVlfVQ",
          "controlId": "control376_znG1I3",
          "display": {
            "adapterId": "custom",
            "type": "custom",
            "adapter": {
              "templateType": "react",
              "events": {
                "onDoAction": "doAction_uiControl376_JVlfVQ",
                "onGetTemplate": "getTemplate_uiControl376_JVlfVQ"
              }
            }
          }
        },
        {
          "id": "uiControl377_aQJmif",
          "controlId": "control377_2Jvduu",
          "display": {
            "adapterId": "custom",
            "type": "custom",
            "adapter": {
              "templateType": "react",
              "events": {
                "onDoAction": "doAction_uiControl377_aQJmif",
                "onGetTemplate": "getTemplate_uiControl377_aQJmif"
              }
            }
          }
        }
      ]
    }
  },
  "matchers": {
    "page/title": {
      "contexts": {
        "context44_60uz5O": [
          "员工异动申请单 - 查看页"
        ]
      }
    },
    "page/urls": {
      "contexts": {
        "context44_60uz5O": [
          "172.16.11.61:8000/Forms/HR/YGYDSQ/View.aspx?ProcInstId=30B27A4C1F81A5F5"
        ]
      }
    },
    "page/ids": {
      "contexts": {
        "context44_60uz5O": [
          [
            "__EVENTARGUMENT",
            "__EVENTTARGET",
            "__SCROLLPOSITIONX",
            "__SCROLLPOSITIONY",
            "__VIEWSTATE",
            "aspnetForm",
            "btnAddLink",
            "btnFileUpload",
            "ctl_Attachment_fileUpload",
            "ctl_Attachment_hfActivityName",
            "ctl_Attachment_hfGuid",
            "ctl_Attachment_hfIsStart",
            "ctl_Attachment_hfUserLoginName",
            "ctl_Header_hidFlag",
            "ctl_Header_txtCompanyName",
            "ctl_Header_txtDate",
            "ctl_Header_txtDepartName",
            "ctl_Header_txtEmail",
            "ctl_Header_txtPhone",
            "ctl_Header_txtUserName",
            "ctl_LinkedProcInst_hfGuid",
            "ctl_LinkedProcInst_hfStart",
            "ctl_LinkedProcInst_hfUserLoginName",
            "ctl_contentActionBar_ActionBar_Action",
            "ctl_contentActionBar_ActionBar_ActionName",
            "ctl_contentActionBar_ActionBar_AddApprover",
            "ctl_contentActionBar_ActionBar_AddApproverName",
            "ctl_contentActionBar_ActionBar_GotoActivityName",
            "ctl_contentActionBar_ActionBar_IsReturnBack",
            "ctl_contentActionBar_ActionBar_Print",
            "ctl_contentActionBar_ActionBar_UserAction",
            "ctl_contentActionBar_ActionBar_btnAddApprover",
            "ctl_contentActionBar_ActionBar_btnClose",
            "ctl_contentActionBar_ActionBar_btnInform",
            "ctl_contentActionBar_ActionBar_btnPrint",
            "ctl_contentActionBar_ActionBar_btnRedirect",
            "ctl_contentActionBar_ActionBar_hidJBAffirm",
            "ctl_contentForm_ApproverCodes",
            "ctl_contentForm_ApproverNames",
            "ctl_contentForm_P",
            "ctl_contentForm_rptActivity_ctl_hfApproverIds",
            "ctl_contentForm_txt_AdjustType",
            "ctl_contentForm_txt_AfterCompanyCode",
            "ctl_contentForm_txt_AfterCompanyName",
            "ctl_contentForm_txt_AfterDeptCode",
            "ctl_contentForm_txt_AfterDeptName",
            "ctl_contentForm_txt_AfterPositionCode",
            "ctl_contentForm_txt_AfterPositionName",
            "ctl_contentForm_txt_AfterWorkCity",
            "ctl_contentForm_txt_AfterWorkProvince",
            "ctl_contentForm_txt_ApplicantCode",
            "ctl_contentForm_txt_ApplicantName",
            "ctl_contentForm_txt_BeforeCompanyCode",
            "ctl_contentForm_txt_BeforeCompanyName",
            "ctl_contentForm_txt_BeforeDeptCode",
            "ctl_contentForm_txt_BeforeDeptName",
            "ctl_contentForm_txt_BeforePosition",
            "ctl_contentForm_txt_BeforeWorkplace",
            "ctl_contentForm_txt_DashedManagerName",
            "ctl_contentForm_txt_Description",
            "ctl_contentForm_txt_EffectiveDate",
            "ctl_contentForm_txt_IsWP",
            "ctl_contentForm_txt_JoinDate",
            "ctl_contentForm_txt_LineManagerName",
            "ctl_contentForm_txt_Nature",
            "ctl_contentForm_txt_Rank",
            "ctl_contentForm_txt_Reason",
            "filePanel",
            "person_infor",
            "person_infor_trigger",
            "tb_AttachmentList",
            "tb_List",
            "uploadDiv"
          ]
        ]
      }
    },
    "page/classes": {
      "contexts": {
        "context44_60uz5O": [
          [
            "aui_border",
            "aui_buttons",
            "aui_c",
            "aui_close",
            "aui_content",
            "aui_dialog",
            "aui_e",
            "aui_footer",
            "aui_header",
            "aui_icon",
            "aui_iconBg",
            "aui_inner",
            "aui_main",
            "aui_n",
            "aui_ne",
            "aui_nw",
            "aui_outer",
            "aui_s",
            "aui_se",
            "aui_sw",
            "aui_title",
            "aui_titleBar",
            "aui_w",
            "ax",
            "bar-code-rightcorner",
            "big-form",
            "btn",
            "clear",
            "col",
            "col-",
            "fileUpload",
            "font-lightgrey",
            "font-red",
            "font-xxl",
            "form-wrapper",
            "gb",
            "icon-cloud-download",
            "icon-paper-clip",
            "layout-data",
            "layout-form",
            "logo-leftcorner",
            "mt-s",
            "none_edit",
            "p-explain",
            "page-shadow",
            "red",
            "size-s",
            "style",
            "swich_btn",
            "title",
            "tj",
            "top",
            "ufoot"
          ],
          [
            "active",
            "aui_border",
            "aui_buttons",
            "aui_c",
            "aui_close",
            "aui_content",
            "aui_dialog",
            "aui_e",
            "aui_footer",
            "aui_header",
            "aui_icon",
            "aui_iconBg",
            "aui_inner",
            "aui_main",
            "aui_n",
            "aui_ne",
            "aui_nw",
            "aui_outer",
            "aui_s",
            "aui_se",
            "aui_sw",
            "aui_title",
            "aui_titleBar",
            "aui_w",
            "ax",
            "bar-code-rightcorner",
            "big-form",
            "btn",
            "clear",
            "col",
            "col-",
            "fileUpload",
            "font-lightgrey",
            "font-red",
            "font-xxl",
            "form-wrapper",
            "gb",
            "icon-cloud-download",
            "icon-paper-clip",
            "layout-data",
            "layout-form",
            "logo-leftcorner",
            "mt-s",
            "none_edit",
            "p-explain",
            "page-shadow",
            "red",
            "show",
            "size-s",
            "style",
            "swich_btn",
            "title",
            "tj",
            "top",
            "ufoot"
          ]
        ]
      }
    },
    "page/tagTriplets": {
      "contexts": {
        "context44_60uz5O": [
          [
            "-/-/DIV",
            "-/-/FORM",
            "-/-/SCRIPT",
            "-/DIV/DIV",
            "-/FORM/DIV",
            "-/FORM/SCRIPT",
            "DIV/DIV/A",
            "DIV/DIV/BR",
            "DIV/DIV/BUTTON",
            "DIV/DIV/DIV",
            "DIV/DIV/H1",
            "DIV/DIV/IMG",
            "DIV/DIV/INPUT-hidden",
            "DIV/DIV/INPUT-submit",
            "DIV/DIV/INPUT-text",
            "DIV/DIV/P",
            "DIV/DIV/SPAN",
            "DIV/DIV/TABLE",
            "DIV/H1/BR",
            "DIV/H1/SPAN",
            "DIV/P/BR",
            "DIV/P/STRONG",
            "DIV/SPAN/INPUT-file",
            "DIV/TABLE/TBODY",
            "DIV/TABLE/THEAD",
            "DIV/UL/LI",
            "FORM/DIV/BR",
            "FORM/DIV/BUTTON",
            "FORM/DIV/DIV",
            "FORM/DIV/INPUT-hidden",
            "FORM/DIV/SCRIPT",
            "FORM/DIV/TABLE",
            "FORM/DIV/UL",
            "LABEL/SPAN/STRONG",
            "LI/SPAN/A",
            "TABLE/TBODY/TR",
            "TABLE/THEAD/TR",
            "TBODY/TR/TD",
            "TBODY/TR/TH",
            "TD/A/I",
            "TD/DIV/A",
            "TD/DIV/DIV",
            "TD/DIV/TABLE",
            "TD/LABEL/BR",
            "TD/LABEL/SPAN",
            "TD/SELECT/OPTION",
            "TD/SPAN/INPUT-radio",
            "TD/TABLE/TBODY",
            "THEAD/TR/TH",
            "TR/TD/A",
            "TR/TD/BR",
            "TR/TD/DIV",
            "TR/TD/I",
            "TR/TD/IMG",
            "TR/TD/INPUT-hidden",
            "TR/TD/INPUT-text",
            "TR/TD/LABEL",
            "TR/TD/SELECT",
            "TR/TD/SPAN",
            "TR/TD/TABLE",
            "TR/TD/TEXTAREA",
            "UL/LI/SPAN"
          ]
        ]
      }
    }
  }
}