{
  "version": "0.1",
  "id": "costreimbursement",
  "targetURL": "http://172.16.11.61:9995/Workflow/Forms/FYBX/Processing.aspx?SN=6F27552185A1F052DC97A4309596EAFB&Guid=85ee9e59-f341-4fe3-82db-3bf44dbaaa33#",
  "jsFile": "index.js",
  "requires": {
    "dealtIndex": "../dealtIndex/index.json"
  },
  "chineseName": "待办费用报销流程",
  "description": "",
  "firstPaintEnable": false,
  "controls": {
    "control76_pz9pte": {
      "location": {
        "data": {
          "tagName": "H1"
        },
        "userData": {
          "data": [],
          "force": false
        },
        "locators": [
          {
            "id": "@id/partialWord",
            "prob": 1,
            "disabled": true,
            "value": {
              "elemId": "form1",
              "tagName": "FORM",
              "prefix": "",
              "suffix": "/DIV[3]/DIV[1]/H1[1]",
              "ratio": 0.828
            }
          },
          {
            "id": "@class/word",
            "prob": 1,
            "value": "DIV.big-form.page-shadow DIV.top H1"
          },
          {
            "id": "path/ordinal",
            "prob": 1,
            "value": "/HTML[1]/BODY[1]/FORM[1]/DIV[3]/DIV[1]/H1[1]"
          }
        ]
      },
      "events": {
        "onGetData": "getData_control76_pz9pte"
      },
      "intendedRole": "custom",
      "roles": "element,custom",
      "monitored": true,
      "frameXPath": "",
      "componentType": "custom"
    },
    "control77_nMhpV3": {
      "location": {
        "data": {
          "tagName": "DIV"
        },
        "userData": {
          "data": [],
          "force": false
        },
        "locators": [
          {
            "id": "@id/word",
            "prob": 3,
            "value": "descendant::DIV[@id=\"person_infor\"]"
          },
          {
            "id": "@class/word",
            "prob": 1,
            "value": "DIV.big-form.page-shadow DIV.show"
          },
          {
            "id": "path/ordinal",
            "prob": 1,
            "value": "/HTML[1]/BODY[1]/FORM[1]/DIV[3]/DIV[5]"
          }
        ]
      },
      "events": {
        "onGetData": "getData_control77_nMhpV3"
      },
      "intendedRole": "custom",
      "roles": "element,custom",
      "ignoreVisibility": true,
      "monitored": true,
      "frameXPath": "",
      "componentType": "custom"
    },
    "control78_t1Q1xP": {
      "location": {
        "data": {
          "tagName": "DIV"
        },
        "userData": {
          "data": [],
          "force": false
        },
        "locators": [
          {
            "id": "@id/partialWord",
            "prob": 1,
            "disabled": true,
            "value": {
              "elemId": "form1",
              "tagName": "FORM",
              "prefix": "",
              "suffix": "/DIV[3]/DIV[9]",
              "ratio": 0.828
            }
          },
          {
            "id": "@class/word",
            "prob": 1,
            "ordinal": [
              2,
              5
            ],
            "value": "DIV.big-form.page-shadow DIV.form-wrapper"
          },
          {
            "id": "path/ordinal",
            "prob": 1,
            "value": "/HTML[1]/BODY[1]/FORM[1]/DIV[3]/DIV[9]"
          }
        ]
      },
      "events": {
        "onGetData": "getData_control78_t1Q1xP"
      },
      "intendedRole": "custom",
      "roles": "element,custom",
      "monitored": true,
      "frameXPath": "",
      "componentType": "custom"
    },
    "control79_OTdCE4": {
      "location": {
        "data": {
          "tagName": "UL"
        },
        "userData": {
          "data": [],
          "force": false
        },
        "locators": [
          {
            "id": "@id/partialWord",
            "prob": 1,
            "disabled": true,
            "value": {
              "elemId": "form1",
              "tagName": "FORM",
              "prefix": "",
              "suffix": "/DIV[5]/UL[1]",
              "ratio": 0.828
            }
          },
          {
            "id": "@class/word",
            "prob": 1,
            "value": "DIV.ufoot UL.ax"
          },
          {
            "id": "path/ordinal",
            "prob": 1,
            "value": "/HTML[1]/BODY[1]/FORM[1]/DIV[5]/UL[1]"
          }
        ]
      },
      "events": {
        "onGetData": "getData_control79_OTdCE4"
      },
      "intendedRole": "custom",
      "roles": "element,custom",
      "monitored": true,
      "frameXPath": "",
      "componentType": "custom"
    },
    "control80_KHkvnv": {
      "location": {
        "data": {
          "tagName": "DIV"
        },
        "userData": {
          "data": [],
          "force": false
        },
        "locators": [
          {
            "id": "@id/partialWord",
            "prob": 1,
            "disabled": true,
            "value": {
              "elemId": "form1",
              "tagName": "FORM",
              "prefix": "",
              "suffix": "/DIV[3]/DIV[25]",
              "ratio": 0.828
            }
          },
          {
            "id": "@class/word",
            "prob": 1,
            "ordinal": [
              4,
              5
            ],
            "value": "DIV.big-form.page-shadow DIV.form-wrapper"
          },
          {
            "id": "path/ordinal",
            "prob": 1,
            "value": "/HTML[1]/BODY[1]/FORM[1]/DIV[3]/DIV[25]"
          }
        ]
      },
      "events": {
        "onGetData": "getData_control80_KHkvnv"
      },
      "intendedRole": "custom",
      "roles": "element,custom",
      "monitored": true,
      "frameXPath": "",
      "componentType": "custom"
    },
    "control81_GJLcaV": {
      "location": {
        "data": {
          "tagName": "TABLE"
        },
        "userData": {
          "data": [],
          "force": false
        },
        "locators": [
          {
            "id": "@id/partialWord",
            "prob": 1,
            "disabled": true,
            "value": {
              "elemId": "form1",
              "tagName": "FORM",
              "prefix": "",
              "suffix": "/DIV[3]/TABLE[3]",
              "ratio": 0.828
            }
          },
          {
            "id": "@class/word",
            "prob": 1,
            "ordinal": [
              8,
              9
            ],
            "value": "DIV.big-form.page-shadow TABLE.layout-data"
          },
          {
            "id": "path/ordinal",
            "prob": 1,
            "value": "/HTML[1]/BODY[1]/FORM[1]/DIV[3]/TABLE[3]"
          }
        ]
      },
      "events": {
        "onGetData": "getData_control81_GJLcaV"
      },
      "intendedRole": "custom",
      "roles": "element,custom",
      "monitored": true,
      "frameXPath": "",
      "componentType": "custom"
    },
    "control82_BSndNR": {
      "location": {
        "data": {
          "tagName": "TABLE"
        },
        "userData": {
          "data": [],
          "force": false
        },
        "locators": [
          {
            "id": "@id/word",
            "prob": 3,
            "value": "descendant::TABLE[@id=\"skrTable\"]"
          },
          {
            "id": "@class/word",
            "prob": 1,
            "ordinal": [
              1,
              3
            ],
            "value": "DIV.big-form.page-shadow DIV.form-wrapper TABLE.layout-data.layout-form.trPerson"
          },
          {
            "id": "path/ordinal",
            "prob": 1,
            "value": "/HTML[1]/BODY[1]/FORM[1]/DIV[3]/DIV[9]/TABLE[6]"
          }
        ]
      },
      "events": {
        "onGetData": "getData_control82_BSndNR"
      },
      "intendedRole": "custom",
      "roles": "element,custom",
      "monitored": true,
      "frameXPath": "",
      "componentType": "custom"
    },
    "control83_Xx5WxU": {
      "location": {
        "data": {
          "tagName": "TABLE"
        },
        "userData": {
          "data": [],
          "force": false
        },
        "locators": [
          {
            "id": "@id/partialWord",
            "prob": 1,
            "disabled": true,
            "value": {
              "elemId": "form1",
              "tagName": "FORM",
              "prefix": "",
              "suffix": "/DIV[3]/TABLE[2]",
              "ratio": 0.828
            }
          },
          {
            "id": "@class/word",
            "prob": 1,
            "ordinal": [
              7,
              9
            ],
            "value": "DIV.big-form.page-shadow TABLE.layout-data"
          },
          {
            "id": "path/ordinal",
            "prob": 1,
            "value": "/HTML[1]/BODY[1]/FORM[1]/DIV[3]/TABLE[2]"
          }
        ]
      },
      "events": {
        "onGetData": "getData_control83_Xx5WxU"
      },
      "intendedRole": "custom",
      "roles": "element,custom",
      "monitored": true,
      "frameXPath": "",
      "componentType": "custom"
    },
    "control85_aMCMgd": {
      "location": {
        "data": {
          "tagName": "DIV"
        },
        "userData": {
          "data": [],
          "force": false
        },
        "locators": [
          {
            "id": "@id/word",
            "prob": 2,
            "value": [
              "descendant::DIV[@id=\"AppUsersDiv\"]/DIV[3]",
              "descendant::DIV[@id=\"AppUsersDiv\"]//DIV"
            ]
          },
          {
            "id": "@class/word",
            "prob": 1,
            "ordinal": [
              3,
              5
            ],
            "value": "DIV.big-form.page-shadow DIV.form-wrapper"
          },
          {
            "id": "path/ordinal",
            "prob": 1,
            "value": "/HTML[1]/BODY[1]/FORM[1]/DIV[3]/DIV[11]/DIV[3]"
          }
        ]
      },
      "events": {
        "onGetData": "getData_control85_aMCMgd"
      },
      "intendedRole": "custom",
      "roles": "element,custom",
      "monitored": false,
      "frameXPath": "",
      "componentType": "custom"
    }
  },
  "contexts": {
    "context11_mB0Nro": {
      "controls": [
        "control76_pz9pte",
        "control77_nMhpV3",
        "control78_t1Q1xP",
        "control79_OTdCE4",
        "control80_KHkvnv",
        "control81_GJLcaV",
        "control82_BSndNR",
        "control83_Xx5WxU",
        "control85_aMCMgd"
      ],
      "anchors": [],
      "urlAnchor": [
        "http:\\/\\/172\\.16\\.11\\.61:9995\\/Workflow\\/Forms\\/FYBX\\/Processing\\.aspx\\?.*"
      ]
    }
  },
  "flows": {
    "flow28_vPiRtH": {
      "toContexts": [
        {
          "toContextId": "context11_mB0Nro"
        },
        {
          "toContextId": "context24_EkSRuv",
          "toModelId": "dealtIndex"
        }
      ]
    },
    "flow29_11CO0H": {
      "fromContextId": "context11_mB0Nro",
      "fromAction": "doAction",
      "fromControlId": "control79_OTdCE4",
      "toContexts": [
        {
          "toContextId": "context11_mB0Nro"
        }
      ]
    },
    "flow30_5HvEkz": {
      "fromContextId": "context11_mB0Nro",
      "fromAction": "doAction",
      "fromControlId": "control83_Xx5WxU",
      "toContexts": [
        {
          "toContextId": "context11_mB0Nro"
        }
      ]
    },
    "flow106_e0GEJ8": {
      "fromContextId": "context11_mB0Nro",
      "fromAction": "doAction",
      "fromControlId": "control80_KHkvnv",
      "toContexts": [
        {
          "toContextId": "context11_mB0Nro"
        }
      ]
    }
  },
  "pages": {
    "page11_y4kGM1": {
      "contextId": "context11_mB0Nro",
      "layout": [
        {
          "id": "uiControl76_ySxNM5",
          "controlId": "control76_pz9pte",
          "display": {
            "adapterId": "custom",
            "type": "custom",
            "adapter": {
              "templateType": "react",
              "events": {
                "onDoAction": "doAction_uiControl76_ySxNM5",
                "onGetTemplate": "getTemplate_uiControl76_ySxNM5"
              }
            }
          }
        },
        {
          "id": "uiControl77_mDDlr4",
          "controlId": "control77_nMhpV3",
          "display": {
            "adapterId": "custom",
            "type": "custom",
            "adapter": {
              "templateType": "react",
              "events": {
                "onDoAction": "doAction_uiControl77_mDDlr4",
                "onGetTemplate": "getTemplate_uiControl77_mDDlr4"
              }
            }
          }
        },
        {
          "id": "uiControl78_EMGQ0a",
          "controlId": "control78_t1Q1xP",
          "display": {
            "adapterId": "custom",
            "type": "custom",
            "adapter": {
              "templateType": "react",
              "events": {
                "onDoAction": "doAction_uiControl78_EMGQ0a",
                "onGetTemplate": "getTemplate_uiControl78_EMGQ0a"
              }
            }
          }
        },
        {
          "id": "uiControl82_omO4Ah",
          "controlId": "control82_BSndNR",
          "display": {
            "adapterId": "custom",
            "type": "custom",
            "adapter": {
              "templateType": "react",
              "events": {
                "onDoAction": "doAction_uiControl82_omO4Ah",
                "onGetTemplate": "getTemplate_uiControl82_omO4Ah"
              }
            }
          }
        },
        {
          "id": "uiControl85_aIMk32",
          "controlId": "control85_aMCMgd",
          "display": {
            "adapterId": "custom",
            "type": "custom",
            "adapter": {
              "templateType": "react",
              "events": {
                "onDoAction": "doAction_uiControl85_aIMk32",
                "onGetTemplate": "getTemplate_uiControl85_aIMk32"
              }
            }
          }
        },
        {
          "id": "uiControl83_wl8gCB",
          "controlId": "control83_Xx5WxU",
          "display": {
            "adapterId": "custom",
            "type": "custom",
            "adapter": {
              "templateType": "react",
              "events": {
                "onDoAction": "doAction_uiControl83_wl8gCB",
                "onGetTemplate": "getTemplate_uiControl83_wl8gCB"
              }
            }
          }
        },
        {
          "id": "uiControl81_6Qdkws",
          "controlId": "control81_GJLcaV",
          "display": {
            "adapterId": "custom",
            "type": "custom",
            "adapter": {
              "templateType": "react",
              "events": {
                "onDoAction": "doAction_uiControl81_6Qdkws",
                "onGetTemplate": "getTemplate_uiControl81_6Qdkws"
              }
            }
          }
        },
        {
          "id": "uiControl80_yRb53n",
          "controlId": "control80_KHkvnv",
          "display": {
            "adapterId": "custom",
            "type": "custom",
            "adapter": {
              "templateType": "react",
              "events": {
                "onDoAction": "doAction_uiControl80_yRb53n",
                "onGetTemplate": "getTemplate_uiControl80_yRb53n"
              }
            }
          }
        },
        {
          "id": "uiControl79_MSFrTU",
          "controlId": "control79_OTdCE4",
          "display": {
            "adapterId": "custom",
            "type": "custom",
            "adapter": {
              "templateType": "react",
              "events": {
                "onDoAction": "doAction_uiControl79_MSFrTU",
                "onGetTemplate": "getTemplate_uiControl79_MSFrTU"
              }
            }
          }
        }
      ]
    }
  },
  "matchers": {
    "page/title": {
      "contexts": {
        "context11_mB0Nro": [
          "审批流程"
        ]
      }
    },
    "page/urls": {
      "contexts": {
        "context11_mB0Nro": [
          "172.16.11.61:9995/Workflow/Forms/FYBX/Processing.aspx?SN=6F27552185A1F052DC97A4309596EAFB&Guid=85ee9e59-f341-4fe3-82db-3bf44dbaaa33"
        ]
      }
    },
    "page/ids": {
      "contexts": {
        "context11_mB0Nro": [
          [
            "ActionBar_Action",
            "ActionBar_ActionName",
            "ActionBar_AddApprovedBackNoDelegate",
            "ActionBar_AddApprover",
            "ActionBar_AddApproverName",
            "ActionBar_GotoActivityName",
            "ActionBar_IsReturnBack",
            "ActionBar_UserAction",
            "ActionBar_WorkFlow",
            "ActionBar_btnAddApprovedBackNoDelegate",
            "ActionBar_btnAddApprover",
            "ActionBar_btnClose",
            "ActionBar_btnRedirect",
            "ActionBar_btnWorkFlow",
            "ActionBar_hidJBAffirm",
            "AppUsersDiv",
            "ApproveControl_lblActivityName",
            "ApproveControl_txtMemo",
            "Attachment_fileUpload",
            "Attachment_hfActivityName",
            "Attachment_hfGuid",
            "Attachment_hfIsStart",
            "Attachment_hfUserLoginName",
            "Header_hidFlag",
            "Header_txtCompanyName",
            "Header_txtDate",
            "Header_txtDepartName",
            "Header_txtEmail",
            "Header_txtPhone",
            "Header_txtUserName",
            "LinkedProcInst_hfGuid",
            "LinkedProcInst_hfStart",
            "LinkedProcInst_hfUserLoginName",
            "Table",
            "TreatTable",
            "__EVENTARGUMENT",
            "__EVENTTARGET",
            "__EVENTVALIDATION",
            "__VIEWSTATE",
            "_myDP",
            "approveMemo",
            "btnAddLink",
            "btnFileUpload",
            "btnSubmit",
            "contentForm_HLink_Report",
            "contentForm_HLink_YuSuan",
            "contentForm_txtBXSY",
            "contentForm_txtReimbursementTotal",
            "contentForm_txtRemarks",
            "contentForm_txtSKRMoneyTotal",
            "contentForm_txtSupplier",
            "contentForm_txtSupplierApplyMoney",
            "contentForm_txtSupplierBankCode",
            "contentForm_txtSupplierOpenBank",
            "contentForm_txtVirtualDepart",
            "contentForm_txt_ApplicantDeptName",
            "contentForm_txt_ApplyCompany",
            "contentForm_txt_ApplyEmployeeCode",
            "contentForm_txt_ApplyEmployeeName",
            "contentForm_txt_BudgetNo",
            "contentForm_txt_CPBCRate",
            "contentForm_txt_Currency",
            "contentForm_txt_ExchangeRate",
            "contentForm_txt_InvoiceNum_P",
            "contentForm_txt_IsAsset",
            "contentForm_txt_Project",
            "contentForm_txt_ReimbursementBigCate",
            "contentForm_txt_ReimbursementType",
            "contentForm_txt_TreatCostCenter",
            "contentForm_txt_TreatEmployeeName",
            "contentForm_txt_TreatGuestCompany",
            "contentForm_txt_TreatGuests",
            "contentForm_txt_TreatHosts",
            "contentForm_txt_TreatPeoples",
            "contentForm_txt_TreatReason",
            "contentForm_txt_TreatSite",
            "detailT",
            "fileAttachment",
            "filePanel",
            "file_upload_form",
            "form",
            "hdActivityName",
            "hdGuid",
            "hdUserLoginName",
            "miniTip",
            "miniTip_a",
            "miniTip_c",
            "miniTip_t",
            "person_infor",
            "person_infor_trigger",
            "skrTable",
            "spanProject",
            "table",
            "tableXiaoJi",
            "tb_AttachmentList",
            "tb_List",
            "thCar",
            "trPublic",
            "txt_ApplyMoney_SKR",
            "txt_CompanyCode_SKR",
            "txt_Company_SKR",
            "txt_DeptCode_SKR",
            "txt_Dept_SKR",
            "txt_Summary_SKR",
            "uploadDiv",
            "upload_target"
          ]
        ]
      }
    },
    "page/classes": {
      "contexts": {
        "context11_mB0Nro": [
          [
            "Beforehand",
            "action-area",
            "active",
            "aspNetHidden",
            "aui_border",
            "aui_buttons",
            "aui_c",
            "aui_close",
            "aui_content",
            "aui_dialog",
            "aui_e",
            "aui_footer",
            "aui_header",
            "aui_icon",
            "aui_iconBg",
            "aui_inner",
            "aui_main",
            "aui_n",
            "aui_ne",
            "aui_nw",
            "aui_outer",
            "aui_s",
            "aui_se",
            "aui_sw",
            "aui_title",
            "aui_titleBar",
            "aui_w",
            "ax",
            "bar-code-rightcorner",
            "big-form",
            "btn",
            "clear",
            "col",
            "col-",
            "fileUpload",
            "font-lightgrey",
            "font-red",
            "font-xxl",
            "form-wrapper",
            "gb",
            "green",
            "grey",
            "labelwidth",
            "layout-data",
            "layout-form",
            "logo-leftcorner",
            "meno",
            "mt-s",
            "none_edit",
            "p-explain",
            "page-shadow",
            "red",
            "required",
            "shadow",
            "show",
            "size-l",
            "size-s",
            "swich_btn",
            "title",
            "tj",
            "top",
            "trPerson",
            "trPublic",
            "ufoot"
          ],
          [
            "Beforehand",
            "action-area",
            "aspNetHidden",
            "aui_border",
            "aui_buttons",
            "aui_c",
            "aui_close",
            "aui_content",
            "aui_dialog",
            "aui_e",
            "aui_footer",
            "aui_header",
            "aui_icon",
            "aui_iconBg",
            "aui_inner",
            "aui_main",
            "aui_n",
            "aui_ne",
            "aui_nw",
            "aui_outer",
            "aui_s",
            "aui_se",
            "aui_sw",
            "aui_title",
            "aui_titleBar",
            "aui_w",
            "ax",
            "bar-code-rightcorner",
            "big-form",
            "btn",
            "clear",
            "col",
            "col-",
            "fileUpload",
            "font-lightgrey",
            "font-red",
            "font-xxl",
            "form-wrapper",
            "gb",
            "green",
            "grey",
            "labelwidth",
            "layout-data",
            "layout-form",
            "logo-leftcorner",
            "meno",
            "mt-s",
            "none_edit",
            "p-explain",
            "page-shadow",
            "red",
            "required",
            "shadow",
            "size-l",
            "size-s",
            "swich_btn",
            "title",
            "tj",
            "top",
            "trPerson",
            "trPublic",
            "ufoot"
          ],
          [
            "Beforehand",
            "action-area",
            "aspNetHidden",
            "aui_border",
            "aui_buttons",
            "aui_c",
            "aui_close",
            "aui_content",
            "aui_dialog",
            "aui_e",
            "aui_footer",
            "aui_header",
            "aui_icon",
            "aui_iconBg",
            "aui_inner",
            "aui_loading",
            "aui_main",
            "aui_n",
            "aui_ne",
            "aui_nw",
            "aui_outer",
            "aui_s",
            "aui_se",
            "aui_state_focus",
            "aui_sw",
            "aui_title",
            "aui_titleBar",
            "aui_w",
            "ax",
            "bar-code-rightcorner",
            "big-form",
            "btn",
            "clear",
            "col",
            "col-",
            "fileUpload",
            "font-lightgrey",
            "font-red",
            "font-xxl",
            "form-wrapper",
            "gb",
            "green",
            "grey",
            "labelwidth",
            "layout-data",
            "layout-form",
            "logo-leftcorner",
            "meno",
            "mt-s",
            "none_edit",
            "p-explain",
            "page-shadow",
            "red",
            "required",
            "shadow",
            "size-l",
            "size-s",
            "swich_btn",
            "title",
            "tj",
            "top",
            "trPerson",
            "trPublic",
            "ufoot"
          ]
        ]
      }
    },
    "page/tagTriplets": {
      "contexts": {
        "context11_mB0Nro": [
          [
            "-/-/DIV",
            "-/-/FORM",
            "-/-/IFRAME",
            "-/-/SCRIPT",
            "-/DIV/DIV",
            "-/DIV/IFRAME",
            "-/FORM/DIV",
            "-/FORM/INPUT-hidden",
            "-/FORM/SCRIPT",
            "-/FORM/SPAN",
            "DIV/DIV/A",
            "DIV/DIV/BR",
            "DIV/DIV/BUTTON",
            "DIV/DIV/DIV",
            "DIV/DIV/H1",
            "DIV/DIV/IMG",
            "DIV/DIV/INPUT-hidden",
            "DIV/DIV/INPUT-submit",
            "DIV/DIV/INPUT-text",
            "DIV/DIV/P",
            "DIV/DIV/SPAN",
            "DIV/DIV/TABLE",
            "DIV/H1/BR",
            "DIV/H1/SPAN",
            "DIV/P/BR",
            "DIV/P/STRONG",
            "DIV/SPAN/INPUT-file",
            "DIV/TABLE/TBODY",
            "DIV/TABLE/THEAD",
            "DIV/UL/LI",
            "FORM/DIV/BR",
            "FORM/DIV/BUTTON",
            "FORM/DIV/DIV",
            "FORM/DIV/INPUT-hidden",
            "FORM/DIV/SCRIPT",
            "FORM/DIV/SPAN",
            "FORM/DIV/TABLE",
            "FORM/DIV/UL",
            "LI/SPAN/A",
            "TABLE/TBODY/TR",
            "TABLE/THEAD/TR",
            "TBODY/TR/TD",
            "TBODY/TR/TH",
            "TD/DIV/A",
            "TD/DIV/DIV",
            "TD/DIV/TABLE",
            "TD/SPAN/INPUT-text",
            "TD/SPAN/LABEL",
            "TD/SPAN/TEXTAREA",
            "THEAD/TR/TH",
            "TR/TD/A",
            "TR/TD/BR",
            "TR/TD/DIV",
            "TR/TD/INPUT-hidden",
            "TR/TD/INPUT-text",
            "TR/TD/LABEL",
            "TR/TD/P",
            "TR/TD/SPAN",
            "TR/TD/TABLE",
            "TR/TD/TEXTAREA",
            "TR/TH/SPAN",
            "UL/LI/SPAN"
          ]
        ]
      }
    }
  }
}