{
  "version": "0.1",
  "id": "haveDoneLeaveApply",
  "targetURL": "http://172.16.11.61:8000/Forms/HR/XJSQ/View.aspx?ProcInstId=EE5E66380D5F5289",
  "jsFile": "index.js",
  "chineseName": "已办销假申请单",
  "description": "已办销假申请单",
  "firstPaintEnable": false,
  "controls": {
    "control449_rr2JMA": {
      "location": {
        "data": {
          "tagName": "H1"
        },
        "locators": [
          {
            "id": "@id/word",
            "prob": 2,
            "value": [
              "descendant::FORM[@id=\"aspnetForm\"]/DIV[3]/DIV[1]/H1[1]",
              "descendant::FORM[@id=\"aspnetForm\"]//H1"
            ]
          },
          {
            "id": "@class/word",
            "prob": 1,
            "value": "BODY.formPage DIV.big-form.page-shadow DIV.top H1"
          },
          {
            "id": "path/ordinal",
            "prob": 1,
            "value": "/HTML[1]/BODY[1]/FORM[1]/DIV[3]/DIV[1]/H1[1]"
          }
        ]
      },
      "events": {
        "onGetData": "getData_control449_rr2JMA"
      },
      "intendedRole": "custom",
      "roles": "element,custom",
      "ignoreVisibility": true,
      "monitored": true,
      "frameXPath": "",
      "componentType": "custom"
    },
    "control450_pzcqb6": {
      "location": {
        "data": {
          "tagName": "DIV"
        },
        "locators": [
          {
            "id": "@id/word",
            "prob": 3,
            "value": [
              "descendant::FORM[@id=\"aspnetForm\"]//DIV[@id=\"person_infor\"]",
              "descendant::DIV[@id=\"person_infor\"]"
            ]
          },
          {
            "id": "@class/word",
            "prob": 1,
            "value": "BODY.formPage DIV.big-form.page-shadow DIV.show"
          },
          {
            "id": "path/ordinal",
            "prob": 1,
            "value": "/HTML[1]/BODY[1]/FORM[1]/DIV[3]/DIV[5]"
          }
        ]
      },
      "events": {
        "onGetData": "getData_control450_pzcqb6"
      },
      "intendedRole": "custom",
      "roles": "element,custom",
      "ignoreVisibility": true,
      "monitored": true,
      "frameXPath": "",
      "componentType": "custom"
    },
    "control451_OoZF8m": {
      "location": {
        "data": {
          "tagName": "TABLE"
        },
        "locators": [
          {
            "id": "@id/word",
            "prob": 1,
            "value": [
              "descendant::FORM[@id=\"aspnetForm\"]/DIV[3]/DIV[9]/DIV[1]/TABLE[1]",
              "descendant::FORM[@id=\"aspnetForm\"]//TABLE"
            ]
          },
          {
            "id": "@class/word",
            "prob": 1,
            "ordinal": [
              0,
              2
            ],
            "value": "DIV.big-form.page-shadow DIV.form-wrapper TABLE.layout-form.col-3"
          },
          {
            "id": "path/ordinal",
            "prob": 1,
            "value": "/HTML[1]/BODY[1]/FORM[1]/DIV[3]/DIV[9]/DIV[1]/TABLE[1]"
          }
        ]
      },
      "events": {
        "onGetData": "getData_control451_OoZF8m"
      },
      "intendedRole": "custom",
      "roles": "element,custom",
      "ignoreVisibility": true,
      "monitored": true,
      "frameXPath": "",
      "componentType": "custom"
    },
    "control452_eZz1M5": {
      "location": {
        "data": {
          "tagName": "TABLE"
        },
        "locators": [
          {
            "id": "@id/word",
            "prob": 1,
            "value": [
              "descendant::FORM[@id=\"aspnetForm\"]/DIV[3]/DIV[9]/DIV[1]/TABLE[2]",
              "descendant::FORM[@id=\"aspnetForm\"]//TABLE"
            ]
          },
          {
            "id": "@class/word",
            "prob": 1,
            "value": "DIV.big-form.page-shadow DIV.form-wrapper TABLE.layout-data.layout-form"
          },
          {
            "id": "path/ordinal",
            "prob": 1,
            "value": "/HTML[1]/BODY[1]/FORM[1]/DIV[3]/DIV[9]/DIV[1]/TABLE[2]"
          }
        ]
      },
      "events": {
        "onGetData": "getData_control452_eZz1M5"
      },
      "intendedRole": "custom",
      "roles": "element,custom",
      "ignoreVisibility": true,
      "monitored": true,
      "frameXPath": "",
      "componentType": "custom"
    },
    "control453_gii1XB": {
      "location": {
        "data": {
          "tagName": "TABLE"
        },
        "locators": [
          {
            "id": "@id/word",
            "prob": 1,
            "value": [
              "descendant::FORM[@id=\"aspnetForm\"]/DIV[3]/DIV[9]/DIV[1]/TABLE[3]",
              "descendant::FORM[@id=\"aspnetForm\"]//TABLE"
            ]
          },
          {
            "id": "@class/word",
            "prob": 1,
            "ordinal": [
              1,
              2
            ],
            "value": "DIV.big-form.page-shadow DIV.form-wrapper TABLE.layout-form.col-3"
          },
          {
            "id": "path/ordinal",
            "prob": 1,
            "value": "/HTML[1]/BODY[1]/FORM[1]/DIV[3]/DIV[9]/DIV[1]/TABLE[3]"
          }
        ]
      },
      "events": {
        "onGetData": "getData_control453_gii1XB"
      },
      "intendedRole": "custom",
      "roles": "element,custom",
      "ignoreVisibility": true,
      "monitored": true,
      "frameXPath": "",
      "componentType": "custom"
    },
    "control454_b7xtwh": {
      "location": {
        "data": {
          "tagName": "TABLE"
        },
        "locators": [
          {
            "id": "@id/word",
            "prob": 2,
            "value": [
              "descendant::FORM[@id=\"aspnetForm\"]//DIV[@id=\"AppUsersDiv\"]/DIV[3]/TABLE[1]",
              "descendant::FORM[@id=\"aspnetForm\"]//DIV[@id=\"AppUsersDiv\"]//TABLE",
              "descendant::DIV[@id=\"AppUsersDiv\"]//TABLE"
            ]
          },
          {
            "id": "@class/word",
            "prob": 1,
            "ordinal": [
              4,
              5
            ],
            "value": "DIV.big-form.page-shadow DIV.form-wrapper TABLE.layout-form"
          },
          {
            "id": "path/ordinal",
            "prob": 1,
            "value": "/HTML[1]/BODY[1]/FORM[1]/DIV[3]/DIV[11]/DIV[3]/TABLE[1]"
          }
        ]
      },
      "events": {
        "onGetData": "getData_control454_b7xtwh"
      },
      "intendedRole": "custom",
      "roles": "element,custom",
      "ignoreVisibility": true,
      "monitored": true,
      "frameXPath": "",
      "componentType": "custom"
    },
    "control455_kV8nUc": {
      "location": {
        "data": {
          "tagName": "TABLE"
        },
        "locators": [
          {
            "id": "@id/word",
            "prob": 2,
            "value": [
              "descendant::FORM[@id=\"aspnetForm\"]/DIV[3]/TABLE[2]",
              "descendant::FORM[@id=\"aspnetForm\"]//TABLE"
            ]
          },
          {
            "id": "@class/word",
            "prob": 1,
            "ordinal": [
              2,
              4
            ],
            "value": "BODY.formPage DIV.big-form.page-shadow TABLE.layout-data"
          },
          {
            "id": "path/ordinal",
            "prob": 1,
            "value": "/HTML[1]/BODY[1]/FORM[1]/DIV[3]/TABLE[2]"
          }
        ]
      },
      "events": {
        "onGetData": "getData_control455_kV8nUc"
      },
      "intendedRole": "custom",
      "roles": "element,custom",
      "ignoreVisibility": true,
      "monitored": true,
      "frameXPath": "",
      "componentType": "custom"
    },
    "control456_uyJMAb": {
      "location": {
        "data": {
          "tagName": "TABLE"
        },
        "locators": [
          {
            "id": "@id/word",
            "prob": 2,
            "value": [
              "descendant::FORM[@id=\"aspnetForm\"]/DIV[3]/TABLE[3]",
              "descendant::FORM[@id=\"aspnetForm\"]//TABLE"
            ]
          },
          {
            "id": "@class/word",
            "prob": 1,
            "ordinal": [
              3,
              4
            ],
            "value": "BODY.formPage DIV.big-form.page-shadow TABLE.layout-data"
          },
          {
            "id": "path/ordinal",
            "prob": 1,
            "value": "/HTML[1]/BODY[1]/FORM[1]/DIV[3]/TABLE[3]"
          }
        ]
      },
      "events": {
        "onGetData": "getData_control456_uyJMAb"
      },
      "intendedRole": "custom",
      "roles": "element,custom",
      "ignoreVisibility": true,
      "monitored": true,
      "frameXPath": "",
      "componentType": "custom"
    },
    "control457_02mUCa": {
      "location": {
        "data": {
          "tagName": "A"
        },
        "locators": [
          {
            "id": "a/@href",
            "prob": 2,
            "ordinal": [
              1,
              2
            ],
            "value": {
              "funcName": "__doPostBack"
            }
          },
          {
            "id": "@class/word",
            "prob": 1,
            "value": "DIV.ufoot UL.ax LI.gb SPAN A"
          },
          {
            "id": "path/ordinal",
            "prob": 1,
            "value": "/HTML[1]/BODY[1]/FORM[1]/DIV[5]/UL[1]/LI[2]/SPAN[1]/A[1]"
          },
          {
            "id": "elderLevel",
            "value": {
              "level": 0
            }
          }
        ]
      },
      "events": {
        "onGetData": "getData_control457_02mUCa"
      },
      "intendedRole": "custom",
      "roles": "element,link,custom",
      "ignoreVisibility": true,
      "monitored": true,
      "frameXPath": "",
      "componentType": "custom"
    }
  },
  "contexts": {
    "context53_6DUmSg": {
      "controls": [
        "control449_rr2JMA",
        "control450_pzcqb6",
        "control451_OoZF8m",
        "control452_eZz1M5",
        "control453_gii1XB",
        "control454_b7xtwh",
        "control455_kV8nUc",
        "control456_uyJMAb",
        "control457_02mUCa"
      ],
      "anchors": [],
      "urlAnchor": [
        "http:\\/\\/172\\.16\\.11\\.61:8000\\/Forms\\/HR\\/XJSQ\\/View\\.aspx"
      ]
    }
  },
  "flows": {
    "flow114_I3Wl2o": {
      "toContexts": [
        {
          "toContextId": "context53_6DUmSg"
        }
      ]
    }
  },
  "pages": {
    "page53_g2PeWV": {
      "contextId": "context53_6DUmSg",
      "layout": [
        {
          "id": "uiControl449_7ubO5z",
          "controlId": "control449_rr2JMA",
          "display": {
            "adapterId": "custom",
            "type": "custom",
            "adapter": {
              "templateType": "react",
              "events": {
                "onDoAction": "doAction_uiControl449_7ubO5z",
                "onGetTemplate": "getTemplate_uiControl449_7ubO5z"
              }
            }
          }
        },
        {
          "id": "uiControl450_Wqr6Lo",
          "controlId": "control450_pzcqb6",
          "display": {
            "adapterId": "custom",
            "type": "custom",
            "adapter": {
              "templateType": "react",
              "events": {
                "onDoAction": "doAction_uiControl450_Wqr6Lo",
                "onGetTemplate": "getTemplate_uiControl450_Wqr6Lo"
              }
            }
          }
        },
        {
          "id": "uiControl451_d0aGB3",
          "controlId": "control451_OoZF8m",
          "display": {
            "adapterId": "custom",
            "type": "custom",
            "adapter": {
              "templateType": "react",
              "events": {
                "onDoAction": "doAction_uiControl451_d0aGB3",
                "onGetTemplate": "getTemplate_uiControl451_d0aGB3"
              }
            }
          }
        },
        {
          "id": "uiControl452_SFvl9p",
          "controlId": "control452_eZz1M5",
          "display": {
            "adapterId": "custom",
            "type": "custom",
            "adapter": {
              "templateType": "react",
              "events": {
                "onDoAction": "doAction_uiControl452_SFvl9p",
                "onGetTemplate": "getTemplate_uiControl452_SFvl9p"
              }
            }
          }
        },
        {
          "id": "uiControl453_fAlTOp",
          "controlId": "control453_gii1XB",
          "display": {
            "adapterId": "custom",
            "type": "custom",
            "adapter": {
              "templateType": "react",
              "events": {
                "onDoAction": "doAction_uiControl453_fAlTOp",
                "onGetTemplate": "getTemplate_uiControl453_fAlTOp"
              }
            }
          }
        },
        {
          "id": "uiControl454_6VgeJo",
          "controlId": "control454_b7xtwh",
          "display": {
            "adapterId": "custom",
            "type": "custom",
            "adapter": {
              "templateType": "react",
              "events": {
                "onDoAction": "doAction_uiControl454_6VgeJo",
                "onGetTemplate": "getTemplate_uiControl454_6VgeJo"
              }
            }
          }
        },
        {
          "id": "uiControl455_vFwrNB",
          "controlId": "control455_kV8nUc",
          "display": {
            "adapterId": "custom",
            "type": "custom",
            "adapter": {
              "templateType": "react",
              "events": {
                "onDoAction": "doAction_uiControl455_vFwrNB",
                "onGetTemplate": "getTemplate_uiControl455_vFwrNB"
              }
            }
          }
        },
        {
          "id": "uiControl456_Vz8XJG",
          "controlId": "control456_uyJMAb",
          "display": {
            "adapterId": "custom",
            "type": "custom",
            "adapter": {
              "templateType": "react",
              "events": {
                "onDoAction": "doAction_uiControl456_Vz8XJG",
                "onGetTemplate": "getTemplate_uiControl456_Vz8XJG"
              }
            }
          }
        },
        {
          "id": "uiControl457_xgmOmt",
          "controlId": "control457_02mUCa",
          "display": {
            "adapterId": "custom",
            "type": "custom",
            "adapter": {
              "templateType": "react",
              "events": {
                "onDoAction": "doAction_uiControl457_xgmOmt",
                "onGetTemplate": "getTemplate_uiControl457_xgmOmt"
              }
            }
          }
        }
      ]
    }
  },
  "matchers": {
    "page/title": {
      "contexts": {
        "context53_6DUmSg": [
          "销假流程-查看页面"
        ]
      }
    },
    "page/urls": {
      "contexts": {
        "context53_6DUmSg": [
          "172.16.11.61:8000/Forms/HR/XJSQ/View.aspx?ProcInstId=EE5E66380D5F5289"
        ]
      }
    },
    "page/ids": {
      "contexts": {
        "context53_6DUmSg": [
          [
            "AppUsersDiv",
            "__EVENTARGUMENT",
            "__EVENTTARGET",
            "__SCROLLPOSITIONX",
            "__SCROLLPOSITIONY",
            "__VIEWSTATE",
            "aspnetForm",
            "btnAddLink",
            "btnFileUpload",
            "ctl_Attachment_fileUpload",
            "ctl_Attachment_hfActivityName",
            "ctl_Attachment_hfGuid",
            "ctl_Attachment_hfIsStart",
            "ctl_Attachment_hfUserLoginName",
            "ctl_Header_hidFlag",
            "ctl_Header_txtCompanyName",
            "ctl_Header_txtDate",
            "ctl_Header_txtDepartName",
            "ctl_Header_txtEmail",
            "ctl_Header_txtPhone",
            "ctl_Header_txtUserName",
            "ctl_LinkedProcInst_hfGuid",
            "ctl_LinkedProcInst_hfStart",
            "ctl_LinkedProcInst_hfUserLoginName",
            "ctl_contentActionBar_ActionBar_Action",
            "ctl_contentActionBar_ActionBar_ActionName",
            "ctl_contentActionBar_ActionBar_AddApprover",
            "ctl_contentActionBar_ActionBar_AddApproverName",
            "ctl_contentActionBar_ActionBar_GotoActivityName",
            "ctl_contentActionBar_ActionBar_IsReturnBack",
            "ctl_contentActionBar_ActionBar_Print",
            "ctl_contentActionBar_ActionBar_UserAction",
            "ctl_contentActionBar_ActionBar_btnAddApprover",
            "ctl_contentActionBar_ActionBar_btnClose",
            "ctl_contentActionBar_ActionBar_btnInform",
            "ctl_contentActionBar_ActionBar_btnPrint",
            "ctl_contentActionBar_ActionBar_btnRedirect",
            "ctl_contentActionBar_ActionBar_hidJBAffirm",
            "ctl_contentForm_DivKaoQin",
            "ctl_contentForm_P",
            "ctl_contentForm_hidLeaveProcInstID",
            "ctl_contentForm_rptDetail_ctl_hidId",
            "ctl_contentForm_txt_ApplicantCode",
            "ctl_contentForm_txt_ApplicantDeptCode",
            "ctl_contentForm_txt_ApplicantDeptName",
            "ctl_contentForm_txt_ApplicantName",
            "ctl_contentForm_txt_ApplicantPositionCode",
            "ctl_contentForm_txt_ApplicantPositionName",
            "ctl_contentForm_txt_LeaveCode",
            "ctl_contentForm_txt_LeaveTypeText",
            "ctl_contentForm_txt_LeaveTypeValue",
            "ctl_contentForm_txt_Remark",
            "ctl_contentForm_txt_TimekeeperCode",
            "ctl_contentForm_txt_TimekeeperName",
            "ctl_contentForm_txt_WorkTimeType",
            "filePanel",
            "person_infor",
            "person_infor_trigger",
            "tb_AttachmentList",
            "tb_List",
            "uploadDiv"
          ]
        ]
      }
    },
    "page/classes": {
      "contexts": {
        "context53_6DUmSg": [
          [
            "aui_border",
            "aui_buttons",
            "aui_c",
            "aui_close",
            "aui_content",
            "aui_dialog",
            "aui_e",
            "aui_footer",
            "aui_header",
            "aui_icon",
            "aui_iconBg",
            "aui_inner",
            "aui_main",
            "aui_n",
            "aui_ne",
            "aui_nw",
            "aui_outer",
            "aui_s",
            "aui_se",
            "aui_sw",
            "aui_title",
            "aui_titleBar",
            "aui_w",
            "ax",
            "bar-code-rightcorner",
            "big-form",
            "btn",
            "clear",
            "col",
            "col-",
            "fileUpload",
            "font-lightgrey",
            "font-red",
            "font-xxl",
            "form-wrapper",
            "gb",
            "icon-cloud-download",
            "icon-paper-clip",
            "layout-data",
            "layout-form",
            "logo-leftcorner",
            "mt-s",
            "none_edit",
            "p-explain",
            "page-shadow",
            "red",
            "size-s",
            "swich_btn",
            "title",
            "tj",
            "top",
            "ufoot"
          ],
          [
            "active",
            "aui_border",
            "aui_buttons",
            "aui_c",
            "aui_close",
            "aui_content",
            "aui_dialog",
            "aui_e",
            "aui_footer",
            "aui_header",
            "aui_icon",
            "aui_iconBg",
            "aui_inner",
            "aui_main",
            "aui_n",
            "aui_ne",
            "aui_nw",
            "aui_outer",
            "aui_s",
            "aui_se",
            "aui_sw",
            "aui_title",
            "aui_titleBar",
            "aui_w",
            "ax",
            "bar-code-rightcorner",
            "big-form",
            "btn",
            "clear",
            "col",
            "col-",
            "fileUpload",
            "font-lightgrey",
            "font-red",
            "font-xxl",
            "form-wrapper",
            "gb",
            "icon-cloud-download",
            "icon-paper-clip",
            "layout-data",
            "layout-form",
            "logo-leftcorner",
            "mt-s",
            "none_edit",
            "p-explain",
            "page-shadow",
            "red",
            "show",
            "size-s",
            "swich_btn",
            "title",
            "tj",
            "top",
            "ufoot"
          ]
        ]
      }
    },
    "page/tagTriplets": {
      "contexts": {
        "context53_6DUmSg": [
          [
            "-/-/DIV",
            "-/-/FORM",
            "-/-/SCRIPT",
            "-/DIV/DIV",
            "-/FORM/DIV",
            "-/FORM/SCRIPT",
            "DIV/DIV/A",
            "DIV/DIV/BR",
            "DIV/DIV/BUTTON",
            "DIV/DIV/DIV",
            "DIV/DIV/H1",
            "DIV/DIV/IMG",
            "DIV/DIV/INPUT-hidden",
            "DIV/DIV/INPUT-submit",
            "DIV/DIV/INPUT-text",
            "DIV/DIV/P",
            "DIV/DIV/SPAN",
            "DIV/DIV/TABLE",
            "DIV/H1/BR",
            "DIV/H1/SPAN",
            "DIV/P/BR",
            "DIV/P/STRONG",
            "DIV/SPAN/INPUT-file",
            "DIV/SPAN/INPUT-hidden",
            "DIV/TABLE/TBODY",
            "DIV/TABLE/THEAD",
            "DIV/UL/LI",
            "FORM/DIV/BR",
            "FORM/DIV/BUTTON",
            "FORM/DIV/DIV",
            "FORM/DIV/INPUT-hidden",
            "FORM/DIV/SCRIPT",
            "FORM/DIV/SPAN",
            "FORM/DIV/TABLE",
            "FORM/DIV/UL",
            "LI/SPAN/A",
            "TABLE/TBODY/TR",
            "TABLE/THEAD/TR",
            "TBODY/TR/TD",
            "TBODY/TR/TH",
            "TD/A/I",
            "TD/DIV/A",
            "TD/DIV/DIV",
            "TD/DIV/TABLE",
            "TD/LABEL/BR",
            "TD/LABEL/SPAN",
            "TD/TABLE/TBODY",
            "THEAD/TR/TH",
            "TR/TD/A",
            "TR/TD/DIV",
            "TR/TD/I",
            "TR/TD/IMG",
            "TR/TD/INPUT-hidden",
            "TR/TD/INPUT-text",
            "TR/TD/LABEL",
            "TR/TD/SPAN",
            "TR/TD/TABLE",
            "TR/TD/TEXTAREA",
            "UL/LI/SPAN"
          ]
        ]
      }
    }
  }
}