{
  "version": "0.1",
  "id": "Quit",
  "targetURL": "http://172.16.11.61:8000/Forms/HR/LZSQ/Processing.aspx?SN=C53D580835BD09479962B965F4D5FE73&Guid=19fb40fd-f1ce-4b38-841a-1c7ac83b2f85",
  "jsFile": "index.js",
  "requires": {
    "leave": "../leave/index.json"
  },
  "chineseName": "待办离职申请单",
  "description": "",
  "firstPaintEnable": false,
  "controls": {
    "control11_kkWV9f": {
      "location": {
        "data": {
          "tagName": "TABLE"
        },
        "userData": {
          "data": [],
          "force": false
        },
        "locators": [
          {
            "id": "@id/word",
            "prob": 2,
            "value": [
              "descendant::FORM[@id=\"aspnetForm\"]/DIV[3]/DIV[25]/TABLE[1]",
              "descendant::FORM[@id=\"aspnetForm\"]//TABLE"
            ]
          },
          {
            "id": "@class/word",
            "prob": 1,
            "ordinal": [
              3,
              4
            ],
            "value": "DIV.big-form.page-shadow DIV.form-wrapper TABLE.layout-form"
          },
          {
            "id": "path/ordinal",
            "prob": 1,
            "value": "/HTML[1]/BODY[1]/FORM[1]/DIV[3]/DIV[25]/TABLE[1]"
          }
        ]
      },
      "events": {
        "onGetData": "getData_control11_kkWV9f"
      },
      "intendedRole": "custom",
      "roles": "element,custom",
      "monitored": true,
      "frameXPath": "",
      "componentType": "custom"
    },
    "control13_u3mRqw": {
      "location": {
        "data": {
          "tagName": "H1"
        },
        "userData": {
          "data": [],
          "force": false
        },
        "locators": [
          {
            "id": "@id/word",
            "prob": 2,
            "value": [
              "descendant::FORM[@id=\"aspnetForm\"]/DIV[3]/DIV[1]/H1[1]",
              "descendant::FORM[@id=\"aspnetForm\"]//H1"
            ]
          },
          {
            "id": "@class/word",
            "prob": 1,
            "value": "DIV.big-form.page-shadow DIV.top H1"
          },
          {
            "id": "path/ordinal",
            "prob": 1,
            "value": "/HTML[1]/BODY[1]/FORM[1]/DIV[3]/DIV[1]/H1[1]"
          }
        ]
      },
      "events": {
        "onGetData": "getData_control13_u3mRqw"
      },
      "intendedRole": "custom",
      "roles": "element,custom",
      "monitored": false,
      "frameXPath": "",
      "componentType": "custom"
    },
    "control7_I7k9cQ": {
      "location": {
        "data": {
          "tagName": "TABLE"
        },
        "userData": {
          "data": [],
          "force": false
        },
        "locators": [
          {
            "id": "@id/word",
            "prob": 2,
            "value": [
              "descendant::FORM[@id=\"aspnetForm\"]//DIV[@id=\"person_infor\"]/DIV[2]/TABLE[1]",
              "descendant::FORM[@id=\"aspnetForm\"]//DIV[@id=\"person_infor\"]//TABLE",
              "descendant::DIV[@id=\"person_infor\"]//TABLE"
            ]
          },
          {
            "id": "path/ordinal",
            "prob": 1,
            "value": "/HTML[1]/BODY[1]/FORM[1]/DIV[3]/DIV[5]/DIV[2]/TABLE[1]"
          }
        ]
      },
      "events": {
        "onGetData": "getData_control7_I7k9cQ"
      },
      "intendedRole": "custom",
      "roles": "element,custom",
      "ignoreVisibility": true,
      "monitored": true,
      "frameXPath": "",
      "componentType": "custom"
    },
    "control9_wKICHL": {
      "location": {
        "data": {
          "tagName": "TABLE"
        },
        "userData": {
          "data": [],
          "force": false
        },
        "locators": [
          {
            "id": "@id/word",
            "prob": 2,
            "value": [
              "descendant::FORM[@id=\"aspnetForm\"]/DIV[3]/TABLE[2]",
              "descendant::FORM[@id=\"aspnetForm\"]//TABLE"
            ]
          },
          {
            "id": "@class/word",
            "prob": 1,
            "ordinal": [
              1,
              3
            ],
            "value": "DIV.big-form.page-shadow TABLE.layout-data"
          },
          {
            "id": "path/ordinal",
            "prob": 1,
            "value": "/HTML[1]/BODY[1]/FORM[1]/DIV[3]/TABLE[2]"
          }
        ]
      },
      "events": {
        "onGetData": "getData_control9_wKICHL"
      },
      "intendedRole": "custom",
      "roles": "element,custom",
      "ignoreVisibility": true,
      "monitored": true,
      "frameXPath": "",
      "componentType": "custom"
    },
    "control10_XeOdQl": {
      "location": {
        "data": {
          "tagName": "TABLE"
        },
        "userData": {
          "data": [],
          "force": false
        },
        "locators": [
          {
            "id": "@class/word",
            "prob": 1,
            "value": "DIV.big-form.page-shadow DIV.form-wrapper TABLE.layout-form.col-3"
          },
          {
            "id": "path/ordinal",
            "prob": 1,
            "value": "/HTML[1]/BODY[1]/FORM[1]/DIV[3]/DIV[9]/DIV[1]/DIV[1]/TABLE[1]"
          }
        ]
      },
      "events": {
        "onGetData": "getData_control10_XeOdQl"
      },
      "intendedRole": "custom",
      "roles": "element,custom",
      "ignoreVisibility": true,
      "monitored": true,
      "frameXPath": "",
      "componentType": "custom"
    },
    "control26_KUP7Qu": {
      "location": {
        "data": {
          "tagName": "TABLE"
        },
        "userData": {
          "data": [],
          "force": false
        },
        "locators": [
          {
            "id": "@id/word",
            "prob": 2,
            "value": [
              "descendant::FORM[@id=\"aspnetForm\"]/DIV[3]/TABLE[3]",
              "descendant::FORM[@id=\"aspnetForm\"]//TABLE"
            ]
          },
          {
            "id": "@class/word",
            "prob": 1,
            "ordinal": [
              2,
              3
            ],
            "value": "DIV.big-form.page-shadow TABLE.layout-data"
          },
          {
            "id": "path/ordinal",
            "prob": 1,
            "value": "/HTML[1]/BODY[1]/FORM[1]/DIV[3]/TABLE[3]"
          }
        ]
      },
      "events": {
        "onGetData": "getData_control26_KUP7Qu"
      },
      "intendedRole": "custom",
      "roles": "element,custom",
      "ignoreVisibility": true,
      "monitored": true,
      "frameXPath": "",
      "componentType": "custom"
    },
    "control27_cQRcmJ": {
      "location": {
        "data": {
          "tagName": "UL"
        },
        "userData": {
          "data": [],
          "force": false
        },
        "locators": [
          {
            "id": "@id/word",
            "prob": 2,
            "value": [
              "descendant::FORM[@id=\"aspnetForm\"]/DIV[5]/UL[1]",
              "descendant::FORM[@id=\"aspnetForm\"]//UL"
            ]
          },
          {
            "id": "@class/word",
            "prob": 1,
            "value": "DIV.ufoot UL.ax"
          },
          {
            "id": "path/ordinal",
            "prob": 1,
            "value": "/HTML[1]/BODY[1]/FORM[1]/DIV[5]/UL[1]"
          }
        ]
      },
      "events": {
        "onGetData": "getData_control27_cQRcmJ"
      },
      "intendedRole": "custom",
      "roles": "element,custom",
      "monitored": false,
      "frameXPath": "",
      "componentType": "custom"
    }
  },
  "contexts": {
    "context3_h3SngD": {
      "controls": [
        "control11_kkWV9f",
        "control13_u3mRqw",
        "control7_I7k9cQ",
        "control9_wKICHL",
        "control10_XeOdQl",
        "control26_KUP7Qu",
        "control27_cQRcmJ"
      ],
      "anchors": [],
      "urlAnchor": [
        "http:\\/\\/172\\.16\\.11\\.61:8000\\/Forms\\/HR\\/LZSQ\\/Processing\\.aspx\\?.*"
      ]
    }
  },
  "flows": {
    "flow4_UqfOmp": {
      "toContexts": [
        {
          "toContextId": "context3_h3SngD"
        },
        {
          "toContextId": "context4_nyVhNa",
          "toModelId": "leave"
        }
      ]
    },
    "flow5_KB0Igf": {
      "fromContextId": "context3_h3SngD",
      "fromAction": "doAction",
      "fromControlId": "control11_kkWV9f",
      "toContexts": [
        {
          "toContextId": "context3_h3SngD"
        }
      ]
    },
    "flow14_VsP1SC": {
      "fromContextId": "context3_h3SngD",
      "fromAction": "doAction",
      "fromControlId": "control9_wKICHL",
      "toContexts": [
        {
          "toContextId": "context3_h3SngD"
        }
      ]
    }
  },
  "pages": {
    "page3_nFtJI4": {
      "contextId": "context3_h3SngD",
      "layout": [
        {
          "id": "uiControl13_H72xN2",
          "controlId": "control13_u3mRqw",
          "display": {
            "adapterId": "custom",
            "type": "custom",
            "adapter": {
              "templateType": "react",
              "events": {
                "onDoAction": "doAction_uiControl13_H72xN2",
                "onGetTemplate": "getTemplate_uiControl13_H72xN2"
              }
            }
          }
        },
        {
          "id": "uiControl7_Hg3Rbf",
          "controlId": "control7_I7k9cQ",
          "display": {
            "adapterId": "custom",
            "type": "custom",
            "adapter": {
              "templateType": "react",
              "events": {
                "onDoAction": "doAction_uiControl7_Hg3Rbf",
                "onGetTemplate": "getTemplate_uiControl7_Hg3Rbf"
              }
            }
          }
        },
        {
          "id": "uiControl10_0xef1w",
          "controlId": "control10_XeOdQl",
          "display": {
            "adapterId": "custom",
            "type": "custom",
            "adapter": {
              "templateType": "react",
              "events": {
                "onDoAction": "doAction_uiControl10_0xef1w",
                "onGetTemplate": "getTemplate_uiControl10_0xef1w"
              }
            }
          }
        },
        {
          "id": "uiControl9_CsTPO6",
          "controlId": "control9_wKICHL",
          "display": {
            "adapterId": "custom",
            "type": "custom",
            "adapter": {
              "templateType": "react",
              "events": {
                "onDoAction": "doAction_uiControl9_CsTPO6",
                "onGetTemplate": "getTemplate_uiControl9_CsTPO6"
              }
            }
          }
        },
        {
          "id": "uiControl26_ogUUDz",
          "controlId": "control26_KUP7Qu",
          "display": {
            "adapterId": "custom",
            "type": "custom",
            "adapter": {
              "templateType": "react",
              "events": {
                "onDoAction": "doAction_uiControl26_ogUUDz",
                "onGetTemplate": "getTemplate_uiControl26_ogUUDz"
              }
            }
          }
        },
        {
          "id": "uiControl11_VRrTPg",
          "controlId": "control11_kkWV9f",
          "display": {
            "adapterId": "custom",
            "type": "custom",
            "adapter": {
              "templateType": "react",
              "events": {
                "onDoAction": "doAction_uiControl11_VRrTPg",
                "onGetTemplate": "getTemplate_uiControl11_VRrTPg"
              }
            }
          }
        },
        {
          "id": "uiControl27_gEBTQC",
          "controlId": "control27_cQRcmJ",
          "display": {
            "adapterId": "custom",
            "type": "custom",
            "adapter": {
              "templateType": "react",
              "events": {
                "onDoAction": "doAction_uiControl27_gEBTQC",
                "onGetTemplate": "getTemplate_uiControl27_gEBTQC"
              }
            }
          }
        }
      ]
    }
  },
  "matchers": {
    "page/title": {
      "contexts": {
        "context3_h3SngD": [
          "离职申请单 - 审批页"
        ]
      }
    },
    "page/urls": {
      "contexts": {
        "context3_h3SngD": [
          "172.16.11.61:8000/Forms/HR/LZSQ/Processing.aspx?SN=C53D580835BD09479962B965F4D5FE73&Guid=19fb40fd-f1ce-4b38-841a-1c7ac83b2f85",
          "172.16.11.61:8000/Forms/HR/LZSQ/Processing.aspx?SN=AB02A47B29FA53C9D1F0D853E7D1DCB5&Guid=092aea0f-18b6-422f-abfb-6bf1e9ca22e6",
          "172.16.11.61:8000/Forms/HR/LZSQ/Processing.aspx?SN=4748A2B89EA2B5AE477D01D7DF7CA091&Guid=fd3afd50-ad44-4134-bbf9-840b03e21adb"
        ]
      }
    },
    "page/ids": {
      "contexts": {
        "context3_h3SngD": [
          [
            "AppUsersDiv",
            "__EVENTARGUMENT",
            "__EVENTTARGET",
            "__SCROLLPOSITIONX",
            "__SCROLLPOSITIONY",
            "__VIEWSTATE",
            "_myDP",
            "approveMemo",
            "aspnetForm",
            "btnAddLink",
            "btnFileUpload",
            "ctl_ActionBar_Action",
            "ctl_ActionBar_ActionName",
            "ctl_ActionBar_AddApproval",
            "ctl_ActionBar_AddApprover",
            "ctl_ActionBar_AddApproverName",
            "ctl_ActionBar_Approval",
            "ctl_ActionBar_GotoActivityName",
            "ctl_ActionBar_IsReturnBack",
            "ctl_ActionBar_Reject",
            "ctl_ActionBar_UserAction",
            "ctl_ActionBar_WorkFlow",
            "ctl_ActionBar_btnAddApprover",
            "ctl_ActionBar_btnApprove",
            "ctl_ActionBar_btnClose",
            "ctl_ActionBar_btnInform",
            "ctl_ActionBar_btnRedirect",
            "ctl_ActionBar_btnReject",
            "ctl_ActionBar_btnWorkFlow",
            "ctl_ActionBar_hidJBAffirm",
            "ctl_ApproveControl_lblActivityName",
            "ctl_ApproveControl_txtMemo",
            "ctl_Attachment_fileUpload",
            "ctl_Attachment_hfActivityName",
            "ctl_Attachment_hfGuid",
            "ctl_Attachment_hfIsStart",
            "ctl_Attachment_hfUserLoginName",
            "ctl_Header_hidFlag",
            "ctl_Header_txtCompanyName",
            "ctl_Header_txtDate",
            "ctl_Header_txtDepartName",
            "ctl_Header_txtEmail",
            "ctl_Header_txtPhone",
            "ctl_Header_txtUserName",
            "ctl_LinkedProcInst_hfGuid",
            "ctl_LinkedProcInst_hfStart",
            "ctl_LinkedProcInst_hfUserLoginName",
            "ctl_btnSubmit",
            "ctl_contentForm_P",
            "ctl_contentForm_UpdatePanel",
            "ctl_contentForm_txt_ApplicationCode",
            "ctl_contentForm_txt_ApplicationCommpany",
            "ctl_contentForm_txt_ApplicationDept",
            "ctl_contentForm_txt_ApplicationName",
            "ctl_contentForm_txt_ApplicationPost",
            "ctl_contentForm_txt_DimissionDatePlan",
            "ctl_contentForm_txt_DimissionExplain",
            "ctl_contentForm_txt_DimissionResult",
            "ctl_contentForm_txt_DimissionResultCode",
            "ctl_contentForm_txt_DimissionType",
            "ctl_contentForm_txt_DimissionTypeCode",
            "ctl_contentForm_txt_EntryDate",
            "ctl_contentForm_txt_LeaveType",
            "fileAttachment",
            "filePanel",
            "file_upload_form",
            "hdActivityName",
            "hdGuid",
            "hdUserLoginName",
            "person_infor",
            "person_infor_trigger",
            "tb_AttachmentList",
            "tb_List",
            "uploadDiv",
            "upload_target"
          ],
          [
            "AppUsersDiv",
            "__EVENTARGUMENT",
            "__EVENTTARGET",
            "__SCROLLPOSITIONX",
            "__SCROLLPOSITIONY",
            "__VIEWSTATE",
            "_myDP",
            "approveMemo",
            "aspnetForm",
            "btnAddLink",
            "btnFileUpload",
            "ctl_ActionBar_Action",
            "ctl_ActionBar_ActionName",
            "ctl_ActionBar_AddApprover",
            "ctl_ActionBar_AddApproverName",
            "ctl_ActionBar_Approval",
            "ctl_ActionBar_GotoActivityName",
            "ctl_ActionBar_IsReturnBack",
            "ctl_ActionBar_UserAction",
            "ctl_ActionBar_WorkFlow",
            "ctl_ActionBar_btnAddApprover",
            "ctl_ActionBar_btnApprove",
            "ctl_ActionBar_btnClose",
            "ctl_ActionBar_btnInform",
            "ctl_ActionBar_btnRedirect",
            "ctl_ActionBar_btnWorkFlow",
            "ctl_ActionBar_hidJBAffirm",
            "ctl_ApproveControl_lblActivityName",
            "ctl_ApproveControl_txtMemo",
            "ctl_Attachment_fileUpload",
            "ctl_Attachment_hfActivityName",
            "ctl_Attachment_hfGuid",
            "ctl_Attachment_hfIsStart",
            "ctl_Attachment_hfUserLoginName",
            "ctl_Header_hidFlag",
            "ctl_Header_txtCompanyName",
            "ctl_Header_txtDate",
            "ctl_Header_txtDepartName",
            "ctl_Header_txtEmail",
            "ctl_Header_txtPhone",
            "ctl_Header_txtUserName",
            "ctl_LinkedProcInst_hfGuid",
            "ctl_LinkedProcInst_hfStart",
            "ctl_LinkedProcInst_hfUserLoginName",
            "ctl_btnSubmit",
            "ctl_contentForm_P",
            "ctl_contentForm_UpdatePanel",
            "ctl_contentForm_txt_ApplicationCode",
            "ctl_contentForm_txt_ApplicationCommpany",
            "ctl_contentForm_txt_ApplicationDept",
            "ctl_contentForm_txt_ApplicationName",
            "ctl_contentForm_txt_ApplicationPost",
            "ctl_contentForm_txt_DimissionDatePlan",
            "ctl_contentForm_txt_DimissionExplain",
            "ctl_contentForm_txt_DimissionResult",
            "ctl_contentForm_txt_DimissionResultCode",
            "ctl_contentForm_txt_DimissionType",
            "ctl_contentForm_txt_DimissionTypeCode",
            "ctl_contentForm_txt_EntryDate",
            "ctl_contentForm_txt_LeaveType",
            "fileAttachment",
            "filePanel",
            "file_upload_form",
            "hdActivityName",
            "hdGuid",
            "hdUserLoginName",
            "person_infor",
            "person_infor_trigger",
            "tb_AttachmentList",
            "tb_List",
            "uploadDiv",
            "upload_target"
          ]
        ]
      }
    },
    "page/classes": {
      "contexts": {
        "context3_h3SngD": [
          [
            "Wdate",
            "action-area",
            "aui_border",
            "aui_buttons",
            "aui_c",
            "aui_close",
            "aui_content",
            "aui_dialog",
            "aui_e",
            "aui_footer",
            "aui_header",
            "aui_icon",
            "aui_iconBg",
            "aui_inner",
            "aui_main",
            "aui_n",
            "aui_ne",
            "aui_nw",
            "aui_outer",
            "aui_s",
            "aui_se",
            "aui_sw",
            "aui_title",
            "aui_titleBar",
            "aui_w",
            "ax",
            "bar-code-rightcorner",
            "big-form",
            "btn",
            "clear",
            "col",
            "col-",
            "del",
            "fileUpload",
            "font-lightgrey",
            "font-red",
            "font-xxl",
            "form-wrapper",
            "gb",
            "green",
            "grey",
            "icon-cloud-download",
            "icon-paper-clip",
            "icon-trash",
            "layout-data",
            "layout-form",
            "logo-leftcorner",
            "meno",
            "mt-s",
            "none_edit",
            "p-explain",
            "page-shadow",
            "pz",
            "red",
            "shadow",
            "size-l",
            "size-s",
            "swich_btn",
            "title",
            "tj",
            "top",
            "ufoot"
          ],
          [
            "Wdate",
            "action-area",
            "active",
            "aui_border",
            "aui_buttons",
            "aui_c",
            "aui_close",
            "aui_content",
            "aui_dialog",
            "aui_e",
            "aui_footer",
            "aui_header",
            "aui_icon",
            "aui_iconBg",
            "aui_inner",
            "aui_main",
            "aui_n",
            "aui_ne",
            "aui_nw",
            "aui_outer",
            "aui_s",
            "aui_se",
            "aui_sw",
            "aui_title",
            "aui_titleBar",
            "aui_w",
            "ax",
            "bar-code-rightcorner",
            "big-form",
            "btn",
            "clear",
            "col",
            "col-",
            "del",
            "fileUpload",
            "font-lightgrey",
            "font-red",
            "font-xxl",
            "form-wrapper",
            "gb",
            "green",
            "grey",
            "icon-cloud-download",
            "icon-paper-clip",
            "icon-trash",
            "layout-data",
            "layout-form",
            "logo-leftcorner",
            "meno",
            "mt-s",
            "none_edit",
            "p-explain",
            "page-shadow",
            "pz",
            "red",
            "shadow",
            "show",
            "size-l",
            "size-s",
            "swich_btn",
            "title",
            "tj",
            "top",
            "ufoot"
          ],
          [
            "Wdate",
            "action-area",
            "active",
            "aui_border",
            "aui_buttons",
            "aui_c",
            "aui_close",
            "aui_content",
            "aui_dialog",
            "aui_e",
            "aui_footer",
            "aui_header",
            "aui_icon",
            "aui_iconBg",
            "aui_inner",
            "aui_loading",
            "aui_main",
            "aui_n",
            "aui_ne",
            "aui_nw",
            "aui_outer",
            "aui_s",
            "aui_se",
            "aui_state_focus",
            "aui_sw",
            "aui_title",
            "aui_titleBar",
            "aui_w",
            "ax",
            "bar-code-rightcorner",
            "big-form",
            "btn",
            "clear",
            "col",
            "col-",
            "del",
            "fileUpload",
            "font-lightgrey",
            "font-red",
            "font-xxl",
            "form-wrapper",
            "gb",
            "green",
            "grey",
            "icon-cloud-download",
            "icon-paper-clip",
            "icon-trash",
            "layout-data",
            "layout-form",
            "logo-leftcorner",
            "meno",
            "mt-s",
            "none_edit",
            "p-explain",
            "page-shadow",
            "pz",
            "red",
            "shadow",
            "show",
            "size-l",
            "size-s",
            "swich_btn",
            "title",
            "tj",
            "top",
            "ufoot"
          ],
          [
            "Wdate",
            "action-area",
            "active",
            "aui_border",
            "aui_buttons",
            "aui_c",
            "aui_close",
            "aui_content",
            "aui_dialog",
            "aui_e",
            "aui_footer",
            "aui_header",
            "aui_icon",
            "aui_iconBg",
            "aui_inner",
            "aui_loading",
            "aui_main",
            "aui_n",
            "aui_ne",
            "aui_nw",
            "aui_outer",
            "aui_s",
            "aui_se",
            "aui_state_focus",
            "aui_sw",
            "aui_title",
            "aui_titleBar",
            "aui_w",
            "ax",
            "bar-code-rightcorner",
            "big-form",
            "btn",
            "clear",
            "col",
            "col-",
            "fileUpload",
            "font-lightgrey",
            "font-red",
            "font-xxl",
            "form-wrapper",
            "gb",
            "green",
            "grey",
            "icon-cloud-download",
            "icon-paper-clip",
            "layout-data",
            "layout-form",
            "logo-leftcorner",
            "meno",
            "mt-s",
            "none_edit",
            "p-explain",
            "page-shadow",
            "pz",
            "red",
            "shadow",
            "show",
            "size-l",
            "size-s",
            "swich_btn",
            "title",
            "tj",
            "top",
            "ufoot"
          ],
          [
            "Wdate",
            "action-area",
            "aui_border",
            "aui_buttons",
            "aui_c",
            "aui_close",
            "aui_content",
            "aui_dialog",
            "aui_e",
            "aui_footer",
            "aui_header",
            "aui_icon",
            "aui_iconBg",
            "aui_inner",
            "aui_loading",
            "aui_main",
            "aui_n",
            "aui_ne",
            "aui_nw",
            "aui_outer",
            "aui_s",
            "aui_se",
            "aui_state_focus",
            "aui_sw",
            "aui_title",
            "aui_titleBar",
            "aui_w",
            "ax",
            "bar-code-rightcorner",
            "big-form",
            "btn",
            "clear",
            "col",
            "col-",
            "del",
            "fileUpload",
            "font-lightgrey",
            "font-red",
            "font-xxl",
            "form-wrapper",
            "gb",
            "green",
            "grey",
            "icon-cloud-download",
            "icon-paper-clip",
            "icon-trash",
            "layout-data",
            "layout-form",
            "logo-leftcorner",
            "meno",
            "mt-s",
            "none_edit",
            "p-explain",
            "page-shadow",
            "pz",
            "red",
            "shadow",
            "size-l",
            "size-s",
            "swich_btn",
            "title",
            "tj",
            "top",
            "ufoot"
          ],
          [
            "action-area",
            "aui_border",
            "aui_buttons",
            "aui_c",
            "aui_close",
            "aui_content",
            "aui_dialog",
            "aui_e",
            "aui_footer",
            "aui_header",
            "aui_icon",
            "aui_iconBg",
            "aui_inner",
            "aui_loading",
            "aui_main",
            "aui_n",
            "aui_ne",
            "aui_nw",
            "aui_outer",
            "aui_s",
            "aui_se",
            "aui_state_focus",
            "aui_sw",
            "aui_title",
            "aui_titleBar",
            "aui_w",
            "ax",
            "bar-code-rightcorner",
            "big-form",
            "btn",
            "clear",
            "col",
            "col-",
            "fileUpload",
            "font-lightgrey",
            "font-red",
            "font-xxl",
            "form-wrapper",
            "gb",
            "green",
            "grey",
            "icon-cloud-download",
            "icon-paper-clip",
            "layout-data",
            "layout-form",
            "logo-leftcorner",
            "meno",
            "mt-s",
            "none_edit",
            "p-explain",
            "page-shadow",
            "red",
            "shadow",
            "size-l",
            "size-s",
            "swich_btn",
            "title",
            "tj",
            "top",
            "ufoot"
          ]
        ]
      }
    },
    "page/tagTriplets": {
      "contexts": {
        "context3_h3SngD": [
          [
            "-/-/DIV",
            "-/-/FORM",
            "-/-/IFRAME",
            "-/-/SCRIPT",
            "-/DIV/DIV",
            "-/DIV/IFRAME",
            "-/FORM/DIV",
            "-/FORM/INPUT-hidden",
            "-/FORM/SCRIPT",
            "-/FORM/SPAN",
            "DIV/DIV/A",
            "DIV/DIV/BR",
            "DIV/DIV/BUTTON",
            "DIV/DIV/DIV",
            "DIV/DIV/H1",
            "DIV/DIV/IMG",
            "DIV/DIV/INPUT-hidden",
            "DIV/DIV/INPUT-submit",
            "DIV/DIV/INPUT-text",
            "DIV/DIV/P",
            "DIV/DIV/SCRIPT",
            "DIV/DIV/SPAN",
            "DIV/DIV/TABLE",
            "DIV/H1/BR",
            "DIV/H1/SPAN",
            "DIV/P/BR",
            "DIV/P/STRONG",
            "DIV/SPAN/INPUT-file",
            "DIV/TABLE/TBODY",
            "DIV/TABLE/THEAD",
            "DIV/UL/LI",
            "FORM/DIV/BR",
            "FORM/DIV/BUTTON",
            "FORM/DIV/DIV",
            "FORM/DIV/INPUT-hidden",
            "FORM/DIV/SCRIPT",
            "FORM/DIV/TABLE",
            "FORM/DIV/UL",
            "LI/SPAN/A",
            "TABLE/TBODY/TR",
            "TABLE/THEAD/TR",
            "TBODY/TR/TD",
            "TBODY/TR/TH",
            "TD/A/I",
            "TD/DIV/A",
            "TD/DIV/DIV",
            "TD/DIV/TABLE",
            "TD/LABEL/BR",
            "TD/LABEL/SPAN",
            "TD/SPAN/BR",
            "TD/SPAN/TEXTAREA",
            "THEAD/TR/TH",
            "TR/TD/A",
            "TR/TD/BR",
            "TR/TD/DIV",
            "TR/TD/I",
            "TR/TD/INPUT-hidden",
            "TR/TD/INPUT-text",
            "TR/TD/LABEL",
            "TR/TD/P",
            "TR/TD/SPAN",
            "TR/TD/TABLE",
            "TR/TD/TEXTAREA",
            "UL/LI/SPAN"
          ]
        ]
      }
    }
  }
}