{
  "special_models": [
    {
      "path": "plan/login/index.json"
    }
  ],
  "common_js": [
    {
      "path": "lib/base.js"
    },
    {
      "path": "lib/customTemplate.js"
    }
  ],
  "common_css": [
    {
      "path": "lib/base.css"
    },
    {
      "path": "lib/amazeui.touch1.override.css",
      "sourceType": "local",
      "target": "face"
    }
  ],
  "path": "file://d:/Documents/enterplorer/enterprises/587743d37df4e62b8c4e3d60/apps/moderateApplication/common.json"
}