{
  "version": "0.1",
  "id": "haveDoneAssetHandle",
  "targetURL": "http://172.16.11.61:9995/Workflow/Forms/ZCCL/View.aspx?ProcInstId=E12FBD7B35CFDDF2",
  "jsFile": "index.js",
  "chineseName": "已办资产处理申请单",
  "description": "已办资产处理申请单",
  "firstPaintEnable": false,
  "controls": {
    "control351_qlpwpI": {
      "location": {
        "data": {
          "tagName": "H1"
        },
        "userData": {
          "data": [],
          "force": false
        },
        "locators": [
          {
            "id": "@id/partialWord",
            "prob": 1,
            "disabled": true,
            "value": {
              "elemId": "form1",
              "tagName": "FORM",
              "prefix": "",
              "suffix": "/DIV[3]/DIV[1]/H1[1]",
              "ratio": 0.807
            }
          },
          {
            "id": "@class/word",
            "prob": 1,
            "value": "BODY.formPage DIV.big-form.page-shadow DIV.top H1"
          },
          {
            "id": "path/ordinal",
            "prob": 1,
            "value": "/HTML[1]/BODY[1]/FORM[1]/DIV[3]/DIV[1]/H1[1]"
          }
        ]
      },
      "events": {
        "onGetData": "getData_control351_qlpwpI"
      },
      "intendedRole": "custom",
      "roles": "element,custom",
      "ignoreVisibility": true,
      "monitored": true,
      "frameXPath": "",
      "componentType": "custom"
    },
    "control352_ee1uw8": {
      "location": {
        "data": {
          "tagName": "TABLE"
        },
        "userData": {
          "data": [],
          "force": false
        },
        "locators": [
          {
            "id": "@id/word",
            "prob": 2,
            "value": [
              "descendant::DIV[@id=\"contentForm_UpData\"]/DIV[1]/TABLE[1]",
              "descendant::DIV[@id=\"contentForm_UpData\"]//TABLE"
            ]
          },
          {
            "id": "@class/word",
            "prob": 1,
            "ordinal": [
              1,
              5
            ],
            "value": "DIV.big-form.page-shadow DIV.form-wrapper TABLE.layout-form"
          },
          {
            "id": "path/ordinal",
            "prob": 1,
            "value": "/HTML[1]/BODY[1]/FORM[1]/DIV[3]/DIV[9]/DIV[1]/DIV[1]/TABLE[1]"
          }
        ]
      },
      "events": {
        "onGetData": "getData_control352_ee1uw8"
      },
      "intendedRole": "custom",
      "roles": "element,custom",
      "ignoreVisibility": true,
      "monitored": true,
      "frameXPath": "",
      "componentType": "custom"
    },
    "control353_lWg3qw": {
      "location": {
        "data": {
          "tagName": "DIV"
        },
        "userData": {
          "data": [],
          "force": false
        },
        "locators": [
          {
            "id": "@id/word",
            "prob": 3,
            "value": "descendant::DIV[@id=\"person_infor\"]"
          },
          {
            "id": "@class/word",
            "prob": 1,
            "value": "BODY.formPage DIV.big-form.page-shadow DIV.show"
          },
          {
            "id": "path/ordinal",
            "prob": 1,
            "value": "/HTML[1]/BODY[1]/FORM[1]/DIV[3]/DIV[5]"
          }
        ]
      },
      "events": {
        "onGetData": "getData_control353_lWg3qw"
      },
      "intendedRole": "custom",
      "roles": "element,custom",
      "ignoreVisibility": true,
      "monitored": true,
      "frameXPath": "",
      "componentType": "custom"
    },
    "control354_iF4b21": {
      "location": {
        "data": {
          "tagName": "TABLE"
        },
        "userData": {
          "data": [],
          "force": false
        },
        "locators": [
          {
            "id": "@id/word",
            "prob": 2,
            "value": [
              "descendant::DIV[@id=\"contentForm_UpData\"]/DIV[1]/TABLE[2]",
              "descendant::DIV[@id=\"contentForm_UpData\"]//TABLE"
            ]
          },
          {
            "id": "@class/word",
            "prob": 1,
            "value": "DIV.big-form.page-shadow DIV.form-wrapper TABLE.layout-data.layout-form"
          },
          {
            "id": "path/ordinal",
            "prob": 1,
            "value": "/HTML[1]/BODY[1]/FORM[1]/DIV[3]/DIV[9]/DIV[1]/DIV[1]/TABLE[2]"
          }
        ]
      },
      "events": {
        "onGetData": "getData_control354_iF4b21"
      },
      "intendedRole": "custom",
      "roles": "element,custom",
      "ignoreVisibility": true,
      "monitored": true,
      "frameXPath": "",
      "componentType": "custom"
    },
    "control355_alozoT": {
      "location": {
        "data": {
          "tagName": "TABLE"
        },
        "userData": {
          "data": [],
          "force": false
        },
        "locators": [
          {
            "id": "@id/word",
            "prob": 2,
            "value": [
              "descendant::DIV[@id=\"contentForm_UpData\"]/DIV[1]/TABLE[3]",
              "descendant::DIV[@id=\"contentForm_UpData\"]//TABLE"
            ]
          },
          {
            "id": "@class/word",
            "prob": 1,
            "value": "DIV.big-form.page-shadow DIV.form-wrapper TABLE.layout-form.col-3"
          },
          {
            "id": "path/ordinal",
            "prob": 1,
            "value": "/HTML[1]/BODY[1]/FORM[1]/DIV[3]/DIV[9]/DIV[1]/DIV[1]/TABLE[3]"
          }
        ]
      },
      "events": {
        "onGetData": "getData_control355_alozoT"
      },
      "intendedRole": "custom",
      "roles": "element,custom",
      "ignoreVisibility": true,
      "monitored": true,
      "frameXPath": "",
      "componentType": "custom"
    },
    "control356_6xcRA5": {
      "location": {
        "data": {
          "tagName": "DIV"
        },
        "userData": {
          "data": [],
          "force": false
        },
        "locators": [
          {
            "id": "@id/word",
            "prob": 3,
            "value": "descendant::DIV[@id=\"AppUsersDiv\"]"
          },
          {
            "id": "@class/word",
            "prob": 1,
            "ordinal": [
              16,
              35
            ],
            "value": "BODY.formPage DIV.big-form.page-shadow DIV"
          },
          {
            "id": "path/ordinal",
            "prob": 1,
            "value": "/HTML[1]/BODY[1]/FORM[1]/DIV[3]/DIV[11]"
          }
        ]
      },
      "events": {
        "onGetData": "getData_control356_6xcRA5"
      },
      "intendedRole": "custom",
      "roles": "element,custom",
      "ignoreVisibility": true,
      "monitored": true,
      "frameXPath": "",
      "componentType": "custom"
    },
    "control357_qXt4rL": {
      "location": {
        "data": {
          "tagName": "DIV"
        },
        "userData": {
          "data": [],
          "force": false
        },
        "locators": [
          {
            "id": "@class/word",
            "prob": 1,
            "ordinal": [
              20,
              35
            ],
            "value": "BODY.formPage DIV.big-form.page-shadow DIV"
          },
          {
            "id": "path/ordinal",
            "prob": 1,
            "value": "/HTML[1]/BODY[1]/FORM[1]/DIV[3]/DIV[12]"
          }
        ]
      },
      "events": {
        "onGetData": "getData_control357_qXt4rL"
      },
      "intendedRole": "custom",
      "roles": "element,custom",
      "ignoreVisibility": true,
      "monitored": true,
      "frameXPath": "",
      "componentType": "custom"
    },
    "control358_kKDZwL": {
      "location": {
        "data": {
          "tagName": "TABLE"
        },
        "userData": {
          "data": [
            {
              "method": "selector",
              "value": "#tableAttachment"
            }
          ],
          "force": true
        },
        "locators": [
          {
            "id": "@id/partialWord",
            "prob": 1,
            "disabled": true,
            "value": {
              "elemId": "form1",
              "tagName": "FORM",
              "prefix": "",
              "suffix": "/DIV[3]/TABLE[2]",
              "ratio": 0.807
            }
          },
          {
            "id": "@class/word",
            "prob": 1,
            "ordinal": [
              2,
              4
            ],
            "value": "BODY.formPage DIV.big-form.page-shadow TABLE.layout-data"
          },
          {
            "id": "path/ordinal",
            "prob": 1,
            "value": "/HTML[1]/BODY[1]/FORM[1]/DIV[3]/TABLE[2]"
          }
        ]
      },
      "events": {
        "onGetData": "getData_control358_kKDZwL"
      },
      "intendedRole": "custom",
      "roles": "element,custom",
      "ignoreVisibility": false,
      "monitored": true,
      "frameXPath": "",
      "componentType": "custom"
    },
    "control359_XxIA4o": {
      "location": {
        "data": {
          "tagName": "TABLE"
        },
        "userData": {
          "data": [
            {
              "method": "selector",
              "value": "#tableComments"
            }
          ],
          "force": true
        },
        "locators": [
          {
            "id": "@id/partialWord",
            "prob": 1,
            "disabled": true,
            "value": {
              "elemId": "form1",
              "tagName": "FORM",
              "prefix": "",
              "suffix": "/DIV[3]/TABLE[3]",
              "ratio": 0.807
            }
          },
          {
            "id": "@class/word",
            "prob": 1,
            "ordinal": [
              3,
              4
            ],
            "value": "BODY.formPage DIV.big-form.page-shadow TABLE.layout-data"
          },
          {
            "id": "path/ordinal",
            "prob": 1,
            "value": "/HTML[1]/BODY[1]/FORM[1]/DIV[3]/TABLE[3]"
          }
        ]
      },
      "events": {
        "onGetData": "getData_control359_XxIA4o"
      },
      "intendedRole": "custom",
      "roles": "element,custom",
      "ignoreVisibility": false,
      "monitored": true,
      "frameXPath": "",
      "componentType": "custom"
    },
    "control360_FJ0C64": {
      "location": {
        "data": {
          "tagName": "A"
        },
        "userData": {
          "data": [],
          "force": false
        },
        "locators": [
          {
            "id": "a/@href",
            "prob": 2,
            "ordinal": [
              1,
              2
            ],
            "value": {
              "funcName": "__doPostBack"
            }
          },
          {
            "id": "@class/word",
            "prob": 1,
            "value": "DIV.ufoot UL.ax LI.gb SPAN A"
          },
          {
            "id": "path/ordinal",
            "prob": 1,
            "value": "/HTML[1]/BODY[1]/FORM[1]/DIV[5]/UL[1]/LI[2]/SPAN[1]/A[1]"
          },
          {
            "id": "elderLevel",
            "value": {
              "level": 0
            }
          }
        ]
      },
      "events": {
        "onGetData": "getData_control360_FJ0C64"
      },
      "intendedRole": "custom",
      "roles": "element,link,custom",
      "ignoreVisibility": true,
      "monitored": true,
      "frameXPath": "",
      "componentType": "custom"
    }
  },
  "contexts": {
    "context42_ZcDRha": {
      "controls": [
        "control351_qlpwpI",
        "control352_ee1uw8",
        "control353_lWg3qw",
        "control354_iF4b21",
        "control355_alozoT",
        "control356_6xcRA5",
        "control357_qXt4rL",
        "control358_kKDZwL",
        "control359_XxIA4o",
        "control360_FJ0C64"
      ],
      "anchors": [],
      "urlAnchor": [
        "http:\\/\\/172\\.16\\.11\\.61:9995\\/Workflow\\/Forms\\/ZCCL\\/View\\.aspx"
      ]
    }
  },
  "flows": {
    "flow101_GHAyCO": {
      "toContexts": [
        {
          "toContextId": "context42_ZcDRha"
        }
      ]
    }
  },
  "pages": {
    "page42_NZQNAi": {
      "contextId": "context42_ZcDRha",
      "layout": [
        {
          "id": "uiControl351_BXKNk5",
          "controlId": "control351_qlpwpI",
          "display": {
            "adapterId": "custom",
            "type": "custom",
            "adapter": {
              "templateType": "react",
              "events": {
                "onDoAction": "doAction_uiControl351_BXKNk5",
                "onGetTemplate": "getTemplate_uiControl351_BXKNk5"
              }
            }
          }
        },
        {
          "id": "uiControl353_alhqvC",
          "controlId": "control353_lWg3qw",
          "display": {
            "adapterId": "custom",
            "type": "custom",
            "adapter": {
              "templateType": "react",
              "events": {
                "onDoAction": "doAction_uiControl353_alhqvC",
                "onGetTemplate": "getTemplate_uiControl353_alhqvC"
              }
            }
          }
        },
        {
          "id": "uiControl352_XBGW1g",
          "controlId": "control352_ee1uw8",
          "display": {
            "adapterId": "custom",
            "type": "custom",
            "adapter": {
              "templateType": "react",
              "events": {
                "onDoAction": "doAction_uiControl352_XBGW1g",
                "onGetTemplate": "getTemplate_uiControl352_XBGW1g"
              }
            }
          }
        },
        {
          "id": "uiControl354_gr9QVJ",
          "controlId": "control354_iF4b21",
          "display": {
            "adapterId": "custom",
            "type": "custom",
            "adapter": {
              "templateType": "react",
              "events": {
                "onDoAction": "doAction_uiControl354_gr9QVJ",
                "onGetTemplate": "getTemplate_uiControl354_gr9QVJ"
              }
            }
          }
        },
        {
          "id": "uiControl355_cmHa5z",
          "controlId": "control355_alozoT",
          "display": {
            "adapterId": "custom",
            "type": "custom",
            "adapter": {
              "templateType": "react",
              "events": {
                "onDoAction": "doAction_uiControl355_cmHa5z",
                "onGetTemplate": "getTemplate_uiControl355_cmHa5z"
              }
            }
          }
        },
        {
          "id": "uiControl356_BN93IO",
          "controlId": "control356_6xcRA5",
          "display": {
            "adapterId": "custom",
            "type": "custom",
            "adapter": {
              "templateType": "react",
              "events": {
                "onDoAction": "doAction_uiControl356_BN93IO",
                "onGetTemplate": "getTemplate_uiControl356_BN93IO"
              }
            }
          }
        },
        {
          "id": "uiControl357_RyCwXQ",
          "controlId": "control357_qXt4rL",
          "display": {
            "adapterId": "custom",
            "type": "custom",
            "adapter": {
              "templateType": "react",
              "events": {
                "onDoAction": "doAction_uiControl357_RyCwXQ",
                "onGetTemplate": "getTemplate_uiControl357_RyCwXQ"
              }
            }
          }
        },
        {
          "id": "uiControl358_7eNvZs",
          "controlId": "control358_kKDZwL",
          "display": {
            "adapterId": "custom",
            "type": "custom",
            "adapter": {
              "templateType": "react",
              "events": {
                "onDoAction": "doAction_uiControl358_7eNvZs",
                "onGetTemplate": "getTemplate_uiControl358_7eNvZs"
              }
            }
          }
        },
        {
          "id": "uiControl359_ZLKOAZ",
          "controlId": "control359_XxIA4o",
          "display": {
            "adapterId": "custom",
            "type": "custom",
            "adapter": {
              "templateType": "react",
              "events": {
                "onDoAction": "doAction_uiControl359_ZLKOAZ",
                "onGetTemplate": "getTemplate_uiControl359_ZLKOAZ"
              }
            }
          }
        },
        {
          "id": "uiControl360_QDwmgr",
          "controlId": "control360_FJ0C64",
          "display": {
            "adapterId": "custom",
            "type": "custom",
            "adapter": {
              "templateType": "react",
              "events": {
                "onDoAction": "doAction_uiControl360_QDwmgr",
                "onGetTemplate": "getTemplate_uiControl360_QDwmgr"
              }
            }
          }
        }
      ]
    }
  },
  "matchers": {
    "page/title": {
      "contexts": {
        "context42_ZcDRha": [
          "资产处理流程-查看页面"
        ]
      }
    },
    "page/urls": {
      "contexts": {
        "context42_ZcDRha": [
          "172.16.11.61:9995/Workflow/Forms/ZCCL/View.aspx?ProcInstId=E12FBD7B35CFDDF2"
        ]
      }
    },
    "page/ids": {
      "contexts": {
        "context42_ZcDRha": [
          [
            "AppUsersDiv",
            "Attachment_fileUpload",
            "Attachment_hfActivityName",
            "Attachment_hfGuid",
            "Attachment_hfIsStart",
            "Attachment_hfUserLoginName",
            "Header_hidFlag",
            "Header_txtCompanyName",
            "Header_txtDate",
            "Header_txtDepartName",
            "Header_txtEmail",
            "Header_txtPhone",
            "Header_txtUserName",
            "LinkedProcInst_hfGuid",
            "LinkedProcInst_hfStart",
            "LinkedProcInst_hfUserLoginName",
            "__EVENTARGUMENT",
            "__EVENTTARGET",
            "__EVENTVALIDATION",
            "__VIEWSTATE",
            "btnAddLink",
            "btnFileUpload",
            "contentActionBar_ActionBar_Action",
            "contentActionBar_ActionBar_ActionName",
            "contentActionBar_ActionBar_AddApprover",
            "contentActionBar_ActionBar_AddApproverName",
            "contentActionBar_ActionBar_GotoActivityName",
            "contentActionBar_ActionBar_IsReturnBack",
            "contentActionBar_ActionBar_Print",
            "contentActionBar_ActionBar_UserAction",
            "contentActionBar_ActionBar_btnAddApprover",
            "contentActionBar_ActionBar_btnClose",
            "contentActionBar_ActionBar_btnPrint",
            "contentActionBar_ActionBar_btnRedirect",
            "contentActionBar_ActionBar_hidJBAffirm",
            "contentForm_P",
            "contentForm_UpData",
            "contentForm_rptDetail_hidDetailNo_",
            "contentForm_txt_ApplyCompany",
            "contentForm_txt_ApplyCompanyCode",
            "contentForm_txt_ApplyDept",
            "contentForm_txt_ApplyDeptCode",
            "contentForm_txt_ApplyEmployeeCode",
            "contentForm_txt_ApplyEmployeeName",
            "contentForm_txt_ApplyJob",
            "contentForm_txt_AssetType",
            "contentForm_txt_Currency",
            "contentForm_txt_DealType",
            "contentForm_txt_InformName",
            "contentForm_txt_OriginalMoney",
            "contentForm_txt_OwnerDept",
            "contentForm_txt_OwnerDeptCode",
            "contentForm_txt_QuantityTotal",
            "contentForm_txt_Summary",
            "contentForm_txt_ZheHeXiaoJi",
            "contentForm_txt_ZheJiuLeiJi",
            "div",
            "filePanel",
            "form",
            "person_infor",
            "person_infor_trigger",
            "tb_AttachmentList",
            "tb_List",
            "uploadDiv"
          ]
        ]
      }
    },
    "page/classes": {
      "contexts": {
        "context42_ZcDRha": [
          [
            "aspNetDisabled",
            "aspNetHidden",
            "aui_border",
            "aui_buttons",
            "aui_c",
            "aui_close",
            "aui_content",
            "aui_dialog",
            "aui_e",
            "aui_footer",
            "aui_header",
            "aui_icon",
            "aui_iconBg",
            "aui_inner",
            "aui_main",
            "aui_n",
            "aui_ne",
            "aui_nw",
            "aui_outer",
            "aui_s",
            "aui_se",
            "aui_sw",
            "aui_title",
            "aui_titleBar",
            "aui_w",
            "ax",
            "bar-code-rightcorner",
            "big-form",
            "btn",
            "clear",
            "col",
            "col-",
            "fileUpload",
            "font-lightgrey",
            "font-red",
            "font-xxl",
            "form-wrapper",
            "gb",
            "icon-cloud-download",
            "icon-paper-clip",
            "layout-data",
            "layout-form",
            "logo-leftcorner",
            "mt-s",
            "none_edit",
            "p-explain",
            "padding-small",
            "page-shadow",
            "red",
            "size-s",
            "swich_btn",
            "title",
            "tj",
            "top",
            "ufoot"
          ],
          [
            "active",
            "aspNetDisabled",
            "aspNetHidden",
            "aui_border",
            "aui_buttons",
            "aui_c",
            "aui_close",
            "aui_content",
            "aui_dialog",
            "aui_e",
            "aui_footer",
            "aui_header",
            "aui_icon",
            "aui_iconBg",
            "aui_inner",
            "aui_main",
            "aui_n",
            "aui_ne",
            "aui_nw",
            "aui_outer",
            "aui_s",
            "aui_se",
            "aui_sw",
            "aui_title",
            "aui_titleBar",
            "aui_w",
            "ax",
            "bar-code-rightcorner",
            "big-form",
            "btn",
            "clear",
            "col",
            "col-",
            "fileUpload",
            "font-lightgrey",
            "font-red",
            "font-xxl",
            "form-wrapper",
            "gb",
            "icon-cloud-download",
            "icon-paper-clip",
            "layout-data",
            "layout-form",
            "logo-leftcorner",
            "mt-s",
            "none_edit",
            "p-explain",
            "padding-small",
            "page-shadow",
            "red",
            "show",
            "size-s",
            "swich_btn",
            "title",
            "tj",
            "top",
            "ufoot"
          ]
        ]
      }
    },
    "page/tagTriplets": {
      "contexts": {
        "context42_ZcDRha": [
          [
            "-/-/DIV",
            "-/-/FORM",
            "-/-/SCRIPT",
            "-/DIV/DIV",
            "-/FORM/DIV",
            "-/FORM/SCRIPT",
            "DIV/DIV/A",
            "DIV/DIV/BR",
            "DIV/DIV/BUTTON",
            "DIV/DIV/DIV",
            "DIV/DIV/H1",
            "DIV/DIV/IMG",
            "DIV/DIV/INPUT-hidden",
            "DIV/DIV/INPUT-submit",
            "DIV/DIV/INPUT-text",
            "DIV/DIV/P",
            "DIV/DIV/SCRIPT",
            "DIV/DIV/SPAN",
            "DIV/DIV/TABLE",
            "DIV/H1/BR",
            "DIV/H1/SPAN",
            "DIV/P/BR",
            "DIV/P/SPAN",
            "DIV/P/STRONG",
            "DIV/SPAN/INPUT-file",
            "DIV/TABLE/TBODY",
            "DIV/TABLE/THEAD",
            "DIV/UL/LI",
            "FORM/DIV/BR",
            "FORM/DIV/BUTTON",
            "FORM/DIV/DIV",
            "FORM/DIV/INPUT-hidden",
            "FORM/DIV/SCRIPT",
            "FORM/DIV/TABLE",
            "FORM/DIV/UL",
            "LI/SPAN/A",
            "TABLE/TBODY/TR",
            "TABLE/THEAD/TR",
            "TBODY/TR/TD",
            "TBODY/TR/TH",
            "TD/A/I",
            "TD/DIV/A",
            "TD/DIV/DIV",
            "TD/DIV/TABLE",
            "TD/SELECT/OPTION",
            "TD/SPAN/INPUT-radio",
            "TD/TABLE/TBODY",
            "THEAD/TR/TH",
            "TR/TD/A",
            "TR/TD/DIV",
            "TR/TD/I",
            "TR/TD/IMG",
            "TR/TD/INPUT-hidden",
            "TR/TD/INPUT-text",
            "TR/TD/LABEL",
            "TR/TD/SELECT",
            "TR/TD/SPAN",
            "TR/TD/TABLE",
            "TR/TD/TEXTAREA",
            "UL/LI/SPAN"
          ]
        ]
      }
    }
  }
}