{
  "version": "0.1",
  "id": "HavaDoneGoOut",
  "targetURL": "http://172.16.11.61:8000/Forms/HR/WCSQ/View.aspx?ProcInstId=7DAE9186D88F9993",
  "jsFile": "index.js",
  "chineseName": "已办因公外出申请单",
  "description": "",
  "firstPaintEnable": false,
  "controls": {
    "control294_0XDOwI": {
      "location": {
        "data": {
          "tagName": "H1"
        },
        "userData": {
          "data": [],
          "force": false
        },
        "locators": [
          {
            "id": "@id/word",
            "prob": 2,
            "value": [
              "descendant::FORM[@id=\"aspnetForm\"]/DIV[3]/DIV[1]/H1[1]",
              "descendant::FORM[@id=\"aspnetForm\"]//H1"
            ]
          },
          {
            "id": "@class/word",
            "prob": 1,
            "value": "BODY.formPage DIV.big-form.page-shadow DIV.top H1"
          },
          {
            "id": "path/ordinal",
            "prob": 1,
            "value": "/HTML[1]/BODY[1]/FORM[1]/DIV[3]/DIV[1]/H1[1]"
          }
        ]
      },
      "events": {
        "onGetData": "getData_control294_0XDOwI"
      },
      "intendedRole": "custom",
      "roles": "element,custom",
      "monitored": true,
      "frameXPath": "",
      "componentType": "custom"
    },
    "control295_Duv9f5": {
      "location": {
        "data": {
          "tagName": "DIV"
        },
        "userData": {
          "data": [],
          "force": false
        },
        "locators": [
          {
            "id": "@id/word",
            "prob": 3,
            "value": [
              "descendant::FORM[@id=\"aspnetForm\"]//DIV[@id=\"person_infor\"]",
              "descendant::DIV[@id=\"person_infor\"]"
            ]
          },
          {
            "id": "@class/word",
            "prob": 1,
            "value": "BODY.formPage DIV.big-form.page-shadow DIV.show"
          },
          {
            "id": "path/ordinal",
            "prob": 1,
            "value": "/HTML[1]/BODY[1]/FORM[1]/DIV[3]/DIV[5]"
          }
        ]
      },
      "events": {
        "onGetData": "getData_control295_Duv9f5"
      },
      "intendedRole": "custom",
      "roles": "element,custom",
      "ignoreVisibility": true,
      "monitored": true,
      "frameXPath": "",
      "componentType": "custom"
    },
    "control296_tXp6g1": {
      "location": {
        "data": {
          "tagName": "TABLE"
        },
        "userData": {
          "data": [],
          "force": false
        },
        "locators": [
          {
            "id": "@class/word",
            "prob": 1,
            "ordinal": [
              0,
              2
            ],
            "value": "DIV.big-form.page-shadow DIV.form-wrapper TABLE.layout-form.col-3"
          },
          {
            "id": "path/ordinal",
            "prob": 1,
            "value": "/HTML[1]/BODY[1]/FORM[1]/DIV[3]/DIV[9]/DIV[1]/DIV[1]/TABLE[1]"
          }
        ]
      },
      "events": {
        "onGetData": "getData_control296_tXp6g1"
      },
      "intendedRole": "custom",
      "roles": "element,custom",
      "monitored": true,
      "frameXPath": "",
      "componentType": "custom"
    },
    "control297_9QabtQ": {
      "location": {
        "data": {
          "tagName": "TABLE"
        },
        "userData": {
          "data": [],
          "force": false
        },
        "locators": [
          {
            "id": "@class/word",
            "prob": 1,
            "value": "DIV.big-form.page-shadow DIV.form-wrapper TABLE.layout-data.layout-form"
          },
          {
            "id": "path/ordinal",
            "prob": 1,
            "value": "/HTML[1]/BODY[1]/FORM[1]/DIV[3]/DIV[9]/DIV[1]/DIV[1]/TABLE[2]"
          }
        ]
      },
      "events": {
        "onGetData": "getData_control297_9QabtQ"
      },
      "intendedRole": "custom",
      "roles": "element,custom",
      "monitored": true,
      "frameXPath": "",
      "componentType": "custom"
    },
    "control298_dz68cH": {
      "location": {
        "data": {
          "tagName": "TABLE"
        },
        "userData": {
          "data": [],
          "force": false
        },
        "locators": [
          {
            "id": "@class/word",
            "prob": 1,
            "ordinal": [
              1,
              2
            ],
            "value": "DIV.big-form.page-shadow DIV.form-wrapper TABLE.layout-form.col-3"
          },
          {
            "id": "path/ordinal",
            "prob": 1,
            "value": "/HTML[1]/BODY[1]/FORM[1]/DIV[3]/DIV[9]/DIV[1]/DIV[1]/TABLE[3]"
          }
        ]
      },
      "events": {
        "onGetData": "getData_control298_dz68cH"
      },
      "intendedRole": "custom",
      "roles": "element,custom",
      "monitored": true,
      "frameXPath": "",
      "componentType": "custom"
    },
    "control299_DeyHWJ": {
      "location": {
        "data": {
          "tagName": "TABLE"
        },
        "userData": {
          "data": [],
          "force": false
        },
        "locators": [
          {
            "id": "@id/word",
            "prob": 2,
            "value": [
              "descendant::FORM[@id=\"aspnetForm\"]/DIV[3]/TABLE[2]",
              "descendant::FORM[@id=\"aspnetForm\"]//TABLE"
            ]
          },
          {
            "id": "@class/word",
            "prob": 1,
            "ordinal": [
              2,
              3
            ],
            "value": "BODY.formPage DIV.big-form.page-shadow TABLE.layout-data"
          },
          {
            "id": "path/ordinal",
            "prob": 1,
            "value": "/HTML[1]/BODY[1]/FORM[1]/DIV[3]/TABLE[2]"
          }
        ]
      },
      "events": {
        "onGetData": "getData_control299_DeyHWJ"
      },
      "intendedRole": "custom",
      "roles": "element,custom",
      "monitored": true,
      "frameXPath": "",
      "componentType": "custom"
    },
    "control300_MQD7Kp": {
      "location": {
        "data": {
          "tagName": "A"
        },
        "userData": {
          "data": [],
          "force": false
        },
        "locators": [
          {
            "id": "a/@href",
            "prob": 2,
            "ordinal": [
              1,
              2
            ],
            "value": {
              "funcName": "__doPostBack"
            }
          },
          {
            "id": "@class/word",
            "prob": 1,
            "value": "DIV.ufoot UL.ax LI.gb SPAN A"
          },
          {
            "id": "path/ordinal",
            "prob": 1,
            "value": "/HTML[1]/BODY[1]/FORM[1]/DIV[5]/UL[1]/LI[2]/SPAN[1]/A[1]"
          },
          {
            "id": "elderLevel",
            "value": {
              "level": 0
            }
          }
        ]
      },
      "events": {
        "onGetData": "getData_control300_MQD7Kp"
      },
      "intendedRole": "custom",
      "roles": "element,link,custom",
      "monitored": true,
      "frameXPath": "",
      "componentType": "custom"
    },
    "control468_x2yAOy": {
      "location": {
        "data": {
          "tagName": "TABLE"
        },
        "userData": {
          "force": true,
          "data": [
            {
              "method": "XPath",
              "value": "//*[@id=\"aspnetForm\"]/div[3]/table[2]"
            }
          ]
        },
        "locators": [
          {
            "id": "@id/word",
            "prob": 2,
            "value": [
              "descendant::FORM[@id=\"aspnetForm\"]/DIV[3]/TABLE[2]",
              "descendant::FORM[@id=\"aspnetForm\"]//TABLE"
            ]
          },
          {
            "id": "@class/word",
            "prob": 1,
            "ordinal": [
              2,
              3
            ],
            "value": "BODY.formPage DIV.big-form.page-shadow TABLE.layout-data"
          },
          {
            "id": "path/ordinal",
            "prob": 1,
            "value": "/HTML[1]/BODY[1]/FORM[1]/DIV[3]/TABLE[2]"
          }
        ]
      },
      "events": {
        "onGetData": "getData_control468_x2yAOy"
      },
      "intendedRole": "custom",
      "roles": "element,custom",
      "monitored": true,
      "frameXPath": "",
      "componentType": "custom"
    }
  },
  "contexts": {
    "context34_mWnNQS": {
      "controls": [
        "control294_0XDOwI",
        "control295_Duv9f5",
        "control296_tXp6g1",
        "control297_9QabtQ",
        "control298_dz68cH",
        "control299_DeyHWJ",
        "control300_MQD7Kp",
        "control468_x2yAOy"
      ],
      "anchors": [],
      "urlAnchor": [
        "http://172.16.11.61:8000/Forms/HR/WCSQ/View.aspx?.*"
      ]
    }
  },
  "flows": {
    "flow85_WGePTL": {
      "toContexts": [
        {
          "toContextId": "context34_mWnNQS"
        }
      ]
    },
    "flow90_RER3Hp": {
      "fromContextId": "context34_mWnNQS",
      "fromAction": "doAction",
      "fromControlId": "control296_tXp6g1",
      "toContexts": [
        {
          "toContextId": "context34_mWnNQS"
        }
      ]
    }
  },
  "pages": {
    "page34_VbFMJT": {
      "contextId": "context34_mWnNQS",
      "layout": [
        {
          "id": "uiControl294_4u3ahm",
          "controlId": "control294_0XDOwI",
          "display": {
            "adapterId": "custom",
            "type": "custom",
            "adapter": {
              "templateType": "react",
              "events": {
                "onDoAction": "doAction_uiControl294_4u3ahm",
                "onGetTemplate": "getTemplate_uiControl294_4u3ahm"
              }
            }
          }
        },
        {
          "id": "uiControl295_EXmvDt",
          "controlId": "control295_Duv9f5",
          "display": {
            "adapterId": "custom",
            "type": "custom",
            "adapter": {
              "templateType": "react",
              "events": {
                "onDoAction": "doAction_uiControl295_EXmvDt",
                "onGetTemplate": "getTemplate_uiControl295_EXmvDt"
              }
            }
          }
        },
        {
          "id": "uiControl296_B6tazG",
          "controlId": "control296_tXp6g1",
          "display": {
            "adapterId": "custom",
            "type": "custom",
            "adapter": {
              "templateType": "react",
              "events": {
                "onDoAction": "doAction_uiControl296_B6tazG",
                "onGetTemplate": "getTemplate_uiControl296_B6tazG"
              }
            }
          }
        },
        {
          "id": "uiControl297_egtgFL",
          "controlId": "control297_9QabtQ",
          "display": {
            "adapterId": "custom",
            "type": "custom",
            "adapter": {
              "templateType": "react",
              "events": {
                "onDoAction": "doAction_uiControl297_egtgFL",
                "onGetTemplate": "getTemplate_uiControl297_egtgFL"
              }
            }
          }
        },
        {
          "id": "uiControl298_RLSZEB",
          "controlId": "control298_dz68cH",
          "display": {
            "adapterId": "custom",
            "type": "custom",
            "adapter": {
              "templateType": "react",
              "events": {
                "onDoAction": "doAction_uiControl298_RLSZEB",
                "onGetTemplate": "getTemplate_uiControl298_RLSZEB"
              }
            }
          }
        },
        {
          "id": "uiControl299_RdsQ0X",
          "controlId": "control299_DeyHWJ",
          "display": {
            "adapterId": "custom",
            "type": "custom",
            "adapter": {
              "templateType": "react",
              "events": {
                "onDoAction": "doAction_uiControl299_RdsQ0X",
                "onGetTemplate": "getTemplate_uiControl299_RdsQ0X"
              }
            }
          }
        },
        {
          "id": "uiControl468_hIsdAR",
          "controlId": "control468_x2yAOy",
          "display": {
            "adapterId": "custom",
            "type": "custom",
            "adapter": {
              "templateType": "react",
              "events": {
                "onDoAction": "doAction_uiControl468_hIsdAR",
                "onGetTemplate": "getTemplate_uiControl468_hIsdAR"
              }
            }
          }
        },
        {
          "id": "uiControl300_BiSVB5",
          "controlId": "control300_MQD7Kp",
          "display": {
            "adapterId": "custom",
            "type": "custom",
            "adapter": {
              "templateType": "react",
              "events": {
                "onDoAction": "doAction_uiControl300_BiSVB5",
                "onGetTemplate": "getTemplate_uiControl300_BiSVB5"
              }
            }
          }
        }
      ]
    }
  },
  "matchers": {
    "page/title": {
      "contexts": {
        "context34_mWnNQS": [
          "因公外出流程-查看页面"
        ]
      }
    },
    "page/urls": {
      "contexts": {
        "context34_mWnNQS": [
          "172.16.11.61:8000/Forms/HR/WCSQ/View.aspx?ProcInstId=7DAE9186D88F9993",
          "172.16.11.61:8000/Forms/HR/WCSQ/View.aspx?ProcInstId=BE357A4B496B5BDC",
          "172.16.11.61:8000/Forms/HR/WCSQ/View.aspx?ProcInstId=9211271BBCC1FF11"
        ]
      }
    },
    "page/ids": {
      "contexts": {
        "context34_mWnNQS": [
          [
            "AppUsersDiv",
            "__EVENTARGUMENT",
            "__EVENTTARGET",
            "__SCROLLPOSITIONX",
            "__SCROLLPOSITIONY",
            "__VIEWSTATE",
            "aspnetForm",
            "btnAddLink",
            "ctl_Header_hidFlag",
            "ctl_Header_txtCompanyName",
            "ctl_Header_txtDate",
            "ctl_Header_txtDepartName",
            "ctl_Header_txtEmail",
            "ctl_Header_txtPhone",
            "ctl_Header_txtUserName",
            "ctl_LinkedProcInst_hfGuid",
            "ctl_LinkedProcInst_hfStart",
            "ctl_LinkedProcInst_hfUserLoginName",
            "ctl_contentActionBar_ActionBar_Action",
            "ctl_contentActionBar_ActionBar_ActionName",
            "ctl_contentActionBar_ActionBar_AddApprover",
            "ctl_contentActionBar_ActionBar_AddApproverName",
            "ctl_contentActionBar_ActionBar_GotoActivityName",
            "ctl_contentActionBar_ActionBar_IsReturnBack",
            "ctl_contentActionBar_ActionBar_Print",
            "ctl_contentActionBar_ActionBar_UserAction",
            "ctl_contentActionBar_ActionBar_btnAddApprover",
            "ctl_contentActionBar_ActionBar_btnClose",
            "ctl_contentActionBar_ActionBar_btnInform",
            "ctl_contentActionBar_ActionBar_btnPrint",
            "ctl_contentActionBar_ActionBar_btnRedirect",
            "ctl_contentActionBar_ActionBar_hidJBAffirm",
            "ctl_contentForm_DivKaoQinNull",
            "ctl_contentForm_P",
            "ctl_contentForm_UpData",
            "ctl_contentForm_rptDetail_ctl_hidId",
            "ctl_contentForm_txt_ApplicantCode",
            "ctl_contentForm_txt_ApplicantDeptCode",
            "ctl_contentForm_txt_ApplicantDeptName",
            "ctl_contentForm_txt_ApplicantName",
            "ctl_contentForm_txt_ApplicantPositionCode",
            "ctl_contentForm_txt_ApplicantPositionName",
            "ctl_contentForm_txt_CompanyCode",
            "ctl_contentForm_txt_CompanyName",
            "ctl_contentForm_txt_IsFly",
            "ctl_contentForm_txt_OutType",
            "ctl_contentForm_txt_Remark",
            "ctl_contentForm_txt_WorkTimeType",
            "person_infor",
            "person_infor_trigger",
            "tb_List"
          ],
          [
            "AppUsersDiv",
            "__EVENTARGUMENT",
            "__EVENTTARGET",
            "__SCROLLPOSITIONX",
            "__SCROLLPOSITIONY",
            "__VIEWSTATE",
            "aspnetForm",
            "btnAddLink",
            "btnFileUpload",
            "ctl_Attachment_fileUpload",
            "ctl_Attachment_hfActivityName",
            "ctl_Attachment_hfGuid",
            "ctl_Attachment_hfIsStart",
            "ctl_Attachment_hfUserLoginName",
            "ctl_Header_hidFlag",
            "ctl_Header_txtCompanyName",
            "ctl_Header_txtDate",
            "ctl_Header_txtDepartName",
            "ctl_Header_txtEmail",
            "ctl_Header_txtPhone",
            "ctl_Header_txtUserName",
            "ctl_LinkedProcInst_hfGuid",
            "ctl_LinkedProcInst_hfStart",
            "ctl_LinkedProcInst_hfUserLoginName",
            "ctl_contentActionBar_ActionBar_Action",
            "ctl_contentActionBar_ActionBar_ActionName",
            "ctl_contentActionBar_ActionBar_AddApprover",
            "ctl_contentActionBar_ActionBar_AddApproverName",
            "ctl_contentActionBar_ActionBar_GotoActivityName",
            "ctl_contentActionBar_ActionBar_IsReturnBack",
            "ctl_contentActionBar_ActionBar_Print",
            "ctl_contentActionBar_ActionBar_UserAction",
            "ctl_contentActionBar_ActionBar_btnAddApprover",
            "ctl_contentActionBar_ActionBar_btnClose",
            "ctl_contentActionBar_ActionBar_btnInform",
            "ctl_contentActionBar_ActionBar_btnPrint",
            "ctl_contentActionBar_ActionBar_btnRedirect",
            "ctl_contentActionBar_ActionBar_hidJBAffirm",
            "ctl_contentForm_DivKaoQinNull",
            "ctl_contentForm_P",
            "ctl_contentForm_UpData",
            "ctl_contentForm_hyTrainCode",
            "ctl_contentForm_rptDetail_ctl_hidId",
            "ctl_contentForm_txt_ApplicantCode",
            "ctl_contentForm_txt_ApplicantDeptCode",
            "ctl_contentForm_txt_ApplicantDeptName",
            "ctl_contentForm_txt_ApplicantName",
            "ctl_contentForm_txt_ApplicantPositionCode",
            "ctl_contentForm_txt_ApplicantPositionName",
            "ctl_contentForm_txt_CompanyCode",
            "ctl_contentForm_txt_CompanyName",
            "ctl_contentForm_txt_IsFly",
            "ctl_contentForm_txt_OutType",
            "ctl_contentForm_txt_Remark",
            "ctl_contentForm_txt_WorkTimeType",
            "filePanel",
            "person_infor",
            "person_infor_trigger",
            "tb_AttachmentList",
            "tb_List",
            "uploadDiv"
          ]
        ]
      }
    },
    "page/classes": {
      "contexts": {
        "context34_mWnNQS": [
          [
            "aui_border",
            "aui_buttons",
            "aui_c",
            "aui_close",
            "aui_content",
            "aui_dialog",
            "aui_e",
            "aui_footer",
            "aui_header",
            "aui_icon",
            "aui_iconBg",
            "aui_inner",
            "aui_main",
            "aui_n",
            "aui_ne",
            "aui_nw",
            "aui_outer",
            "aui_s",
            "aui_se",
            "aui_sw",
            "aui_title",
            "aui_titleBar",
            "aui_w",
            "ax",
            "bar-code-rightcorner",
            "big-form",
            "btn",
            "clear",
            "col",
            "col-",
            "font-lightgrey",
            "font-red",
            "font-xxl",
            "form-wrapper",
            "gb",
            "layout-data",
            "layout-form",
            "logo-leftcorner",
            "mt-s",
            "none_edit",
            "p-explain",
            "page-shadow",
            "red",
            "size-s",
            "swich_btn",
            "title",
            "tj",
            "top",
            "ufoot"
          ],
          [
            "active",
            "aui_border",
            "aui_buttons",
            "aui_c",
            "aui_close",
            "aui_content",
            "aui_dialog",
            "aui_e",
            "aui_footer",
            "aui_header",
            "aui_icon",
            "aui_iconBg",
            "aui_inner",
            "aui_main",
            "aui_n",
            "aui_ne",
            "aui_nw",
            "aui_outer",
            "aui_s",
            "aui_se",
            "aui_sw",
            "aui_title",
            "aui_titleBar",
            "aui_w",
            "ax",
            "bar-code-rightcorner",
            "big-form",
            "btn",
            "clear",
            "col",
            "col-",
            "font-lightgrey",
            "font-red",
            "font-xxl",
            "form-wrapper",
            "gb",
            "layout-data",
            "layout-form",
            "logo-leftcorner",
            "mt-s",
            "none_edit",
            "p-explain",
            "page-shadow",
            "red",
            "show",
            "size-s",
            "swich_btn",
            "title",
            "tj",
            "top",
            "ufoot"
          ],
          [
            "aui_border",
            "aui_buttons",
            "aui_c",
            "aui_close",
            "aui_content",
            "aui_dialog",
            "aui_e",
            "aui_footer",
            "aui_header",
            "aui_icon",
            "aui_iconBg",
            "aui_inner",
            "aui_main",
            "aui_n",
            "aui_ne",
            "aui_nw",
            "aui_outer",
            "aui_s",
            "aui_se",
            "aui_sw",
            "aui_title",
            "aui_titleBar",
            "aui_w",
            "ax",
            "bar-code-rightcorner",
            "big-form",
            "btn",
            "clear",
            "col",
            "col-",
            "fileUpload",
            "font-lightgrey",
            "font-red",
            "font-xxl",
            "form-wrapper",
            "gb",
            "icon-cloud-download",
            "icon-paper-clip",
            "layout-data",
            "layout-form",
            "logo-leftcorner",
            "mt-s",
            "none_edit",
            "p-explain",
            "page-shadow",
            "red",
            "size-s",
            "swich_btn",
            "title",
            "tj",
            "top",
            "ufoot"
          ]
        ]
      }
    },
    "page/tagTriplets": {
      "contexts": {
        "context34_mWnNQS": [
          [
            "-/-/DIV",
            "-/-/FORM",
            "-/-/SCRIPT",
            "-/DIV/DIV",
            "-/FORM/DIV",
            "-/FORM/SCRIPT",
            "DIV/DIV/A",
            "DIV/DIV/BR",
            "DIV/DIV/DIV",
            "DIV/DIV/H1",
            "DIV/DIV/IMG",
            "DIV/DIV/INPUT-hidden",
            "DIV/DIV/INPUT-submit",
            "DIV/DIV/INPUT-text",
            "DIV/DIV/SCRIPT",
            "DIV/DIV/TABLE",
            "DIV/H1/BR",
            "DIV/H1/SPAN",
            "DIV/TABLE/TBODY",
            "DIV/TABLE/THEAD",
            "DIV/UL/LI",
            "FORM/DIV/BR",
            "FORM/DIV/BUTTON",
            "FORM/DIV/DIV",
            "FORM/DIV/INPUT-hidden",
            "FORM/DIV/SCRIPT",
            "FORM/DIV/TABLE",
            "FORM/DIV/UL",
            "LI/SPAN/A",
            "TABLE/TBODY/TR",
            "TABLE/THEAD/TR",
            "TBODY/TR/TD",
            "TBODY/TR/TH",
            "TD/DIV/A",
            "TD/DIV/DIV",
            "TD/DIV/TABLE",
            "TD/LABEL/BR",
            "TD/LABEL/SPAN",
            "TD/P/BR",
            "TD/SELECT/OPTION",
            "TD/SPAN/INPUT-radio",
            "THEAD/TR/TH",
            "TR/TD/DIV",
            "TR/TD/INPUT-hidden",
            "TR/TD/INPUT-text",
            "TR/TD/LABEL",
            "TR/TD/P",
            "TR/TD/SELECT",
            "TR/TD/SPAN",
            "TR/TD/TABLE",
            "TR/TD/TEXTAREA",
            "UL/LI/SPAN"
          ],
          [
            "-/-/DIV",
            "-/-/FORM",
            "-/-/SCRIPT",
            "-/DIV/DIV",
            "-/FORM/DIV",
            "-/FORM/SCRIPT",
            "DIV/DIV/A",
            "DIV/DIV/BR",
            "DIV/DIV/BUTTON",
            "DIV/DIV/DIV",
            "DIV/DIV/H1",
            "DIV/DIV/IMG",
            "DIV/DIV/INPUT-hidden",
            "DIV/DIV/INPUT-submit",
            "DIV/DIV/INPUT-text",
            "DIV/DIV/P",
            "DIV/DIV/SCRIPT",
            "DIV/DIV/SPAN",
            "DIV/DIV/TABLE",
            "DIV/H1/BR",
            "DIV/H1/SPAN",
            "DIV/P/BR",
            "DIV/P/STRONG",
            "DIV/SPAN/INPUT-file",
            "DIV/TABLE/TBODY",
            "DIV/TABLE/THEAD",
            "DIV/UL/LI",
            "FORM/DIV/BR",
            "FORM/DIV/BUTTON",
            "FORM/DIV/DIV",
            "FORM/DIV/INPUT-hidden",
            "FORM/DIV/SCRIPT",
            "FORM/DIV/TABLE",
            "FORM/DIV/UL",
            "LI/SPAN/A",
            "TABLE/TBODY/TR",
            "TABLE/THEAD/TR",
            "TBODY/TR/TD",
            "TBODY/TR/TH",
            "TD/A/I",
            "TD/DIV/A",
            "TD/DIV/DIV",
            "TD/DIV/TABLE",
            "TD/LABEL/BR",
            "TD/LABEL/SPAN",
            "TD/P/BR",
            "TD/SELECT/OPTION",
            "TD/SPAN/INPUT-radio",
            "THEAD/TR/TH",
            "TR/TD/A",
            "TR/TD/DIV",
            "TR/TD/I",
            "TR/TD/INPUT-hidden",
            "TR/TD/INPUT-text",
            "TR/TD/LABEL",
            "TR/TD/P",
            "TR/TD/SELECT",
            "TR/TD/SPAN",
            "TR/TD/TABLE",
            "TR/TD/TEXTAREA",
            "UL/LI/SPAN"
          ]
        ]
      }
    }
  }
}