{
  "version": "0.1",
  "id": "commission",
  "targetURL": "http://172.16.11.61:8000/Index.aspx?Path=SysLogin",
  "jsFile": "index.js",
  "requires": {
    "leave": "../leave/index.json",
    "awaybusiness": "../awaybusiness/index.json",
    "Quit": "../Quit/index.json",
    "Printing": "../Printing/index.json",
    "assetbudget": "../assetbudget/index.json",
    "assetshandle": "../assetshandle/index.json",
    "overtime": "../overtime/index.json",
    "eliminate": "../eliminate/index.json",
    "costreimbursement": "../costreimbursement/index.json",
    "travel": "../travel/index.json",
    "examination_abnormal": "../examination_abnormal/index.json",
    "contract": "../contract/index.json",
    "probationformal": "file://C:/Users/xubo/Documents/enterplorer/enterprises/587743d37df4e62b8c4e3d60/apps/moderateApplication/plan/probationformal/index.json",
    "train": "../train/index.json",
    "creditXYDJSF": "../creditXYDJSF/index.json",
    "entry": "../entry/index.json",
    "recruit": "../recruit/index.json",
    "staffspecial": "../staffspecial/index.json"
  },
  "chineseName": "代办首页",
  "description": "代办首页",
  "firstPaintEnable": false,
  "controls": {
    "control2_axVtNW": {
      "location": {
        "data": {
          "tagName": "DIV"
        },
        "userData": {
          "data": [],
          "force": false
        },
        "locators": [
          {
            "id": "@class/word",
            "prob": 1,
            "ordinal": [
              0,
              5
            ],
            "value": "DIV.container.main DIV.content DIV.result-list DIV"
          },
          {
            "id": "path/ordinal",
            "prob": 1,
            "value": "/HTML[1]/BODY[1]/FORM[1]/DIV[3]/DIV[1]/DIV[2]/DIV[5]/DIV[3]/DIV[1]"
          }
        ]
      },
      "events": {
        "onGetData": "getData_control2_axVtNW"
      },
      "intendedRole": "custom",
      "roles": "element,custom",
      "monitored": true,
      "frameXPath": "",
      "componentType": "custom"
    },
    "control123_yRTV3G": {
      "location": {
        "data": {
          "tagName": "DIV"
        },
        "userData": {
          "data": [],
          "force": false
        },
        "locators": [
          {
            "id": "@class/word",
            "prob": 1,
            "value": "DIV.content DIV.result-list DIV.anpager"
          },
          {
            "id": "path/ordinal",
            "prob": 1,
            "value": "/HTML[1]/BODY[1]/FORM[1]/DIV[3]/DIV[1]/DIV[2]/DIV[5]/DIV[3]/DIV[1]/DIV[1]/DIV[1]/DIV[1]"
          }
        ]
      },
      "events": {
        "onGetData": "getData_control123_yRTV3G"
      },
      "intendedRole": "custom",
      "roles": "element,custom",
      "monitored": true,
      "frameXPath": "",
      "componentType": "custom"
    }
  },
  "contexts": {
    "context1_CPB3yD": {
      "controls": [
        "control2_axVtNW",
        "control123_yRTV3G"
      ],
      "anchors": [],
      "urlAnchor": []
    }
  },
  "flows": {
    "flow2_NlbX6S": {
      "toContexts": [
        {
          "toContextId": "context1_CPB3yD"
        },
        {
          "toContextId": "context20_4zxkiP",
          "toModelId": "entry"
        }
      ]
    },
    "flow3_L6GFBX": {
      "fromContextId": "context1_CPB3yD",
      "fromAction": "doAction",
      "fromControlId": "control2_axVtNW",
      "toContexts": [
        {
          "toContextId": "context1_CPB3yD",
          "toModelId": "commission"
        },
        {
          "toContextId": "context4_nyVhNa",
          "toModelId": "leave"
        },
        {
          "toContextId": "context6_wk2SuT",
          "toModelId": "awaybusiness"
        },
        {
          "toContextId": "context3_h3SngD",
          "toModelId": "Quit"
        },
        {
          "toContextId": "context2_yipHVo",
          "toModelId": "Printing"
        },
        {
          "toContextId": "context9_7mrSEm",
          "toModelId": "assetbudget"
        },
        {
          "toContextId": "context12_NhVsKN",
          "toModelId": "assetshandle"
        },
        {
          "toContextId": "context7_o6oRBN",
          "toModelId": "overtime"
        },
        {
          "toContextId": "context8_9ZSEK4",
          "toModelId": "eliminate"
        },
        {
          "toContextId": "context11_mB0Nro",
          "toModelId": "costreimbursement"
        },
        {
          "toContextId": "context5_89gtiq",
          "toModelId": "travel"
        },
        {
          "toContextId": "context14_Nkwmgd",
          "toModelId": "examination_abnormal"
        },
        {
          "toContextId": "context15_flVVrS",
          "toModelId": "contract"
        },
        {
          "toContextId": "context13_FMltEV",
          "toModelId": "probationformal"
        },
        {
          "toContextId": "context16_Kn6Bzh",
          "toModelId": "train"
        },
        {
          "toContextId": "context1_CPB3yD"
        },
        {
          "toContextId": "context18_a7Av8T",
          "toModelId": "creditXYDJSF"
        },
        {
          "toContextId": "context20_4zxkiP",
          "toModelId": "entry"
        },
        {
          "toContextId": "context21_qa2E2Z",
          "toModelId": "recruit"
        },
        {
          "toContextId": "context22_wqZObo",
          "toModelId": "staffspecial"
        }
      ]
    },
    "flow41_DyaOzc": {
      "fromContextId": "context1_CPB3yD",
      "fromAction": "doAction",
      "fromControlId": "control123_yRTV3G",
      "toContexts": [
        {
          "toContextId": "context1_CPB3yD"
        }
      ]
    }
  },
  "pages": {
    "page1_EXifX8": {
      "contextId": "context1_CPB3yD",
      "layout": [
        {
          "id": "uiControl2_Vdb8fD",
          "controlId": "control2_axVtNW",
          "display": {
            "adapterId": "custom",
            "type": "custom",
            "adapter": {
              "templateType": "react",
              "events": {
                "onDoAction": "doAction_uiControl2_Vdb8fD",
                "onGetTemplate": "getTemplate_uiControl2_Vdb8fD"
              }
            }
          }
        },
        {
          "id": "uiControl123_thRRsf",
          "controlId": "control123_yRTV3G",
          "display": {
            "adapterId": "custom",
            "type": "custom",
            "adapter": {
              "templateType": "react",
              "events": {
                "onDoAction": "doAction_uiControl123_thRRsf",
                "onGetTemplate": "getTemplate_uiControl123_thRRsf"
              }
            }
          }
        }
      ]
    }
  },
  "matchers": {
    "page/title": {
      "contexts": {
        "context1_CPB3yD": [
          "首页-中可流程工作台"
        ]
      }
    },
    "page/urls": {
      "contexts": {
        "context1_CPB3yD": [
          "172.16.11.61:8000/Index.aspx?Path=SysLogin",
          "172.16.11.61:8000/Index.aspx"
        ]
      }
    },
    "page/ids": {
      "contexts": {
        "context1_CPB3yD": [
          [
            "DivPerson",
            "DivReport",
            "DivSearch",
            "DivSupport",
            "LiLeave",
            "LiReport",
            "LiVacation",
            "__EVENTARGUMENT",
            "__EVENTTARGET",
            "__LASTFOCUS",
            "__SCROLLPOSITIONX",
            "__SCROLLPOSITIONY",
            "__VIEWSTATE",
            "_myDP",
            "aspnetForm",
            "ctl_lblTaskNum",
            "ctl_rightContent_AspNetPager",
            "ctl_rightContent_DivTime",
            "ctl_rightContent_btnSearch",
            "ctl_rightContent_ddlCategory",
            "ctl_rightContent_ddlProcess",
            "ctl_rightContent_hidPageSize",
            "ctl_rightContent_lblRum",
            "ctl_rightContent_rblStyleC",
            "ctl_rightContent_rblStyleT",
            "ctl_rightContent_rptList_ctl_hidReceiveTime",
            "ctl_rightContent_txtApplicant",
            "ctl_rightContent_txtEndDate",
            "ctl_rightContent_txtFolio",
            "ctl_rightContent_txtStartDate",
            "ctl_rightContent_txtSubject",
            "imgIphone"
          ]
        ]
      }
    },
    "page/classes": {
      "contexts": {
        "context1_CPB3yD": [
          [
            "Wdate",
            "active",
            "advanced-search",
            "anpager",
            "aui_border",
            "aui_buttons",
            "aui_c",
            "aui_close",
            "aui_content",
            "aui_dialog",
            "aui_e",
            "aui_footer",
            "aui_header",
            "aui_icon",
            "aui_iconBg",
            "aui_inner",
            "aui_main",
            "aui_n",
            "aui_ne",
            "aui_nw",
            "aui_outer",
            "aui_s",
            "aui_se",
            "aui_sw",
            "aui_title",
            "aui_titleBar",
            "aui_w",
            "autofit",
            "breadcrumb",
            "btn",
            "container",
            "content",
            "cpb",
            "font-red",
            "footer",
            "form-wrapper",
            "header",
            "hover",
            "icon-angle-right",
            "icon-check",
            "icon-check-empty",
            "icon-comment-alt",
            "icon-home",
            "icon-key",
            "icon-off",
            "icon-pencil",
            "icon-plus",
            "icon-question-sign",
            "icon-search",
            "icon-user",
            "layout-data",
            "layout-form",
            "logo",
            "main",
            "nav-left",
            "nav-main",
            "nav-quick",
            "page-shadow",
            "red",
            "result-list",
            "shadow",
            "size-s",
            "stats",
            "title"
          ],
          [
            "Wdate",
            "active",
            "advanced-search",
            "anpager",
            "aui_border",
            "aui_buttons",
            "aui_c",
            "aui_close",
            "aui_content",
            "aui_dialog",
            "aui_e",
            "aui_footer",
            "aui_header",
            "aui_icon",
            "aui_iconBg",
            "aui_inner",
            "aui_loading",
            "aui_main",
            "aui_n",
            "aui_ne",
            "aui_nw",
            "aui_outer",
            "aui_s",
            "aui_se",
            "aui_state_focus",
            "aui_sw",
            "aui_title",
            "aui_titleBar",
            "aui_w",
            "autofit",
            "breadcrumb",
            "btn",
            "container",
            "content",
            "cpb",
            "font-red",
            "footer",
            "form-wrapper",
            "header",
            "hover",
            "icon-angle-right",
            "icon-check",
            "icon-check-empty",
            "icon-comment-alt",
            "icon-home",
            "icon-key",
            "icon-off",
            "icon-pencil",
            "icon-plus",
            "icon-question-sign",
            "icon-search",
            "icon-user",
            "layout-data",
            "layout-form",
            "logo",
            "main",
            "nav-left",
            "nav-main",
            "nav-quick",
            "page-shadow",
            "red",
            "result-list",
            "shadow",
            "size-s",
            "stats",
            "title"
          ]
        ]
      }
    },
    "page/tagTriplets": {
      "contexts": {
        "context1_CPB3yD": [
          [
            "-/-/DIV",
            "-/-/FORM",
            "-/-/SCRIPT",
            "-/DIV/DIV",
            "-/DIV/IFRAME",
            "-/FORM/DIV",
            "-/FORM/SCRIPT",
            "DIV/A/SPAN",
            "DIV/DIV/A",
            "DIV/DIV/BR",
            "DIV/DIV/DIV",
            "DIV/DIV/H4",
            "DIV/DIV/INPUT-hidden",
            "DIV/DIV/P",
            "DIV/DIV/SPAN",
            "DIV/DIV/TABLE",
            "DIV/DIV/UL",
            "DIV/P/STRONG",
            "DIV/TABLE/TBODY",
            "DIV/UL/BR",
            "DIV/UL/IMG",
            "DIV/UL/LI",
            "FORM/DIV/DIV",
            "FORM/DIV/INPUT-hidden",
            "LI/A/I",
            "LI/A/SPAN",
            "P/STRONG/SPAN",
            "TABLE/TBODY/TR",
            "TBODY/TR/TD",
            "TBODY/TR/TH",
            "TD/BUTTON/I",
            "TD/DIV/A",
            "TD/DIV/DIV",
            "TD/DIV/TABLE",
            "TD/SELECT/OPTION",
            "TD/SPAN/INPUT-submit",
            "TR/TD/A",
            "TR/TD/BR",
            "TR/TD/BUTTON",
            "TR/TD/DIV",
            "TR/TD/INPUT-hidden",
            "TR/TD/INPUT-radio",
            "TR/TD/INPUT-text",
            "TR/TD/LABEL",
            "TR/TD/SELECT",
            "TR/TD/SPAN",
            "UL/LI/A"
          ]
        ]
      }
    }
  }
}